notification_id,job_name,exam_name,department,organization,qualification,age,salary,pay_level,vacancies,state,location,category,application_start,application_end,exam_date,result_date,official_website,official_pdf,apply_link,selection_process,application_fee,status,verification_status,verification_source,verification_timestamp,confidence,priority,notes,tags,first_seen,last_checked,days_left,stage
e49af786dcf3,IIT Dhanbad Assistant Professor Recruitment 2026: Apply Online for 30 Posts | Last Date 31-08-2026,,,IIT Dhanbad Assistant Professor,,,,,30,Jharkhand,Jharkhand,Job,,2026-08-31,,,,,https://www.indgovtjobs.in/2026/07/iit-dhanbad-assistant-professor.html,,,Not Applied,Verified with Official Notification,aggregator:indgovtjobs.in,2026-08-31T06:03:43,0.7,Critical,Found via aggregator - needs official confirmation,"aggregator,indgovtjobs.in,faculty jobs,institute and university jobs,jharkhand jobs",2026-07-23T17:53:51,2026-08-31T06:03:44,0,New
d68adf153509,"National Board of Accreditation Recruitment 2026: Apply for 07 Manager, Director Posts | Last Date 31-08-2026",,,National Board of Accreditation,,,,,,Delhi,Delhi,Job,,2026-08-31,,,,,https://www.indgovtjobs.in/2026/07/national-board-of-accreditation.html,,,Not Applied,Verified with Official Notification,aggregator:indgovtjobs.in,2026-08-31T06:03:43,0.7,Critical,Found via aggregator - needs official confirmation,"aggregator,indgovtjobs.in,delhi jobs,it jobs,manager jobs",2026-07-25T16:51:29,2026-08-31T06:03:44,0,New
78916c91dd84,"Rail Wheel Factory Sports Quota Recruitment 2026: Notification for 15 Posts, Application Form | Last Date 31-08-2026",,,Rail Wheel Factory Sports Quota,,,,,15,Karnataka,Karnataka,Job,,2026-08-31,,,,,https://www.indgovtjobs.in/2026/07/rail-wheel-factory-sports-quota.html,,,Not Applied,Unverified,aggregator:indgovtjobs.in,2026-08-17T07:40:01,0.3,Critical,Found via aggregator - needs official confirmation,"aggregator,indgovtjobs.in,karnataka jobs,railway jobs,sports vacancies",2026-08-08T13:34:14,2026-08-31T06:03:44,0,New
117ca10de7c4,CNCI Specialist and Scientist Recruitment 2026: Apply for 08 Posts | Last Date 31-08-2026,,,CNCI Specialist and Scientist,,,,,08,West Bengal,West Bengal,Job,,2026-08-31,,,,,https://www.indgovtjobs.in/2026/08/cnci-specialist-and-scientist.html,,,Not Applied,Verified with Official Notification,aggregator:indgovtjobs.in,2026-08-18T02:05:46,0.7,Critical,Found via aggregator - needs official confirmation,"aggregator,indgovtjobs.in,medical jobs,scientist jobs,west bengal jobs",2026-08-10T08:20:39,2026-08-31T06:03:44,0,New
97672e96b54b,SBI Clerk Recruitment 2026 – Apply Online for 9766 JA Regular Posts | Last Date 31-08-2026,,,SBI Clerk,,,,,,All India,All India,Job,,2026-08-31,,,,,https://www.indgovtjobs.in/2026/08/sbi-clerk-recruitment.html,,,Not Applied,Unverified,aggregator:indgovtjobs.in,2026-08-12T08:06:58,0.3,Critical,Found via aggregator - needs official confirmation,"aggregator,indgovtjobs.in,bank jobs,clerk jobs",2026-08-11T17:35:23,2026-08-31T06:03:44,0,New
7274fb1573ad,SBI Clerk Recruitment 2026 – Apply Online for 9766 Junior Associate Posts | Last Date 31-08-2026,,,SBI Clerk,,,,,,All India,All India,Job,,2026-08-31,,,,,https://www.indgovtjobs.in/2026/08/sbi-clerk-recruitment.html,,,Not Applied,Verified with Official Notification,aggregator:indgovtjobs.in,2026-08-18T02:05:46,0.7,Critical,Found via aggregator - needs official confirmation,"aggregator,indgovtjobs.in,bank jobs,clerk jobs,new",2026-08-12T14:04:59,2026-08-31T06:03:44,0,New
cadaf54cc210,Indbank Relationship Manager & Dealer Recruitment 2026: Apply for 14 Posts | Last Date 31-08-2026,,,Indbank Relationship Manager & Dealer,,,,,14,All India,All India,Job,,2026-08-31,,,,,https://www.indgovtjobs.in/2026/08/indbank-relationship-manager-dealer.html,,,Not Applied,Verified with Official Notification,aggregator:indgovtjobs.in,2026-08-19T07:28:28,0.7,Critical,Found via aggregator - needs official confirmation,"aggregator,indgovtjobs.in,bank jobs,chennai jobs,finance jobs,manager jobs",2026-08-12T14:04:59,2026-08-31T06:03:44,0,New
f34318b09a9c,GPCB Bank Clerk Recruitment 2026: Apply Online for 13 Posts | Last Date 31-08-2026,,,GPCB Bank Clerk,,,,,13,Gujarat,Gujarat,Job,,2026-08-31,,,,,https://www.indgovtjobs.in/2026/08/gpcb-bank-clerk-recruitment.html,,,Not Applied,Verified with Official Notification,aggregator:indgovtjobs.in,2026-08-20T02:07:21,0.7,Critical,Found via aggregator - needs official confirmation,"aggregator,indgovtjobs.in,bank jobs,clerk jobs,gujarat jobs",2026-08-12T17:36:48,2026-08-31T06:03:44,0,New
109cca454150,NEEPCO Junior Engineer Recruitment 2026 – Apply Online for 07 Posts | Last Date 31-08-2026,,,NEEPCO Junior Engineer,,,,,07,Tripura,Tripura,Job,,2026-08-31,,,,,https://www.indgovtjobs.in/2026/08/neepco-junior-engineer-recruitment.html,,,Not Applied,Verified with Official Notification,aggregator:indgovtjobs.in,2026-08-31T06:03:43,0.7,Critical,Found via aggregator - needs official confirmation,"aggregator,indgovtjobs.in,engineer jobs,tripura jobs",2026-08-12T17:36:48,2026-08-31T06:03:44,0,New
45614d3381af,"Nalanda University Non Teaching Recruitment 2026 – Apply Online for Assistant, Librarian & Engineer Posts | Last Date 31-08-2026",,,Nalanda University Non Teaching,,,,,,Bihar,Bihar,Job,,2026-08-31,,,,,https://www.indgovtjobs.in/2026/08/nalanda-university-non-teaching.html,,,Not Applied,Verified with Official Notification,aggregator:indgovtjobs.in,2026-08-31T06:03:43,0.7,Critical,Found via aggregator - needs official confirmation,"aggregator,indgovtjobs.in,assistants,bihar jobs,engineer jobs,institute and university jobs",2026-08-17T13:28:32,2026-08-31T06:03:44,0,New
86fe278a57fa,SBI Clerk Recruitment 2026 – Apply Online for 9766 Regular & Backlog Posts | Last Date 31-08-2026,,,SBI Clerk,,,,,,All India,All India,Job,,2026-08-31,,,,,https://www.indgovtjobs.in/2026/08/sbi-clerk-recruitment.html,,,Not Applied,Verified with Official Notification,aggregator:indgovtjobs.in,2026-08-31T06:03:43,0.7,Critical,Found via aggregator - needs official confirmation,"aggregator,indgovtjobs.in,bank jobs,clerk jobs",2026-08-18T07:26:44,2026-08-31T06:03:44,0,New
40dfd696fae2,"Rail Wheel Factory Sports Quota Recruitment 2026 – Notification for 15 Posts, Application Form | Last Date 31-08-2026",,,Rail Wheel Factory Sports Quota,,,,,15,Karnataka,Karnataka,Job,,2026-08-31,,,,,https://www.indgovtjobs.in/2026/07/rail-wheel-factory-sports-quota.html,,,Not Applied,Verified with Official Notification,aggregator:indgovtjobs.in,2026-08-31T06:03:43,0.7,Critical,Found via aggregator - needs official confirmation,"aggregator,indgovtjobs.in,karnataka jobs,railway jobs,sports vacancies",2026-08-19T07:27:59,2026-08-31T06:03:44,0,New
06b86d769acc,NCR Prayagraj Apprentice Recruitment 2026 – Apply Online 3205 Posts | Last Date 31-08-2026,,,NCR Prayagraj Apprentice,,,,,3205,All India,All India,Apprenticeship,,2026-08-31,,,,,https://www.indgovtjobs.in/2026/07/ncr-prayagraj-apprentice-recruitment.html,,,Not Applied,Verified with Official Notification,aggregator:indgovtjobs.in,2026-08-28T11:47:13,0.7,Critical,Found via aggregator - needs official confirmation,"aggregator,indgovtjobs.in,apprenticeship training,iti jobs,new,railway jobs",2026-08-20T07:29:57,2026-08-31T06:03:44,0,New
c83323b37564,"South Indian Bank Junior Officer Recruitment 2026 – Notification, Online Form | Last Date 31-08-2026",,,South Indian Bank Junior Officer,,,,,,All India,All India,Job,,2026-08-31,,,,,https://www.indgovtjobs.in/2026/08/south-indian-bank-junior-officer.html,,,Not Applied,Verified with Official Notification,aggregator:indgovtjobs.in,2026-08-31T06:03:43,0.7,Critical,Found via aggregator - needs official confirmation,"aggregator,indgovtjobs.in,bank jobs,officer jobs",2026-08-20T13:34:22,2026-08-31T06:03:44,0,New
882de4770cdd,GPCB Bank Clerk Recruitment 2026 – Apply Online for 13 Posts | Last Date 31-08-2026,,,GPCB Bank Clerk,,,,,13,Gujarat,Gujarat,Job,,2026-08-31,,,,,https://www.indgovtjobs.in/2026/08/gpcb-bank-clerk-recruitment.html,,,Not Applied,Verified with Official Notification,aggregator:indgovtjobs.in,2026-08-31T06:03:43,0.7,Critical,Found via aggregator - needs official confirmation,"aggregator,indgovtjobs.in,bank jobs,clerk jobs,gujarat jobs",2026-08-21T07:31:04,2026-08-31T06:03:44,0,New
7b6bb8d158f1,Indbank Relationship Manager & Dealer Recruitment 2026 – Apply for 14 Posts | Last Date 31-08-2026,,,Indbank Relationship Manager & Dealer,,,,,14,All India,All India,Job,,2026-08-31,,,,,https://www.indgovtjobs.in/2026/08/indbank-relationship-manager-dealer.html,,,Not Applied,Verified with Official Notification,aggregator:indgovtjobs.in,2026-08-31T06:03:43,0.7,Critical,Found via aggregator - needs official confirmation,"aggregator,indgovtjobs.in,bank jobs,chennai jobs,finance jobs,manager jobs",2026-08-21T13:33:23,2026-08-31T06:03:44,0,New
fbc13c590233,"Federal Bank Sales Officer Recruitment 2026 – Notification, Online Form | Last Date 31-08-2026",,,Federal Bank Sales Officer,,,,,,All India,All India,Job,,2026-08-31,,,,,https://www.indgovtjobs.in/2026/08/federal-bank-sales-officer-recruitment.html,,,Not Applied,Verified with Official Notification,aggregator:indgovtjobs.in,2026-08-31T06:03:44,0.7,Critical,Found via aggregator - needs official confirmation,"aggregator,indgovtjobs.in,bank jobs,officer jobs",2026-08-25T13:38:15,2026-08-31T06:03:44,0,New
16a9ec8f3fb1,"NSI Kanpur Young Professional Recruitment 2026 – Notification, Application Form | Last Date 31-08-2026",,,NSI Kanpur Young Professional,,,,,,Uttar Pradesh,Uttar Pradesh,Job,,2026-08-31,,,,,https://www.indgovtjobs.in/2026/08/nsi-kanpur-young-professional.html,,,Not Applied,Verified with Official Notification,aggregator:indgovtjobs.in,2026-08-31T06:03:43,0.7,Critical,Found via aggregator - needs official confirmation,"aggregator,indgovtjobs.in,institute and university jobs,uttar pradesh jobs,young professionals",2026-08-28T11:46:44,2026-08-31T06:03:44,0,New
e931e895198d,"GMDC IT Professional Recruitment 2026: Notification, Online Form | Last Date 02-09-2026",,,GMDC IT Professional,,,,,,Gujarat,Gujarat,Job,,2026-09-02,,,,,https://www.indgovtjobs.in/2026/08/gmdc-it-professional-recruitment.html,,,Not Applied,Verified with Official Notification,aggregator:indgovtjobs.in,2026-08-19T07:28:28,0.7,Critical,Found via aggregator - needs official confirmation,"aggregator,indgovtjobs.in,engineer jobs,gujarat jobs,it jobs,manager jobs",2026-08-12T14:04:59,2026-08-31T06:03:44,2,New
1bbfb7950de0,"IOCL Executive Recruitment through CBT 2026 – Apply Online for Engineer, Officer & Law Posts | Last Date 03-09-2026",,,IOCL Executive,,,,,,All India,All India,Job,,2026-09-03,,,,,https://www.indgovtjobs.in/2026/08/iocl-executive-recruitment-through-cbt.html,,,Not Applied,Unverified,aggregator:indgovtjobs.in,2026-08-16T13:17:03,0.3,Critical,Found via aggregator - needs official confirmation,"aggregator,indgovtjobs.in,engineer jobs,iocl,law,officer jobs",2026-08-15T07:13:58,2026-08-31T06:03:44,3,New
02670d1539d5,"IOCL Executive Recruitment through CBT 2026 – Apply Online for 470 Engineer, Officer & Law Posts | Last Date 03-09-2026",,,IOCL Executive,,,,,,All India,All India,Job,,2026-09-03,,,,,https://www.indgovtjobs.in/2026/08/iocl-executive-recruitment-through-cbt.html,,,Not Applied,Verified with Official Notification,aggregator:indgovtjobs.in,2026-08-31T06:03:43,0.7,Critical,Found via aggregator - needs official confirmation,"aggregator,indgovtjobs.in,engineer jobs,iocl,law,new",2026-08-16T16:58:13,2026-08-31T06:03:44,3,New
208fa166612f,BEL Ghaziabad Deputy Engineer Recruitment 2026 – Apply Online for 02 Posts | Last Date 04-09-2026,,,BEL Ghaziabad Deputy Engineer,,,,,02,All India,All India,Job,,2026-09-04,,,,,https://www.indgovtjobs.in/2026/08/bel-ghaziabad-deputy-engineer.html,,,Not Applied,Verified with Official Notification,aggregator:indgovtjobs.in,2026-08-30T17:02:23,0.7,High,Found via aggregator - needs official confirmation,"aggregator,indgovtjobs.in,bel jobs,engineer jobs",2026-08-12T14:04:59,2026-08-31T06:03:44,4,New
72c84a866d05,"IIT Bombay Advertisement No.02/2026 – Apply Online for 27 Technical, Officer, Nursing & Other Posts | Last Date 04-09-2026",,,IIT Bombay Advertisement No.02/2026 – Apply Online for 27 Te,,,,,,All India,All India,Job,,2026-09-04,,,,,https://www.indgovtjobs.in/2026/08/iit-bombay-advertisement-no-02-2026.html,,,Not Applied,Verified with Official Notification,aggregator:indgovtjobs.in,2026-08-29T07:24:35,0.7,High,Found via aggregator - needs official confirmation,"aggregator,indgovtjobs.in,institute and university jobs,iti jobs,mumbai jobs,nurse jobs",2026-08-15T16:58:00,2026-08-31T06:03:44,4,New
889e6587c0f7,ISRO LPSC Advertisement No. LPSC/02/2026 – Apply Online for 19 Posts | Last Date 04-09-2026,,"Liquid Propulsion Systems Centre (LPSC) , Valiamala",ISRO LPSC Advertisement No. LPSC/02/2026 – Apply Online for ,,,,,19,Kerala,Kerala,Job,2026-08-18,2026-09-04,,,https://www.isro.gov.in/ViewAllOpportunities.html,,https://www.indgovtjobs.in/2026/08/isro-lpsc-advertisement-no-lpsc-02-2026.html,,,Not Applied,Verified with Official Notification,aggregator:indgovtjobs.in,2026-08-31T06:03:44,0.7,High,Found via aggregator - needs official confirmation,"aggregator,indgovtjobs.in,assistants,fireman,isro jobs,kerala jobs",2026-08-15T16:58:00,2026-08-31T06:03:44,4,New
412a2b1266a7,UPSC Advertisement No.10/2026 – Apply Online for 34 Posts | Last Date 04-09-2026,,,UPSC Advertisement No.10/2026 – Apply Online for 34 Posts | ,,,,,34,All India,All India,Job,,2026-09-04,,,,,https://www.indgovtjobs.in/2026/08/upsc-advertisement-no-10-2026.html,,,Not Applied,Verified with Official Notification,aggregator:indgovtjobs.in,2026-08-31T06:03:44,0.7,High,Found via aggregator - needs official confirmation,"aggregator,indgovtjobs.in,assistants,engineer jobs,new,officer jobs",2026-08-19T07:27:59,2026-08-31T06:03:44,4,New
fd6ba78168ce,MTPF Ambarnath Apprentice Recruitment 2026 – Apply Offline for 48 Posts | Last date 04-09-2026,,,MTPF Ambarnath Apprentice,,,,,48,Maharashtra,Maharashtra,Apprenticeship,,2026-09-04,,,,,https://www.indgovtjobs.in/2026/08/mtpf-ambarnath-apprentice-recruitment.html,,,Not Applied,Verified with Official Notification,aggregator:indgovtjobs.in,2026-08-31T06:03:44,0.7,High,Found via aggregator - needs official confirmation,"aggregator,indgovtjobs.in,apprenticeship training,diploma jobs,engineer jobs,maharashtra jobs",2026-08-24T13:38:35,2026-08-31T06:03:44,4,New
c418e7cd2400,GIPCL Diploma Mechanical Engineer Vacancy 2026 – Apply Online for 07 Posts | Last Date 04-09-2026,,,GIPCL Diploma Mechanical Engineer,,,,,07,Gujarat,Gujarat,Job,,2026-09-04,,,,,https://www.indgovtjobs.in/2026/08/gipcl-diploma-mechanical-engineer.html,,,Not Applied,Verified with Official Notification,aggregator:indgovtjobs.in,2026-08-31T06:03:44,0.7,High,Found via aggregator - needs official confirmation,"aggregator,indgovtjobs.in,diploma jobs,engineer jobs,gujarat jobs",2026-08-26T07:34:31,2026-08-31T06:03:44,4,New
fc4af835cf16,"Eastern Railway Scouts and Guides Quota 2026: 15 Posts, Notification, Online Form | Last Date 06-09-2026",,,"Eastern Railway Scouts and Guides Quota 2026: 15 Posts, Noti",,,,,15,All India,All India,Job,,2026-09-06,,,,,https://www.indgovtjobs.in/2026/08/eastern-railway-scouts-and-guides-quota.html,,,Not Applied,Verified with Official Notification,aggregator:indgovtjobs.in,2026-08-26T18:23:08,0.7,High,Found via aggregator - needs official confirmation,"aggregator,indgovtjobs.in,railway jobs",2026-08-08T13:34:14,2026-08-31T06:03:44,6,New
f61df1ff1a0f,Karnataka School Education Recruitment 2026 – Apply Online for 15000+ Teacher Posts | Last Date 07-09-2026,,,Karnataka School Education,,,,,,Karnataka,Karnataka,Job,,2026-09-07,,,,,https://www.indgovtjobs.in/2026/08/karnataka-school-education-recruitment.html,,,Not Applied,Verified with Official Notification,aggregator:indgovtjobs.in,2026-08-28T11:47:13,0.7,High,Found via aggregator - needs official confirmation,"aggregator,indgovtjobs.in,karnataka jobs,teacher jobs",2026-08-12T14:04:59,2026-08-31T06:03:44,7,New
bb50e6decece,Integral Coach Factory (ICF) Apprentice Recruitment 2026 – Apply Online for 1010 Posts | Last Date 07-09-2026,,,Integral Coach Factory (ICF) Apprentice,,,,,1010,All India,All India,Apprenticeship,,2026-09-07,,,,,https://www.indgovtjobs.in/2026/08/integral-coach-factory-icf-apprentice.html,,,Not Applied,Verified with Official Notification,aggregator:indgovtjobs.in,2026-08-20T13:35:19,0.7,High,Found via aggregator - needs official confirmation,"aggregator,indgovtjobs.in,apprenticeship training,chennai jobs,iti jobs",2026-08-14T14:01:11,2026-08-31T06:03:44,7,New
0721028d6a24,Nainital Bank Specialist Officer Recruitment 2026 – Apply Online for 41 Posts | Last Date 07-09-2026,,,Nainital Bank Specialist Officer,,,,,41,All India,All India,Job,,2026-09-07,,,,,https://www.indgovtjobs.in/2026/08/nainital-bank-specialist-officer.html,,,Not Applied,Verified with Official Notification,aggregator:indgovtjobs.in,2026-08-30T17:02:23,0.7,High,Found via aggregator - needs official confirmation,"aggregator,indgovtjobs.in,bank jobs,it jobs,law,officer jobs",2026-08-17T02:11:03,2026-08-31T06:03:44,7,New
2f6159141d8c,BHEL FTA Supervisor Vacancy 2026 Apply Online for 10 Posts | Last Date 07-09-2026,,,BHEL FTA Supervisor,,,,,10,All India,All India,Job,,2026-09-07,,,,,https://www.indgovtjobs.in/2026/08/bhel-fta-supervisor-vacancy.html,,,Not Applied,Verified with Official Notification,aggregator:indgovtjobs.in,2026-08-26T02:17:19,0.7,High,Found via aggregator - needs official confirmation,"aggregator,indgovtjobs.in,bhel jobs,diploma jobs,engineer jobs",2026-08-18T13:31:10,2026-08-31T06:03:44,7,New
eb9b275bf808,Bank of Baroda Local Bank Officer Recruitment 2026 – Apply Online for 2482 Posts | Last Date 07-09-2026,,,Bank of Baroda Local Bank Officer,,,,,2482,All India,All India,Job,,2026-09-07,,,,,https://www.indgovtjobs.in/2026/08/bank-of-baroda-local-bank-officer.html,,,Not Applied,Verified with Official Notification,aggregator:indgovtjobs.in,2026-08-30T17:02:23,0.7,High,Found via aggregator - needs official confirmation,"aggregator,indgovtjobs.in,bank jobs,new,officer jobs",2026-08-18T17:05:06,2026-08-31T06:03:44,7,New
ff52dd59e673,"CPCB Recruitment Advt No 02 2026 – Apply Online for Scientist, Assistant, DEO & Other Posts | Last Date 07-09-2026",,,CPCB,,,,,,Delhi,Delhi,Job,,2026-09-07,,,,,https://www.indgovtjobs.in/2026/08/cpcb-recruitment-advt-no-02-2026.html,,,Not Applied,Verified with Official Notification,aggregator:indgovtjobs.in,2026-08-29T16:57:24,0.7,High,Found via aggregator - needs official confirmation,"aggregator,indgovtjobs.in,assistants,data entry jobs,delhi jobs,scientist jobs",2026-08-21T07:31:04,2026-08-31T06:03:44,7,New
48aa63813e89,"CPCB Recruitment 2026 – Apply Online for 51 Scientist, Assistant, DEO & Other Posts | Last Date 07-09-2026",,,CPCB,,,,,,Delhi,Delhi,Job,,2026-09-07,,,,,https://www.indgovtjobs.in/2026/08/cpcb-recruitment-advt-no-02-2026.html,,,Not Applied,Verified with Official Notification,aggregator:indgovtjobs.in,2026-08-31T06:03:43,0.7,High,Found via aggregator - needs official confirmation,"aggregator,indgovtjobs.in,assistants,data entry jobs,delhi jobs,scientist jobs",2026-08-30T05:47:40,2026-08-31T06:03:44,7,New
f6e85fcbd800,BEML Apprentice Recruitment 2026 – Apply Online for 1346 Posts | Last Date 08-09-2026,,,BEML Apprentice,,,,,1346,Karnataka,Karnataka,Apprenticeship,,2026-09-08,,,,,https://www.indgovtjobs.in/2026/08/beml-apprentice-recruitment.html,,,Not Applied,Verified with Official Notification,aggregator:indgovtjobs.in,2026-08-31T06:03:44,0.7,Medium,Found via aggregator - needs official confirmation,"aggregator,indgovtjobs.in,apprenticeship training,beml jobs,diploma jobs,engineer jobs",2026-08-20T07:29:57,2026-08-31T06:03:44,8,New
9affef366950,KRCL Executive Engineer Recruitment 2026 – Apply for 05 Posts | Last Date 08-09-2026,,,KRCL Executive Engineer,,,,,05,All India,All India,Job,,2026-09-08,,,,,https://www.indgovtjobs.in/2026/08/krcl-executive-engineer-recruitment.html,,,Not Applied,Verified with Official Notification,aggregator:indgovtjobs.in,2026-08-29T07:24:35,0.7,Medium,Found via aggregator - needs official confirmation,"aggregator,indgovtjobs.in,engineer jobs,railway jobs",2026-08-21T17:08:31,2026-08-31T06:03:44,8,New
986de7b9214d,CCRS Recruitment 2026: Apply for Clerk & Social Worker Posts | Last Date 09-09-2026,,,CCRS,,,,,,All India,All India,Job,,2026-09-09,,,,,https://www.indgovtjobs.in/2026/07/CCRS-Recruitment.html,,,Not Applied,Unverified,aggregator:indgovtjobs.in,2026-08-04T09:28:37,0.3,Medium,Found via aggregator - needs official confirmation,"aggregator,indgovtjobs.in,chennai jobs,clerk jobs,siddha jobs",2026-07-13T20:20:19,2026-08-31T06:03:44,9,New
f8237826a570,TNPSC Group 2 2A Notification 2026 – Apply Online for 821 Various Posts | Last Date 09-09-2026,,,TNPSC Group 2 2A Notification 2026 – Apply Online for 821 Va,,,,,,Tamil Nadu,Tamil Nadu,Job,,2026-09-09,,,,,https://www.indgovtjobs.in/2026/08/tnpsc-group-2-2a-notification.html,,,Not Applied,Verified with Official Notification,aggregator:indgovtjobs.in,2026-08-19T07:28:28,0.7,Medium,Found via aggregator - needs official confirmation,"aggregator,indgovtjobs.in,assistants,officer jobs,police jobs,tamil nadu jobs",2026-08-12T14:04:59,2026-08-31T06:03:44,9,New
fa8866dc794e,KRIBHCO Recruitment 2026 – Apply Online for Senior Manager & Junior Accounts Assistant Posts | Last Date 10-09-2026,,,KRIBHCO,,,,,,Gujarat,Gujarat,Job,,2026-09-10,,,,,https://www.indgovtjobs.in/2026/08/kribhco-recruitment.html,,,Not Applied,Verified with Official Notification,aggregator:indgovtjobs.in,2026-08-18T13:31:39,0.7,Medium,Found via aggregator - needs official confirmation,"aggregator,indgovtjobs.in,assistants,gujarat jobs,manager jobs,uttar pradesh jobs",2026-08-11T07:53:19,2026-08-31T06:03:44,10,New
3e6c437f9952,POWERGRID Apprentice Recruitment 2026 - Apply Online for 270 Posts | Last Date 10-09-2026,,,POWERGRID Apprentice,,,,,270,All India,All India,Apprenticeship,,2026-09-10,,,,,https://www.indgovtjobs.in/2026/08/powergrid-apprentice-recruitment.html,,,Not Applied,Verified with Official Notification,aggregator:indgovtjobs.in,2026-08-31T06:03:44,0.7,Medium,Found via aggregator - needs official confirmation,"aggregator,indgovtjobs.in,apprenticeship training,power corp jobs",2026-08-24T13:38:35,2026-08-31T06:03:44,10,New
af8e1f01ea7d,BRIC-NIAB Scientist-B & Farm Manager Recruitment 2026 – Apply Online for 02 Posts | Last Date 11-09-2026,,,BRIC-NIAB Scientist-B & Farm Manager,,,,,02,Telangana,Telangana,Job,,2026-09-11,,,,,https://www.indgovtjobs.in/2026/08/bric-niab-scientist-b-farm-manager.html,,,Not Applied,Verified with Official Notification,aggregator:indgovtjobs.in,2026-08-18T13:31:39,0.7,Medium,Found via aggregator - needs official confirmation,"aggregator,indgovtjobs.in,manager jobs,scientist jobs,telangana jobs",2026-08-11T07:53:19,2026-08-31T06:03:44,11,New
8b00b109c011,High Court of Karnataka Assistant Recruitment 2026: Apply Online for 18 Posts | Last Date 11-09-2026,,,High Court of Karnataka Assistant,,,,,18,Karnataka,Karnataka,Job,,2026-09-11,,,,,https://www.indgovtjobs.in/2026/08/high-court-of-karnataka-assistant.html,,,Not Applied,Verified with Official Notification,aggregator:indgovtjobs.in,2026-08-20T02:07:21,0.7,Medium,Found via aggregator - needs official confirmation,"aggregator,indgovtjobs.in,assistants,high court vacancies,karnataka jobs",2026-08-12T17:36:48,2026-08-31T06:03:44,11,New
1dc603a28cd7,CPCL Junior Engineering Assistant Recruitment 2026 – Apply Online for 60 Posts | Last Date 11-09-2026,,,CPCL Junior Engineering Assistant,,,,,60,Tamil Nadu,Tamil Nadu,Job,,2026-09-11,,,,,https://www.indgovtjobs.in/2026/08/cpcl-junior-engineering-assistant.html,,,Not Applied,Verified with Official Notification,aggregator:indgovtjobs.in,2026-08-31T06:03:44,0.7,Medium,Found via aggregator - needs official confirmation,"aggregator,indgovtjobs.in,chennai jobs,diploma jobs,engineer jobs,tamil nadu jobs",2026-08-14T08:04:38,2026-08-31T06:03:44,11,New
468ea242481a,"UPSC EPFO APFC Recruitment 2026 – Apply Online for 80 Posts, Short Notification OUT | Last Date 11-09-2026",,,UPSC EPFO APFC,,,,,80,All India,All India,Job,,2026-09-11,,,,,https://www.indgovtjobs.in/2026/08/upsc-epfo-apfc-recruitment.html,,,Not Applied,Verified with Official Notification,aggregator:indgovtjobs.in,2026-08-24T02:14:56,0.7,Medium,Found via aggregator - needs official confirmation,"aggregator,indgovtjobs.in,officer jobs,upcoming,upsc notifications",2026-08-19T13:32:26,2026-08-31T06:03:44,11,New
924c4e0551da,UPSC EPFO APFC Recruitment 2026 – Apply Online for 80 Posts | Last Date 11-09-2026,,,UPSC EPFO APFC,,,,,80,All India,All India,Job,,2026-09-11,,,,,https://www.indgovtjobs.in/2026/08/upsc-epfo-apfc-recruitment.html,,,Not Applied,Verified with Official Notification,aggregator:indgovtjobs.in,2026-08-31T06:03:44,0.7,Medium,Found via aggregator - needs official confirmation,"aggregator,indgovtjobs.in,new,officer jobs,upsc notifications",2026-08-24T07:46:36,2026-08-31T06:03:44,11,New
ec07a7019bba,"NCRTC Assistant Manager Civil Recruitment 2026 – Apply Online, Notification | Last Date 12-09-2026",,,NCRTC Assistant Manager Civil,,,,,,Delhi,Delhi,Job,,2026-09-12,,,,,https://www.indgovtjobs.in/2026/08/ncrtc-assistant-manager-civil.html,,,Not Applied,Verified with Official Notification,aggregator:indgovtjobs.in,2026-08-22T07:17:16,0.7,Medium,Found via aggregator - needs official confirmation,"aggregator,indgovtjobs.in,delhi jobs,engineer jobs,manager jobs",2026-08-15T16:58:00,2026-08-31T06:03:44,12,New
2cc9a17da220,Sainik School Jhunjhunu Recruitment 2026 – Apply for 18 Various Regular & Contractual Posts | Last Date 12-09-2026,,,Sainik School Jhunjhunu,,,,,,Rajasthan,Rajasthan,Job,,2026-09-12,,,,,https://www.indgovtjobs.in/2026/08/sainik-school-jhunjhunu-recruitment.html,,,Not Applied,Verified with Official Notification,aggregator:indgovtjobs.in,2026-08-31T06:03:44,0.7,Medium,Found via aggregator - needs official confirmation,"aggregator,indgovtjobs.in,assistants,clerk jobs,driver jobs,nurse jobs",2026-08-26T13:43:02,2026-08-31T06:03:44,12,New
189b81d6b3f6,RRB JE Recruitment 2026 – Notification for 4098 Posts | Last Date 13-09-2026,,,RRB JE,,,,,4098,All India,All India,Job,,2026-09-13,,,,,https://www.indgovtjobs.in/2026/07/RRB-JE-Recruitment.html,,,Not Applied,Unverified,aggregator:indgovtjobs.in,2026-08-13T03:15:18,0.3,Medium,Found via aggregator - needs official confirmation,"aggregator,indgovtjobs.in,engineer jobs,railway jobs,upcoming",2026-08-05T18:12:23,2026-08-31T06:03:44,13,New
7f8d3109bcfb,CSIR CMERI Technician Recruitment 2026 – Apply Online for 27 Posts | Last Date 13-09-2026,,,CSIR CMERI Technician,,,,,27,All India,All India,Job,,2026-09-13,,,,,https://www.indgovtjobs.in/2026/07/csir-cmeri-technician-recruitment.html,,,Not Applied,Verified with Official Notification,aggregator:indgovtjobs.in,2026-08-20T02:07:21,0.7,Medium,Found via aggregator - needs official confirmation,"aggregator,indgovtjobs.in,csir,iti jobs,technician jobs",2026-08-13T08:08:16,2026-08-31T06:03:44,13,New
7da175894a3b,RRB JE Recruitment 2026 – Apply Online for 3993 Posts | Last Date 13-09-2026,,,RRB JE,,,,,3993,All India,All India,Job,,2026-09-13,,,,,https://www.indgovtjobs.in/2026/07/RRB-JE-Recruitment.html,,,Not Applied,Verified with Official Notification,aggregator:indgovtjobs.in,2026-08-20T02:07:21,0.7,Medium,Found via aggregator - needs official confirmation,"aggregator,indgovtjobs.in,engineer jobs,new,railway jobs",2026-08-14T08:04:38,2026-08-31T06:03:44,13,New
c9ddd40c1e5d,RCI Hyderabad JRF & RA Recruitment 2026 – Apply for 21 Research Posts | Last Date 13-09-2026,,,RCI Hyderabad JRF & RA,,,,,,Telangana,Telangana,Job,,2026-09-13,,,,,https://www.indgovtjobs.in/2026/08/rci-hyderabad-jrf-ra-recruitment-2026.html,,,Not Applied,Verified with Official Notification,aggregator:indgovtjobs.in,2026-08-21T13:34:02,0.7,Medium,Found via aggregator - needs official confirmation,"aggregator,indgovtjobs.in,defence jobs,hyderabad jobs,research jobs",2026-08-15T13:15:22,2026-08-31T06:03:44,13,New
7bac45be95b8,RRB JE Recruitment 2026 – Apply Online for 4029 Posts | Last Date 13-09-2026,,,RRB JE,,,,,4029,All India,All India,Job,,2026-09-13,,,,,https://www.indgovtjobs.in/2026/07/RRB-JE-Recruitment.html,,,Not Applied,Verified with Official Notification,aggregator:indgovtjobs.in,2026-08-31T06:03:44,0.7,Medium,Found via aggregator - needs official confirmation,"aggregator,indgovtjobs.in,engineer jobs,new,railway jobs",2026-08-20T07:29:57,2026-08-31T06:03:44,13,New
120236cda9a5,RCI Hyderabad JRF & RA Recruitment 2026 – Apply for 21 Posts | Last Date 13-09-2026,,,RCI Hyderabad JRF & RA,,,,,21,Telangana,Telangana,Job,,2026-09-13,,,,,https://www.indgovtjobs.in/2026/08/rci-hyderabad-jrf-ra-recruitment-2026.html,,,Not Applied,Verified with Official Notification,aggregator:indgovtjobs.in,2026-08-31T06:03:44,0.7,Medium,Found via aggregator - needs official confirmation,"aggregator,indgovtjobs.in,defence jobs,hyderabad jobs,research jobs",2026-08-28T11:46:44,2026-08-31T06:03:44,13,New
3f1856619432,RSSB Junior Engineer Recruitment 2026 – Apply Online for 874 Posts | Last date 14-09-2026,,,RSSB Junior Engineer,,,,,874,Rajasthan,Rajasthan,Job,,2026-09-14,,,,,https://www.indgovtjobs.in/2026/08/rssb-junior-engineer-recruitment.html,,,Not Applied,Verified with Official Notification,aggregator:indgovtjobs.in,2026-08-24T07:48:33,0.7,Medium,Found via aggregator - needs official confirmation,"aggregator,indgovtjobs.in,diploma jobs,engineer jobs,rajasthan jobs",2026-08-16T16:58:13,2026-08-31T06:03:44,14,New
5ae78f6a7410,BEL Havildar Security Recruitment 2026 Apply Online for 05 Posts | Last Date 14-09-2026,,,BEL Havildar Security,,,,,05,All India,All India,Job,,2026-09-14,,,,,https://www.indgovtjobs.in/2026/08/bel-havildar-security-recruitment-2026.html,,,Not Applied,Verified with Official Notification,aggregator:indgovtjobs.in,2026-08-31T06:03:44,0.7,Medium,Found via aggregator - needs official confirmation,"aggregator,indgovtjobs.in,bel jobs,security jobs",2026-08-25T07:35:33,2026-08-31T06:03:44,14,New
fbc45ed22244,Indian Overseas Bank Security Guard Recruitment 2026 – Apply Online for 25 Posts | Last Date 14-09-2026,,,Indian Overseas Bank Security Guard,,,,,25,Tamil Nadu,Tamil Nadu,Job,,2026-09-14,,,,,https://www.indgovtjobs.in/2026/08/indian-overseas-bank-security-guard.html,,,Not Applied,Verified with Official Notification,aggregator:indgovtjobs.in,2026-08-31T06:03:43,0.7,Medium,Found via aggregator - needs official confirmation,"aggregator,indgovtjobs.in,bank jobs,chennai jobs,ex-serviceman jobs,security jobs",2026-08-25T13:38:15,2026-08-31T06:03:44,14,New
e4f6df539820,Income Tax Pune Sports Quota Recruitment 2026 – Apply Online for 85 Posts | Last Date 15-09-2026,,,Income Tax Pune Sports Quota,,,,,85,Maharashtra,Maharashtra,Job,,2026-09-15,,,,,https://www.indgovtjobs.in/2026/08/income-tax-pune-sports-quota.html,,,Not Applied,Verified with Official Notification,aggregator:indgovtjobs.in,2026-08-31T06:03:43,0.7,Medium,Found via aggregator - needs official confirmation,"aggregator,indgovtjobs.in,assistants,income tax jobs,mts,pune jobs",2026-08-15T07:13:58,2026-08-31T06:03:44,15,New
310652e4b082,"CCI Advertisement No CO/03/2026: Apply for Engineer, Officer & Analyst Posts | Last Date 15-09-2026",,,"CCI Advertisement No CO/03/2026: Apply for Engineer, Officer",,,,,,All India,All India,Job,,2026-09-15,,,,,https://www.indgovtjobs.in/2026/08/cci-advertisement-no-co-03-2026.html,,,Not Applied,Verified with Official Notification,aggregator:indgovtjobs.in,2026-08-31T06:03:43,0.7,Medium,Found via aggregator - needs official confirmation,"aggregator,indgovtjobs.in,engineer jobs,finance jobs,law,officer jobs",2026-08-15T07:13:58,2026-08-31T06:03:44,15,New
aff88311c7fd,MP High Court Assistant Recruitment 2026 – Apply Online for 1174 Posts | Last Date 15-09-2026,,,MP High Court Assistant,,,,,1174,Madhya Pradesh,Madhya Pradesh,Job,,2026-09-15,,,,,https://www.indgovtjobs.in/2026/08/mp-high-court-assistant-recruitment.html,,,Not Applied,Verified with Official Notification,aggregator:indgovtjobs.in,2026-08-24T07:48:33,0.7,Medium,Found via aggregator - needs official confirmation,"aggregator,indgovtjobs.in,assistants,high court vacancies,madhya pradesh jobs",2026-08-16T16:58:13,2026-08-31T06:03:44,15,New
6af9b4b35408,East Coast Railway Apprentice Recruitment 2026 – Apply Online for 1599 Posts | Last Date 15-09-2026,,,East Coast Railway Apprentice,,,,,1599,All India,All India,Apprenticeship,,2026-09-15,,,,,https://www.indgovtjobs.in/2026/08/east-coast-railway-apprentice.html,,,Not Applied,Verified with Official Notification,aggregator:indgovtjobs.in,2026-08-31T06:03:44,0.7,Medium,Found via aggregator - needs official confirmation,"aggregator,indgovtjobs.in,apprenticeship training,iti jobs,new,railway jobs",2026-08-24T13:38:35,2026-08-31T06:03:44,15,New
3f4b8a884247,IIIT Vadodara Assistant Professor Recruitment 2026 – Apply Online for 25 Posts | Last Date 15-09-2026,,,IIIT Vadodara Assistant Professor,,,,,25,Gujarat,Gujarat,Job,,2026-09-15,,,,,https://www.indgovtjobs.in/2026/08/iiit-vadodara-assistant-professor.html,,,Not Applied,Verified with Official Notification,aggregator:indgovtjobs.in,2026-08-31T06:03:44,0.7,Medium,Found via aggregator - needs official confirmation,"aggregator,indgovtjobs.in,faculty jobs,gujarat jobs,institute and university jobs",2026-08-26T13:43:02,2026-08-31T06:03:44,15,New
98d42aacd04c,IOB Generalist SO Recruitment 2026 – Apply Online for 291 Posts | Last Date 15-09-2026,,,IOB Generalist SO,,,,,291,All India,All India,Job,,2026-09-15,,,,,https://www.indgovtjobs.in/2026/08/iob-generalist-so-recruitment.html,,,Not Applied,Verified with Official Notification,aggregator:indgovtjobs.in,2026-08-31T06:03:43,0.7,Medium,Found via aggregator - needs official confirmation,"aggregator,indgovtjobs.in,bank jobs,new,officer jobs",2026-08-31T06:03:13,2026-08-31T06:03:44,15,New
db0319aff987,AAI Northern Region Apprentice Recruitment 2026 – Apply Online for 205 Posts | Last Date 16-09-2026,,,AAI Northern Region Apprentice,,,,,205,All India,All India,Apprenticeship,,2026-09-16,,,,,https://www.indgovtjobs.in/2026/08/aai-northern-region-apprentice.html,,,Not Applied,Verified with Official Notification,aggregator:indgovtjobs.in,2026-08-31T06:03:43,0.7,Medium,Found via aggregator - needs official confirmation,"aggregator,indgovtjobs.in,airport jobs,apprenticeship training,diploma jobs,engineer jobs",2026-08-17T13:28:32,2026-08-31T06:03:44,16,New
e53f33c5fdbf,ISRO ISRO:ICRB:03(EMC):2026: Inviting applications for the post of Scientist/Engineer ‘SC’,,Centralised Recruitment (ICRB),ISRO,,,,,,All India,Centralised Recruitment (ICRB),Job,2026-08-27,2026-09-16,,,https://www.isro.gov.in/ViewAllOpportunities.html,,https://www.isro.gov.in/ViewAllOpportunities.html,,,Not Applied,Verified with Official Website,official:isro.gov.in,2026-08-31T06:03:42,0.85,Medium,Advertisement ISRO:ICRB:03(EMC):2026,"isro,space,central",2026-08-27T22:29:47,2026-08-31T06:03:44,16,New
19e6616a76ed,ISRO ICRB Scientist Engineer SC Recruitment 2026 – Apply Online for 175 Posts | Last Date 16-09-2026,,,ISRO ICRB Scientist Engineer SC,,,,,175,All India,All India,Job,,2026-09-16,,,,,https://www.indgovtjobs.in/2026/08/isro-icrb-scientist-engineer-sc.html,,,Not Applied,Verified with Official Notification,aggregator:indgovtjobs.in,2026-08-31T06:03:43,0.7,Medium,Found via aggregator - needs official confirmation,"aggregator,indgovtjobs.in,engineer jobs,isro jobs,new,scientist jobs",2026-08-28T11:46:44,2026-08-31T06:03:44,16,New
7581d26c3b2a,CSIR Technician Recruitment 2026 – Apply Online for 43 Posts | Last Date 17-09-2026,,,CSIR Technician,,,,,43,All India,All India,Job,,2026-09-17,,,,,https://www.indgovtjobs.in/2026/08/csir-technician-recruitment.html,,,Not Applied,Verified with Official Notification,aggregator:indgovtjobs.in,2026-08-31T06:03:43,0.7,Medium,Found via aggregator - needs official confirmation,"aggregator,indgovtjobs.in,csir,iti jobs,technician jobs",2026-08-18T07:26:44,2026-08-31T06:03:44,17,New
034d9dbc95d2,UCO Bank IT Specialist Officer Recruitment 2026 – Apply Online for 20 Posts | Last Date 18-09-2026,,,UCO Bank IT Specialist Officer,,,,,20,All India,All India,Job,,2026-09-18,,,,,https://www.indgovtjobs.in/2026/08/uco-bank-it-specialist-officer.html,,,Not Applied,Verified with Official Notification,aggregator:indgovtjobs.in,2026-08-31T06:03:43,0.7,Medium,Found via aggregator - needs official confirmation,"aggregator,indgovtjobs.in,bank jobs,it jobs,officer jobs",2026-08-31T06:03:13,2026-08-31T06:03:44,18,New
820bd9f09466,North Central Railway Cultural Quota Recruitment 2026 – Apply Online for 02 Posts | Last Date 19-09-2026,,,North Central Railway Cultural Quota,,,,,02,All India,All India,Job,,2026-09-19,,,,,https://www.indgovtjobs.in/2026/08/north-central-railway-cultural-quota.html,,,Not Applied,Verified with Official Notification,aggregator:indgovtjobs.in,2026-08-28T11:47:13,0.7,Medium,Found via aggregator - needs official confirmation,"aggregator,indgovtjobs.in,cultural jobs,railway jobs",2026-08-20T07:29:57,2026-08-31T06:03:44,19,New
6d088c731811,"Sahitya Akademi Recruitment 2026 – Apply Online for 30 Deputy Secretary, Assistant, Clerk & Other Posts | Last Date 21-09-2026",,,Sahitya Akademi,,,,,,Delhi,Delhi,Job,,2026-09-21,,,,,https://www.indgovtjobs.in/2026/08/sahitya-akademi-recruitment.html,,,Not Applied,Verified with Official Notification,aggregator:indgovtjobs.in,2026-08-25T07:37:34,0.7,Medium,Found via aggregator - needs official confirmation,"aggregator,indgovtjobs.in,assistants,bangalore jobs,chennai jobs,clerk jobs",2026-08-21T07:31:04,2026-08-31T06:03:44,21,New
f152cf569be2,"Sahitya Akademi Recruitment 2026 Apply for 30 Deputy Secretary, Assistant, Clerk & Other Posts | Last Date 21-09-2026",,,Sahitya Akademi,,,,,,Delhi,Delhi,Job,,2026-09-21,,,,,https://www.indgovtjobs.in/2026/08/sahitya-akademi-recruitment.html,,,Not Applied,Verified with Official Notification,aggregator:indgovtjobs.in,2026-08-31T06:03:44,0.7,Medium,Found via aggregator - needs official confirmation,"aggregator,indgovtjobs.in,assistants,bangalore jobs,chennai jobs,clerk jobs",2026-08-25T13:38:15,2026-08-31T06:03:44,21,New
42cd5b683a54,CSIR NAL MTS Recruitment 2026 – Apply Online for 06 Posts | Last Date 21-09-2026,,,CSIR NAL MTS,,,,,06,Karnataka,Karnataka,Job,,2026-09-21,,,,,https://www.indgovtjobs.in/2026/08/csir-nal-mts-recruitment.html,,,Not Applied,Verified with Official Notification,aggregator:indgovtjobs.in,2026-08-31T06:03:43,0.7,Medium,Found via aggregator - needs official confirmation,"aggregator,indgovtjobs.in,csir,karnataka jobs,mts",2026-08-28T11:46:44,2026-08-31T06:03:44,21,New
8f3d15be257f,SECI Experienced Professionals Recruitment 2026 – Apply Online for 28 Posts | Last Date 23-09-2026,,,SECI Experienced Professionals,,,,,28,All India,All India,Job,,2026-09-23,,,,,https://www.indgovtjobs.in/2026/08/seci-experienced-professionals.html,,,Not Applied,Verified with Official Notification,aggregator:indgovtjobs.in,2026-08-31T06:03:44,0.7,Medium,Found via aggregator - needs official confirmation,"aggregator,indgovtjobs.in,engineer jobs,manager jobs,officer jobs",2026-08-25T07:35:33,2026-08-31T06:03:44,23,New
2438e6a5eccd,Central University of Rajasthan Non Teaching Recruitment 2026 – Apply Online for 04 Posts | Last Date 23-09-2026,,,Central University of Rajasthan Non Teaching,,,,,04,Rajasthan,Rajasthan,Job,,2026-09-23,,,,,https://www.indgovtjobs.in/2026/08/central-university-of-rajasthan-non.html,,,Not Applied,Verified with Official Notification,aggregator:indgovtjobs.in,2026-08-31T06:03:44,0.7,Medium,Found via aggregator - needs official confirmation,"aggregator,indgovtjobs.in,clerk jobs,engineer jobs,institute and university jobs,rajasthan jobs",2026-08-26T13:43:02,2026-08-31T06:03:44,23,New
c653e78124bd,"RFCL Experienced Professionals Recruitment 2026 – Apply Online for 40 Engineer, Officer & Manager Posts | Last Date 24-09-2026",,,RFCL Experienced Professionals,,,,,,Telangana,Telangana,Job,,2026-09-24,,,,,https://www.indgovtjobs.in/2026/08/rfcl-experienced-professionals.html,,,Not Applied,Verified with Official Notification,aggregator:indgovtjobs.in,2026-08-31T06:03:44,0.7,Medium,Found via aggregator - needs official confirmation,"aggregator,indgovtjobs.in,accountant,engineer jobs,it jobs,manager jobs",2026-08-26T07:34:31,2026-08-31T06:03:44,24,New
262f59978247,IIT BHU Non Teaching Recruitment 2026 – Apply Online for 55 Posts | Last Date 24-09-2026,,,IIT BHU Non Teaching,,,,,55,Uttar Pradesh,Uttar Pradesh,Job,,2026-09-24,,,,,https://www.indgovtjobs.in/2026/08/iit-bhu-non-teaching-recruitment-2026.html,,,Not Applied,Verified with Official Notification,aggregator:indgovtjobs.in,2026-08-31T06:03:44,0.7,Medium,Found via aggregator - needs official confirmation,"aggregator,indgovtjobs.in,assistants,engineer jobs,institute and university jobs,officer jobs",2026-08-26T13:43:02,2026-08-31T06:03:44,24,New
369f9c59b1b3,"Maharashtra Metro Rail Recruitment 2026 – Apply for 56 Engineer, Technician, Assistant & Attendant Posts | Last Date 25-09-2026",,,Maharashtra Metro Rail,,,,,,Maharashtra,Maharashtra,Job,,2026-09-25,,,,,https://www.indgovtjobs.in/2026/08/maharashtra-metro-rail-recruitment-2026.html,,,Not Applied,Verified with Official Notification,aggregator:indgovtjobs.in,2026-08-31T06:03:44,0.7,Medium,Found via aggregator - needs official confirmation,"aggregator,indgovtjobs.in,driver jobs,engineer jobs,maharashtra jobs,metro rail jobs",2026-08-26T07:34:31,2026-08-31T06:03:44,25,New
3cfd0bd581dd,AAI Apprentice Recruitment 2026: Apply Online for 36 Posts | Last Date 30-09-2026,,,AAI Apprentice,,,,,36,Daman And Diu,Daman And Diu,Apprenticeship,,2026-09-30,,,,,https://www.indgovtjobs.in/2026/08/aai-apprentice-recruitment.html,,,Not Applied,Unverified,aggregator:indgovtjobs.in,2026-08-12T08:06:58,0.3,Medium,Found via aggregator - needs official confirmation,"aggregator,indgovtjobs.in,airport jobs,apprenticeship training,daman and diu,diploma jobs",2026-08-06T09:29:22,2026-08-31T06:03:44,30,New
1dc1ff3de8b9,Bihar TRE 4.0 Vacancy 2026 Notification Out – Apply Online for 32388 Posts | Last Date 30-09-2026,,,Bihar TRE 4.0,,,,,32388,Bihar,Bihar,Job,,2026-09-30,,,,,https://www.indgovtjobs.in/2026/08/bihar-tre-4-vacancy.html,,,Not Applied,Verified with Official Notification,aggregator:indgovtjobs.in,2026-08-28T11:47:13,0.7,Medium,Found via aggregator - needs official confirmation,"aggregator,indgovtjobs.in,bihar jobs,teacher jobs",2026-08-20T13:34:22,2026-08-31T06:03:44,30,New
e8b2640f7bed,CONCOR MT and Assistant Officer Recruitment 2026 – Apply Online for 77 Posts | Last Date 30-09-2026,,,CONCOR MT and Assistant Officer,,,,,77,All India,All India,Job,,2026-09-30,,,,,https://www.indgovtjobs.in/2026/08/concor-mt-assistant-officer.html,,,Not Applied,Verified with Official Notification,aggregator:indgovtjobs.in,2026-08-31T06:03:43,0.7,Medium,Found via aggregator - needs official confirmation,"aggregator,indgovtjobs.in,it jobs,management trainees,new,officer jobs",2026-08-25T13:38:15,2026-08-31T06:03:44,30,New
394f2fc4c580,NIC STA Recruitment 2026 – Apply Online for 376 Fresher Posts | Last Date 30-09-2026,,,NIC STA,,,,,,All India,All India,Job,,2026-09-30,,,,,https://www.indgovtjobs.in/2026/08/nic-sta-recruitment.html,,,Not Applied,Verified with Official Notification,aggregator:indgovtjobs.in,2026-08-31T06:03:44,0.7,Medium,Found via aggregator - needs official confirmation,"aggregator,indgovtjobs.in,assistants,engineer jobs,it jobs,new",2026-08-26T13:43:02,2026-08-31T06:03:44,30,New
87db836b894e,UPSSSC Veterinary Pharmacist Recruitment 2026 – Apply Online for 1308 Posts | Last Date 05-10-2026,,,UPSSSC Veterinary Pharmacist,,,,,1308,Uttar Pradesh,Uttar Pradesh,Job,,2026-10-05,,,,,https://www.indgovtjobs.in/2026/08/upsssc-veterinary-pharmacist.html,,,Not Applied,Verified with Official Notification,aggregator:indgovtjobs.in,2026-08-24T13:39:04,0.7,Low,Found via aggregator - needs official confirmation,"aggregator,indgovtjobs.in,pharmacist jobs,uttar pradesh jobs",2026-08-17T07:39:32,2026-08-31T06:03:44,35,New
97f2c65b0a13,UPSSSC Junior Engineer Agriculture Recruitment 2026 –Apply Online for 134 Posts | Last Date 07-10-2026,,,UPSSSC Junior Engineer Agriculture,,,,,134,Uttar Pradesh,Uttar Pradesh,Job,,2026-10-07,,,,,https://www.indgovtjobs.in/2026/08/upsssc-junior-engineer-agriculture.html,,,Not Applied,Verified with Official Notification,aggregator:indgovtjobs.in,2026-08-24T07:48:33,0.7,Low,Found via aggregator - needs official confirmation,"aggregator,indgovtjobs.in,agriculture,engineer jobs,uttar pradesh jobs",2026-08-16T16:58:13,2026-08-31T06:03:44,37,New
56b1308c00c3,Naval Ship Repair Yard Apprentice Recruitment 2026 – Apply Online for 50 Posts | Last Date 10-10-2026,,,Naval Ship Repair Yard Apprentice,,,,,50,Andaman And Nicobar,Andaman And Nicobar,Apprenticeship,,2026-10-10,,,,,https://www.indgovtjobs.in/2026/08/naval-ship-repair-yard-apprentice.html,,,Not Applied,Verified with Official Notification,aggregator:indgovtjobs.in,2026-08-20T07:30:30,0.7,Low,Found via aggregator - needs official confirmation,"aggregator,indgovtjobs.in,andaman and nicobar,apprenticeship training,iti jobs,shipyard jobs",2026-08-13T17:35:55,2026-08-31T06:03:44,40,New
95999fe15290,SBI PO 2026 - Probationary Officer (CRPD/PO/2026-27/09),,SBI Central Recruitment,State Bank of India,Graduation in any discipline,21-30 as on 01-04-2026,"Basic Rs 48,480 JMGS-I",JMGS Scale-I,1500,All India,Any SBI circle,Job,2026-06-18,2026-07-08,Prelims expected Aug 2026,,https://sbi.bank.in/web/careers,,https://sbi.bank.in/web/careers/current-openings,Prelims + Mains + Psychometric + GD/PI,"Rs 750 (Gen/EWS/OBC), Nil SC/ST",Applied,Application Closed,official:sbi.bank.in,2026-07-09T19:37:59,0.85,Low,"Applied on 07-Jul-2026, one day before deadline | Now watching official page 2026-07-28: 4 notice(s) on https://sbi.bank.in/web/careers","sbi,banking,po,applied",2026-07-09T19:37:59,2026-08-31T06:03:44,-54,Applied
97971372922f,"SSC CGL 2026 - Combined Graduate Level (12,256 posts)",,Government of India,Staff Selection Commission,Graduation in any discipline,,,,12256,All India,All India,Exam,,2026-06-25,Tier-1 expected Aug-Sep 2026,,https://ssc.gov.in/,,https://ssc.gov.in/,Tier-1 + Tier-2 CBT,"Rs 100, exempt for SC/ST/women",Applied,Application Closed,official:ssc.gov.in,2026-07-09T19:37:59,0.85,Low,Application window closed 25-Jun-2026; marked Applied per owner. Next milestone: Tier-1 exam city slip and admit card | Now watching official page 2026-07-28: 0 notice(s) on https://ssc.gov.in/,"ssc,cgl,exam,applied",2026-07-09T19:37:59,2026-08-31T06:03:44,-67,Applied
7dad31edacce,IBPS PO 2026 (CRP PO/MT-XVI) - 6715 Probationary Officers,,11 Public Sector Banks,IBPS,Graduation in any discipline,20-30 as on 01-07-2026,"Basic Rs 48,480 JMGS-I",,6715,All India,All India,Exam,2026-07-01,2026-07-21,"Prelims 22-23 Aug 2026, Mains 04 Oct 2026",,https://www.ibps.in/,,https://www.ibps.in/,Prelims + Mains + Interview,"Rs 850 (Gen), Rs 175 (SC/ST/PwBD)",Not Applied,Application Closed,official:ibps.in,2026-07-09T19:37:59,0.85,Low,,"ibps,banking,po",2026-07-09T19:37:59,2026-08-31T06:03:44,-41,Expired
20ce9957b1ad,"ISRO ISTRAC:02:2026: Recruitment to the posts of Technician 'B', Draughtsman 'B', Technical Assistant, Scientific Assistant, Library Assistant 'A' and Cook 'A'",,"ISRO Telemetry, Tracking and Command Network (ISTRAC)",ISRO,Diploma / B.Sc / ITI per post,18-35,,,26,All India,Bengaluru,Job,2026-06-27,2026-07-20,,,https://www.isro.gov.in/ViewAllOpportunities.html,,https://www.isro.gov.in/ViewAllOpportunities.html,Written test + skill test,,Not Applied,Application Closed,official:isro.gov.in,2026-08-31T06:03:42,0.85,Low,,"isro,space,central,bengaluru",2026-07-09T19:37:59,2026-08-31T06:03:44,-42,Expired
f38847e85b8a,"ISRO ISTRAC:01:2026: Recruitment to the posts of Graduate Apprentice Trainee,Diploma Apprentice Trainee,Diploma in Commercial Practice and Trade ITI.",,"ISRO Telemetry, Tracking and Command Network (ISTRAC)",ISRO,"B.E/B.Tech, Diploma, ITI (recent graduates)",,,,,All India,Bengaluru,Apprenticeship,2026-06-22,2026-07-31,,,https://www.isro.gov.in/ViewAllOpportunities.html,,https://www.isro.gov.in/ViewAllOpportunities.html,Merit shortlist / interview,Nil,Not Applied,Application Closed,official:isro.gov.in,2026-08-31T06:03:42,0.85,Low,,"isro,space,central,bengaluru",2026-07-09T19:37:59,2026-08-31T06:03:44,-31,Expired
d3fc6c6dc095,ISRO URSC:02:2026: Recruitment to the posts of Junior Research Fellow (JRF),,"U R Rao Satellite Centre,(URSC)",ISRO,M.E/M.Tech or B.E/B.Tech first class (post-wise; check GATE/NET requirement in notification),,,,,All India,Bengaluru,Job,2026-06-12,2026-07-11,,,https://www.isro.gov.in/ViewAllOpportunities.html,,https://www.isro.gov.in/ViewAllOpportunities.html,Shortlist + interview,,Not Applied,Application Closed,official:isro.gov.in,2026-08-31T06:03:42,0.85,Low,,"isro,space,central,bengaluru",2026-07-09T19:37:59,2026-08-31T06:03:44,-51,Expired
1a5b8cc9c6c0,RRB Technician 2026 (CEN 02/2026) - Technician Gr-I Signal and Gr-III,,Ministry of Railways,Railway Recruitment Boards,Gr-I Signal: B.Sc/B.E (Physics/Electronics/CS/IT); Gr-III: ITI or 10+2 PCM,"Gr-I 18-36, Gr-III 18-33",Level 5 / Level 2,,6557,All India,All zones incl. RRB Bengaluru,Job,2026-06-30,2026-07-29,CBT expected Oct-Dec 2026,,https://rrb.indianrailways.gov.in/,https://www.rrbthiruvananthapuram.gov.in/assets/pdf/Detailed_CEN_02_20262.pdf,https://www.rrbapply.gov.in,Single CBT + DV + Medical,"Rs 500 (Rs 400 refund after CBT), Rs 250 SC/ST (full refund)",Not Applied,Application Closed,official:rrbthiruvananthapuram.gov.in,2026-07-09T19:37:59,0.95,Low,,"rrb,railway,technician,cs eligible",2026-07-09T19:37:59,2026-08-31T06:03:44,-33,Expired
a0351205e25c,SSC MTS and Havaldar 2026,,Government of India,Staff Selection Commission,10th pass,"MTS 18-25, Havaldar 18-27","Level 1 (Rs 18,000)",,,All India,All India,Exam,2026-06-30,2026-07-31,CBE Sep-Nov 2026,,https://ssc.gov.in/,,https://ssc.gov.in/,CBE (+PET/PST for Havaldar),"Rs 100, exempt SC/ST/women/PwBD",Not Applied,Application Closed,official:ssc.gov.in,2026-07-09T19:37:59,0.85,Low,,"ssc,mts,10th pass",2026-07-09T19:37:59,2026-08-31T06:03:44,-31,Expired
b1b9a0c16528,"India Post GDS July-2026 cycle - 28,636 Gramin Dak Sevak/BPM/ABPM posts",,Ministry of Communications,Department of Posts,10th pass with Maths and English,18-40,"TRCA Rs 10,000-14,500",,28636,All India,All circles incl. Karnataka,Job,2026-07-15,2026-08-05,,,https://www.indiapost.gov.in/vacancies/online-gds,,https://indiapostgdsonline.gov.in,Merit list from 10th marks - no exam,"Rs 100 (UR), exempt others",Not Applied,Application Closed,official:indiapost.gov.in,2026-07-09T19:37:59,0.85,Low,,"india post,gds,10th pass,karnataka",2026-07-09T19:37:59,2026-08-31T06:03:44,-26,Expired
f47eec778e67,KEA Armed Police Constable (CAR/DAR) 2026 - 1600 posts,,Government of Karnataka,Karnataka State Police via KEA,SSLC / 10th pass,"GM max 33, 2A/2B/3A/3B 35, SC/ST/Cat-1 38","Rs 37,500-76,100",,1600,Karnataka,Karnataka incl. Bengaluru CAR,Job,2026-06-22,2026-07-22,,,https://cetonline.karnataka.gov.in/kea/,,https://cetonline.karnataka.gov.in/kea/,ET/PST + written exam,,Not Applied,Application Closed,official:cetonline.karnataka.gov.in,2026-07-09T19:38:00,0.85,Low,,"kea,ksp,karnataka,constable,10th pass",2026-07-09T19:38:00,2026-08-31T06:03:44,-40,Expired
68c882b5d374,Karnataka High Court Group D 2026 (HCRB 8/2025 and 9/2025 revised) - 106 posts,,Karnataka Judiciary,High Court of Karnataka,SSLC/10th (check over-qualification rules in notification),18-40,Level 2-3 state scale,,106,Karnataka,Bengaluru + benches,Job,2026-07-02,2026-07-31,,,https://judiciary.karnataka.gov.in/,,https://judiciary.karnataka.gov.in/recruitment/hck/asr/home.php,,,Not Applied,Application Closed,official:judiciary.karnataka.gov.in,2026-07-09T19:38:00,0.85,Low,,"karnataka,high court,group d,10th pass",2026-07-09T19:38:00,2026-08-31T06:03:44,-31,Expired
5b55eb7f7496,"Karnataka High Court Assistant Court Secretary 2026 (HCRB/ACS-1,2/2026) - 73 posts",,Karnataka Judiciary,High Court of Karnataka,Any Bachelor's degree; English shorthand skill tested,,,,73,Karnataka,Bengaluru,Job,2026-07-01,2026-07-30,,,https://judiciary.karnataka.gov.in/,,https://judiciary.karnataka.gov.in/recruitment/hck/asr/home.php,Shorthand test + interview,,Not Applied,Application Closed,official:judiciary.karnataka.gov.in,2026-07-09T19:38:00,0.85,Low,,"karnataka,high court,graduate,bengaluru",2026-07-09T19:38:00,2026-08-31T06:03:44,-32,Expired
4180e90cf82e,"Karnataka High Court Data Entry Assistant 2026 (HCRB/DEA-6,7/2026) - 28 posts",,Karnataka Judiciary,High Court of Karnataka,Degree with 55% + Senior Grade Typewriting (English and Kannada) + computer certificate,,,,28,Karnataka,Bengaluru,Job,2026-06-29,2026-07-28,,,https://judiciary.karnataka.gov.in/,,https://judiciary.karnataka.gov.in/recruitment/hck/asr/home.php,Typing test + interview,"Rs 350 (GM), Rs 200 (SC/ST/Cat-1)",Not Applied,Application Closed,official:judiciary.karnataka.gov.in,2026-07-09T19:38:00,0.85,Low,,"karnataka,high court,data entry,graduate",2026-07-09T19:38:00,2026-08-31T06:03:44,-34,Expired
0eaccdaa75d8,Agniveer Vayu Intake 02/2027 - Indian Air Force,,Ministry of Defence,Indian Air Force (CASB),12th PCM 50% or 3-yr engineering diploma,17.5-21 (birth window in brochure),"Rs 30,000/month year-1 package",,,All India,All India,Job,2026-07-06,2026-07-26,CBT expected Sep-Oct 2026,,https://agnipathvayu.cdac.in/AV/,,https://agnipathvayu.cdac.in/AV/,Online CBT + physical + adaptability + medical,Rs 550 + GST,Not Applied,Application Closed,official:agnipathvayu.cdac.in,2026-07-09T19:38:00,0.85,Low,,"defence,air force,agniveer,12th pass",2026-07-09T19:38:00,2026-08-31T06:03:44,-36,Expired
9b522ef833ed,IOCL Apprentices 2026 (Refineries Division) - 1524 seats,,Refineries Division,Indian Oil Corporation Ltd,ITI / Diploma (trade-wise),18-24 as on 30-06-2026,,,1524,All India,"Bongaigaon, Gujarat, Mathura, Paradip refineries",Apprenticeship,,2026-07-28,,,https://iocl.com/apprenticeships,,https://iocl.com/apprenticeships,,Nil,Not Applied,Application Closed,official:iocl.com,2026-07-09T19:38:00,0.85,Low,,"iocl,apprentice,psu",2026-07-09T19:38:00,2026-08-31T06:03:44,-34,Expired
db7f2859aab5,SSC CHSL 2026 - notification expected July 2026 (3000+ posts),,Government of India,Staff Selection Commission,12th pass,18-27,,,,All India,All India,Exam,,,,,https://ssc.gov.in/,,https://ssc.gov.in/,Tier-1 CBE + Tier-2 with typing/DEST,Rs 100,Not Applied,Verified with Official Notification,aggregator:multiple,2026-07-09T19:38:00,0.7,Low,UNVERIFIED until notification releases - complete SSC OTR in advance,"ssc,chsl,12th pass,upcoming",2026-07-09T19:38:00,2026-08-31T06:03:44,,New
d0a84e5ec287,IBPS Clerk 2026 (CRP CSA-XVI) - notification expected August 2026,,Public Sector Banks,IBPS,Graduation in any discipline,20-28 typical,,,,All India,State-wise incl. Karnataka,Exam,,,Prelims 10-11 Oct 2026 per IBPS calendar,,https://www.ibps.in/,,https://www.ibps.in/,,,Not Applied,Verified with Official Notification,aggregator:multiple,2026-07-09T19:38:00,0.7,Low,Choose Karnataka state for Bengaluru-region posting; Kannada proficiency applies,"ibps,clerk,banking,upcoming,karnataka",2026-07-09T19:38:00,2026-08-31T06:03:44,,New
6a8fe1490bfd,GATE 2027 - registration expected August 2026,,MoE / IITs,IIT (organizing institute),B.E/B.Tech 3rd year onwards or graduates; DA (Data Science and AI) and CS papers,,,,,All India,Centres nationwide incl. Bengaluru,Exam,,,February 2027,,https://gate2027.iitm.ac.in,,https://gate2027.iitm.ac.in,,,Not Applied,Verified with Official Notification,aggregator:multiple,2026-07-09T19:38:00,0.7,Low,UNVERIFIED schedule - based on annual cycle. Unlocks PSU recruitment and M.Tech,"gate,exam,psu gateway,upcoming",2026-07-09T19:38:00,2026-08-31T06:03:44,,New
c111ee9f200d,UPSC EPFO APFC 2026 - 80 posts expected Aug-Sep 2026,,Ministry of Labour and Employment,UPSC / EPFO,Any graduate,Up to 35 typical,,,80,All India,EPFO offices incl. Bengaluru,Exam,,,,,https://upsconline.gov.in/,,https://upsconline.gov.in/,Written + interview,,Not Applied,Verified with Official Notification,aggregator:multiple,2026-07-09T19:38:00,0.7,Low,UNVERIFIED - expected window; EO/AO not notified in 2026,"upsc,epfo,graduate,upcoming",2026-07-09T19:38:00,2026-08-31T06:03:44,,New
c010ebbce33e,LIC AAO 2026 - expected August 2026 (Generalist and IT streams),,Ministry of Finance,Life Insurance Corporation of India,Graduation; IT stream suits CS/AI-ML,21-30 typical,,,,All India,Divisional offices incl. Bengaluru,Exam,,,,,https://licindia.in/careers,,https://licindia.in,,,Not Applied,Verified with Official Notification,aggregator:multiple,2026-07-09T19:38:00,0.7,Low,UNVERIFIED - based on 2025 cycle timing (16 Aug-08 Sep),"lic,aao,insurance,graduate,upcoming",2026-07-09T19:38:00,2026-08-31T06:03:44,,New
98cedf3616a7,RRB NTPC 2026-27 fresh cycle - applications expected Jul-Sep 2026,,Ministry of Railways,Railway Recruitment Boards,Graduate (some posts 12th),,,,,All India,Zone choice incl. Bengaluru,Job,,,,,https://rrb.indianrailways.gov.in/,,https://www.rrbapply.gov.in,CBT-1 + CBT-2,,Not Applied,Verified with Official Notification,aggregator:multiple,2026-07-09T19:38:00,0.7,Low,UNVERIFIED - RRB annual calendar indication,"rrb,ntpc,railway,graduate,upcoming",2026-07-09T19:38:00,2026-08-31T06:03:44,,New
f4986f7fb3a3,RRB JE 2026 upcoming CEN - expected Jul-Sep 2026,,Ministry of Railways,Railway Recruitment Boards,B.E/B.Tech/Diploma; JE(IT) accepts CS/IT when notified,,"Level 6 (Rs 35,400)",,,All India,Zone choice,Job,,,,,https://rrb.indianrailways.gov.in/,,https://www.rrbapply.gov.in,,,Not Applied,Verified with Official Notification,aggregator:multiple,2026-07-09T19:38:00,0.7,Low,UNVERIFIED - calendar indication,"rrb,je,railway,engineering,upcoming",2026-07-09T19:38:00,2026-08-31T06:03:44,,New
30fdef969a8b,IB ACIO Grade-II/Executive 2026 - expected H2 2026,,Ministry of Home Affairs,Intelligence Bureau,Any graduate,18-27 typical,Level 7 + allowances,,,All India,Anywhere in India,Exam,,,,,https://www.mha.gov.in/en/media/whats-new,,https://www.ncs.gov.in,,,Not Applied,Verified with Official Notification,aggregator:multiple,2026-07-09T19:38:00,0.7,Low,"UNVERIFIED - expected cycle, may fall after Aug","ib,acio,intelligence,graduate,upcoming",2026-07-09T19:38:00,2026-08-31T06:03:44,,New
1b9ab349b3f2,HAL Design Trainee / Management Trainee 2026 - watch for notification,,Defence PSU,Hindustan Aeronautics Limited,B.E/B.Tech (branch-wise),Typically 28 GM,,,,All India,Bengaluru + HAL divisions,Job,,,,,https://hal-india.co.in/,,https://hal-india.co.in/,,,Not Applied,Verified with Official Notification,aggregator:multiple,2026-07-09T19:38:00,0.7,Low,UNVERIFIED - aggregators report ~100-182 posts; typical window May-Aug. Check weekly,"hal,defence psu,bengaluru,engineering,upcoming",2026-07-09T19:38:00,2026-08-31T06:03:44,,New
ee723ac58d69,SSC JE 2026 - expected July 2026 (Civil/Electrical/Mechanical only),,Government of India,Staff Selection Commission,B.E/B.Tech or Diploma in Civil/Electrical/Mechanical only - CS/AI-ML not eligible,,Level 6,,,All India,All India,Exam,,,,,https://ssc.gov.in/,,https://ssc.gov.in/,,,Not Applied,Verified with Official Notification,aggregator:multiple,2026-07-09T19:38:00,0.7,Low,UNVERIFIED timing. Branch restriction excludes CS/AI-ML - kept for completeness,"ssc,je,engineering,upcoming",2026-07-09T19:38:00,2026-08-31T06:03:44,,New
8f0a7d9e4c32,ISRO SDSC SHAR/RMT/02/2026: Recruitment to the position of Research Associat (RA-I).,,"SatishDhawan Space Centre (SDSC) SHAR , Sriharikota",ISRO,,,,,,All India,"SatishDhawan Space Centre (SDSC) SHAR , Sriharikota",Job,2026-06-23,2026-07-17,,,https://www.isro.gov.in/ViewAllOpportunities.html,,https://www.isro.gov.in/ViewAllOpportunities.html,,,Not Applied,Application Closed,official:isro.gov.in,2026-08-31T06:03:42,0.85,Low,Advertisement SDSC SHAR/RMT/02/2026,"isro,space,central",2026-07-09T19:38:00,2026-08-31T06:03:44,-45,Expired
9118b7253cd9,ISRO IIST/Admin/RMT/14-2026 (1): Recruitment for the post of Registrar,,Indian Institute of Space Science and Technology (IIST),ISRO,,,,,,All India,Indian Institute of Space Science and Technology (IIST),Job,2026-02-14,2026-04-15,,,https://www.isro.gov.in/ViewAllOpportunities.html,,https://www.isro.gov.in/ViewAllOpportunities.html,,,Not Applied,Application Closed,official:isro.gov.in,2026-08-31T06:03:42,0.85,Low,Advertisement IIST/Admin/RMT/14-2026 (1),"isro,space,central",2026-07-09T19:38:00,2026-08-31T06:03:44,-138,Expired
4de01320d5c2,"ISRO URSC:01:2026: Recruitment to the posts of Scientist/Engineer - 'SC', Scientist/Engineer - 'SD' & Medical Officer - 'SC'",,"U R Rao Satellite Centre,(URSC)",ISRO,,,,,,All India,Bengaluru,Job,2026-03-23,2026-04-12,,,https://www.isro.gov.in/ViewAllOpportunities.html,,https://www.isro.gov.in/ViewAllOpportunities.html,,,Not Applied,Application Closed,official:isro.gov.in,2026-08-31T06:03:42,0.85,Low,Advertisement URSC:01:2026,"isro,space,central,bengaluru",2026-07-09T19:38:00,2026-08-31T06:03:44,-141,Expired
08e8618085b3,ISRO SAC:01:2026: Recruitment to the posts of Scientist/Engineer 'SD' and Scientist/Engineer 'SC',,Space Applications Centre (SAC),ISRO,,,,,,All India,Space Applications Centre (SAC),Job,,,,,https://www.isro.gov.in/ViewAllOpportunities.html,,https://www.isro.gov.in/ViewAllOpportunities.html,,,Not Applied,Verified with Official Website,official:isro.gov.in,2026-08-31T06:03:42,0.85,Low,Advertisement SAC:01:2026,"isro,space,central",2026-07-09T19:38:00,2026-08-31T06:03:44,,New
88e01056b013,"ISRO NRSC/RMT/4/2025: Recruitment to the posts of Technical Assistant, Technician-B and Draughtsman-B",,National Remote Sensing Centre (NRSC),ISRO,,,,,,All India,National Remote Sensing Centre (NRSC),Job,2025-11-10,2025-11-30,,,https://www.isro.gov.in/ViewAllOpportunities.html,,https://www.isro.gov.in/ViewAllOpportunities.html,,,Not Applied,Application Closed,official:isro.gov.in,2026-08-31T06:03:42,0.85,Low,Advertisement NRSC/RMT/4/2025,"isro,space,central",2026-07-09T19:38:00,2026-08-31T06:03:44,-274,Expired
0c8ea4334e02,ISRO SAC:04:2025: Recruitment to the posts of Technician 'B' and Pharmacist 'A',,Space Applications Centre (SAC),ISRO,,,,,,All India,Space Applications Centre (SAC),Job,,,,,https://www.isro.gov.in/ViewAllOpportunities.html,,https://www.isro.gov.in/ViewAllOpportunities.html,,,Not Applied,Verified with Official Website,official:isro.gov.in,2026-08-31T06:03:42,0.85,Low,Advertisement SAC:04:2025,"isro,space,central",2026-07-09T19:38:00,2026-08-31T06:03:44,,New
3e6f8ac6a05e,"ISRO SDSC SHAR/RMT/01/2025: Recruitment to the posts of Scientist/Engineer ‘SC,Technical Assistant,Scientific Assistant,Library Assistant ‘A’,Radiographer-A,Technician ‘B’,Draughts",,"SatishDhawan Space Centre (SDSC) SHAR , Sriharikota",ISRO,,,,,,All India,"SatishDhawan Space Centre (SDSC) SHAR , Sriharikota",Job,2025-10-16,2025-11-14,,,https://www.isro.gov.in/ViewAllOpportunities.html,,https://www.isro.gov.in/ViewAllOpportunities.html,,,Not Applied,Application Closed,official:isro.gov.in,2026-08-31T06:03:42,0.85,Low,Advertisement SDSC SHAR/RMT/01/2025,"isro,space,central",2026-07-09T19:38:00,2026-08-31T06:03:44,-290,Expired
17626a2c978b,ISRO PRL:02/2025: Recruitment to the posts of Technical Assistant and Technician-B,,"Physical Research Laboratory (PRL) , Ahmedabad",ISRO,,,,,,All India,"Physical Research Laboratory (PRL) , Ahmedabad",Job,2025-10-04,2025-10-31,,,https://www.isro.gov.in/ViewAllOpportunities.html,,https://www.isro.gov.in/ViewAllOpportunities.html,,,Not Applied,Application Closed,official:isro.gov.in,2026-08-31T06:03:42,0.85,Low,Advertisement PRL:02/2025,"isro,space,central",2026-07-09T19:38:00,2026-08-31T06:03:44,-304,Expired
7001efc2b162,ISRO SAC:03:2025: Recruitment to the post of Junior Translation Officer,,Space Applications Centre (SAC),ISRO,,,,,,All India,Space Applications Centre (SAC),Job,,,,,https://www.isro.gov.in/ViewAllOpportunities.html,,https://www.isro.gov.in/ViewAllOpportunities.html,,,Not Applied,Verified with Official Website,official:isro.gov.in,2026-08-31T06:03:42,0.85,Low,Advertisement SAC:03:2025,"isro,space,central",2026-07-09T19:38:00,2026-08-31T06:03:44,,New
1d75640aef2e,ISRO SAC:02:2025: Recruitment to the post of Assistant (Rajbhasha),,Space Applications Centre (SAC),ISRO,,,,,,All India,Space Applications Centre (SAC),Job,,,,,https://www.isro.gov.in/ViewAllOpportunities.html,,https://www.isro.gov.in/ViewAllOpportunities.html,,,Not Applied,Verified with Official Website,official:isro.gov.in,2026-08-31T06:03:42,0.85,Low,Advertisement SAC:02:2025,"isro,space,central",2026-07-09T19:38:00,2026-08-31T06:03:44,,New
0ea53ef1ddcb,ISRO SAC:01:2025: Recruitment to the posts of Twelve (12) temporary positions of Project Associate-I and One (01) temporary positions of Project Scientist-I,,Space Applications Centre (SAC),ISRO,,,,,,All India,Space Applications Centre (SAC),Job,,,,,https://www.isro.gov.in/ViewAllOpportunities.html,,https://www.isro.gov.in/ViewAllOpportunities.html,,,Not Applied,Verified with Official Website,official:isro.gov.in,2026-08-31T06:03:42,0.85,Low,Advertisement SAC:01:2025,"isro,space,central",2026-07-09T19:38:00,2026-08-31T06:03:44,,New
676b36b21a4e,ISRO NRSC/RMT/03/2025: Inviting applications for the posts of Graduate & Technician Apprentices,,National Remote Sensing Centre (NRSC),ISRO,,,,,,All India,National Remote Sensing Centre (NRSC),Apprenticeship,2025-08-22,2025-09-11,,,https://www.isro.gov.in/ViewAllOpportunities.html,,https://www.isro.gov.in/ViewAllOpportunities.html,,,Not Applied,Application Closed,official:isro.gov.in,2026-08-31T06:03:42,0.85,Low,Advertisement NRSC/RMT/03/2025,"isro,space,central",2026-07-09T19:38:00,2026-08-31T06:03:44,-354,Expired
3ff84b4e7123,"ISRO LPSC/01/2025: Recruitment to the posts of Technical Assistant, Sub-Officer, Technician 'B', Heavy Vehicle Driver 'A' and Light Vehicle Driver 'A'",,"Liquid Propulsion Systems Centre (LPSC) , Valiamala",ISRO,,,,,,All India,"Liquid Propulsion Systems Centre (LPSC) , Valiamala",Job,2025-08-09,2025-08-26,,,https://www.isro.gov.in/ViewAllOpportunities.html,,https://www.isro.gov.in/ViewAllOpportunities.html,,,Not Applied,Application Closed,official:isro.gov.in,2026-08-31T06:03:42,0.85,Low,Advertisement LPSC/01/2025,"isro,space,central",2026-07-09T19:38:00,2026-08-31T06:03:44,-370,Expired
57a200e19328,"ISRO NESAC/RMT-TEMP/WI-01/2025: Research Scientist, Research Associate-I and Junior Research Fellow",,"North Eastern-Space Applications Centre (NE-SAC) , Shillong",ISRO,,,,,,All India,"North Eastern-Space Applications Centre (NE-SAC) , Shillong",Job,2025-07-12,,,,https://www.isro.gov.in/ViewAllOpportunities.html,,https://www.isro.gov.in/ViewAllOpportunities.html,,,Not Applied,Verified with Official Website,official:isro.gov.in,2026-08-31T06:03:42,0.85,Low,Advertisement NESAC/RMT-TEMP/WI-01/2025,"isro,space,central",2026-07-09T19:38:00,2026-08-31T06:03:44,,New
775183f8cc22,"ISRO ISRO:ICRB:03(CEPO):2025: Recruitment to the post of Scientist/Engineer 'SC' in the disciplines of Civil, Electrical, Refrigeration & Air-conditioning and Architecture.",,Centralised Recruitment (ICRB),ISRO,,,,,,All India,Centralised Recruitment (ICRB),Job,2025-06-24,2025-07-14,,,https://www.isro.gov.in/ViewAllOpportunities.html,,https://www.isro.gov.in/ViewAllOpportunities.html,,,Not Applied,Application Closed,official:isro.gov.in,2026-08-31T06:03:42,0.85,Low,Advertisement ISRO:ICRB:03(CEPO):2025,"isro,space,central",2026-07-09T19:38:00,2026-08-31T06:03:44,-413,Expired
b7d81dd93d71,"ISRO VSSC-335 DATED 31.05.2025: Recruitment to the posts of Technical Assistant, Scientific Assistant and Library Assistant-A",,Vikram Sarabhai Space Centre (VSSC),ISRO,,,,,,All India,Vikram Sarabhai Space Centre (VSSC),Job,2025-06-04,2025-06-18,,,https://www.isro.gov.in/ViewAllOpportunities.html,,https://www.isro.gov.in/ViewAllOpportunities.html,,,Not Applied,Application Closed,official:isro.gov.in,2026-08-31T06:03:42,0.85,Low,Advertisement VSSC-335 DATED 31.05.2025,"isro,space,central",2026-07-09T19:38:00,2026-08-31T06:03:44,-439,Expired
cb151a0e48f8,"ISRO VSSC-334 DATED 31.05.2025: Recruitment to the posts of Technician-B, Draughtsman-B and Pharmacist-A",,Vikram Sarabhai Space Centre (VSSC),ISRO,,,,,,All India,Vikram Sarabhai Space Centre (VSSC),Job,2025-06-02,2025-06-16,,,https://www.isro.gov.in/ViewAllOpportunities.html,,https://www.isro.gov.in/ViewAllOpportunities.html,,,Not Applied,Application Closed,official:isro.gov.in,2026-08-31T06:03:42,0.85,Low,Advertisement VSSC-334 DATED 31.05.2025,"isro,space,central",2026-07-09T19:38:00,2026-08-31T06:03:44,-441,Expired
af2630addb70,"ISRO ISRO:ICRB:02(EMC):2025: Recruitment to the post of Scientist/Engineer 'SC' in the disciplines of Electronics, Mechanical and Computer Science.",,Centralised Recruitment (ICRB),ISRO,,,,,,All India,Centralised Recruitment (ICRB),Job,2025-05-27,2025-06-16,,,https://www.isro.gov.in/ViewAllOpportunities.html,,https://www.isro.gov.in/ViewAllOpportunities.html,,,Not Applied,Application Closed,official:isro.gov.in,2026-08-31T06:03:42,0.85,Low,Advertisement ISRO:ICRB:02(EMC):2025,"isro,space,central",2026-07-09T19:38:00,2026-08-31T06:03:44,-441,Expired
1c4bc32ab34f,ISRO NRSC-RMT-1-2025: Recruitment to the posts of Scientist/ Engineer 'SC',,National Remote Sensing Centre (NRSC),ISRO,,,,,,All India,National Remote Sensing Centre (NRSC),Job,2025-05-10,2025-05-30,,,https://www.isro.gov.in/ViewAllOpportunities.html,,https://www.isro.gov.in/ViewAllOpportunities.html,,,Not Applied,Application Closed,official:isro.gov.in,2026-08-31T06:03:42,0.85,Low,Advertisement NRSC-RMT-1-2025,"isro,space,central",2026-07-09T19:38:00,2026-08-31T06:03:44,-458,Expired
b1694a9500c1,"ISRO ISRO:ICRB:01(EMC):2025: Recruitment to the post of Scientist/Engineer 'SC' in the disciplines of Electronics, Mechanical and Computer Science.",,Centralised Recruitment (ICRB),ISRO,,,,,,All India,Centralised Recruitment (ICRB),Job,2025-04-29,2025-05-19,,,https://www.isro.gov.in/ViewAllOpportunities.html,,https://www.isro.gov.in/ViewAllOpportunities.html,,,Not Applied,Application Closed,official:isro.gov.in,2026-08-31T06:03:42,0.85,Low,Advertisement ISRO:ICRB:01(EMC):2025,"isro,space,central",2026-07-09T19:38:00,2026-08-31T06:03:44,-469,Expired
7bd733e818b9,"ISRO VSSC-332 DATED 29.03.2025: Application for Assistant (Rajbhasha), Light Vehicle Driver-A, Heavy Vehicle Driver-A, Fireman-A and Cook",,Vikram Sarabhai Space Centre (VSSC),ISRO,,,,,,All India,Vikram Sarabhai Space Centre (VSSC),Job,,,,,https://www.isro.gov.in/ViewAllOpportunities.html,,https://www.isro.gov.in/ViewAllOpportunities.html,,,Not Applied,Verified with Official Website,official:isro.gov.in,2026-08-31T06:03:42,0.85,Low,Advertisement VSSC-332 DATED 29.03.2025,"isro,space,central",2026-07-09T19:38:00,2026-08-31T06:03:44,,New
d3fa5ad79bf5,"ISRO ISTRAC/APPRMT/2025: Recruitment to the posts of Graduate Apprentice Trainee,Diploma Apprentice Trainee,Diploma in Commercial Practice and Trade ITI.",,"ISRO Telemetry, Tracking and Command Network (ISTRAC)",ISRO,,,,,,All India,Bengaluru,Apprenticeship,2025-03-27,2025-04-21,,,https://www.isro.gov.in/ViewAllOpportunities.html,,https://www.isro.gov.in/ViewAllOpportunities.html,,,Not Applied,Application Closed,official:isro.gov.in,2026-08-31T06:03:42,0.85,Low,Advertisement ISTRAC/APPRMT/2025,"isro,space,central,bengaluru",2026-07-09T19:38:00,2026-08-31T06:03:44,-497,Expired
3a36ceba0867,ISRO VSSC – 333 Dated 20.03.2025: Application for JUNIOR RESEARCH FELLOW (JRF),,Vikram Sarabhai Space Centre (VSSC),ISRO,,,,,,All India,Vikram Sarabhai Space Centre (VSSC),Job,,,,,https://www.isro.gov.in/ViewAllOpportunities.html,,https://www.isro.gov.in/ViewAllOpportunities.html,,,Not Applied,Verified with Official Website,official:isro.gov.in,2026-08-31T06:03:42,0.85,Low,Advertisement VSSC – 333 Dated 20.03.2025,"isro,space,central",2026-07-09T19:38:00,2026-08-31T06:03:44,,New
33e2483ac677,"ISRO URSC:01:2025: Recruitment to the post of JUNIOR RESEARCH FELLOW (JRF), RESEARCH ASSOCIATE-I (RA-I)",,"U R Rao Satellite Centre,(URSC)",ISRO,,,,,,All India,Bengaluru,Job,,,,,https://www.isro.gov.in/ViewAllOpportunities.html,,https://www.isro.gov.in/ViewAllOpportunities.html,,,Not Applied,Verified with Official Website,official:isro.gov.in,2026-08-31T06:03:42,0.85,Low,Advertisement URSC:01:2025,"isro,space,central,bengaluru",2026-07-09T19:38:00,2026-08-31T06:03:44,,New
ee0a2bf12529,ISRO SDSC SHAR/RMT/02/2024: Recruitment to the post of Research Associate-I (RA-I),,"SatishDhawan Space Centre (SDSC) SHAR , Sriharikota",ISRO,,,,,,All India,"SatishDhawan Space Centre (SDSC) SHAR , Sriharikota",Job,2024-12-13,2025-01-02,,,https://www.isro.gov.in/ViewAllOpportunities.html,,https://www.isro.gov.in/ViewAllOpportunities.html,,,Not Applied,Application Closed,official:isro.gov.in,2026-08-31T06:03:42,0.85,Low,Advertisement SDSC SHAR/RMT/02/2024,"isro,space,central",2026-07-09T19:38:00,2026-08-31T06:03:44,-606,Expired
717881bc815f,"ISRO HSFC:01:RMT:2024: Recruitment to the post of Medical Officer-SD/ SC,Scientist/ Engineer-sc, Technical Assistant/ Scientific Assistant, Technician-B/ Draughtsman-B, Assistant (",,Human Space Flight Centre(HSFC),ISRO,,,,,,All India,Human Space Flight Centre(HSFC),Job,,,,,https://www.isro.gov.in/ViewAllOpportunities.html,,https://www.isro.gov.in/ViewAllOpportunities.html,,,Not Applied,Verified with Official Website,official:isro.gov.in,2026-08-31T06:03:42,0.85,Low,Advertisement HSFC:01:RMT:2024,"isro,space,central",2026-07-09T19:38:00,2026-08-31T06:03:44,,New
60d4099fa8e8,ISRO SAC:01:2024: Recruitment to the post of Junior Research Fellows (JRFs) and Research Associates (RAs),,Space Applications Centre (SAC),ISRO,,,,,,All India,Space Applications Centre (SAC),Job,,,,,https://www.isro.gov.in/ViewAllOpportunities.html,,https://www.isro.gov.in/ViewAllOpportunities.html,,,Not Applied,Verified with Official Website,official:isro.gov.in,2026-08-31T06:03:42,0.85,Low,Advertisement SAC:01:2024,"isro,space,central",2026-07-09T19:38:00,2026-08-31T06:03:44,,New
97c33b4867df,ISRO SDSC SHAR/RMT/01/2024: Recruitment to the post of Medical Officer ‘SD’ (ENT),,"SatishDhawan Space Centre (SDSC) SHAR , Sriharikota",ISRO,,,,,,All India,"SatishDhawan Space Centre (SDSC) SHAR , Sriharikota",Job,2024-08-17,2024-09-06,,,https://www.isro.gov.in/ViewAllOpportunities.html,,https://www.isro.gov.in/ViewAllOpportunities.html,,,Not Applied,Application Closed,official:isro.gov.in,2026-08-31T06:03:42,0.85,Low,Advertisement SDSC SHAR/RMT/01/2024,"isro,space,central",2026-07-09T19:38:00,2026-08-31T06:03:44,-724,Expired
26af2a5deb36,"ISRO LPSC/01/2024: Recruitment to the posts of Technical Assistant , Technician ‘B’, Heavy Vehicle Driver ‘A’ , Light Vehicle Driver ‘A’ and Cook",,"Liquid Propulsion Systems Centre (LPSC) , Bengaluru",ISRO,,,,,,All India,"Liquid Propulsion Systems Centre (LPSC) , Bengaluru",Job,2024-08-28,2024-09-10,,,https://www.isro.gov.in/ViewAllOpportunities.html,,https://www.isro.gov.in/ViewAllOpportunities.html,,,Not Applied,Application Closed,official:isro.gov.in,2026-08-31T06:03:42,0.85,Low,Advertisement LPSC/01/2024,"isro,space,central",2026-07-09T19:38:00,2026-08-31T06:03:44,-720,Expired
2caf7010bfe8,ISRO NESAC/RMT-TEMP/WI-01/2024: Research Scientist & Junior Research Fellow,,"North Eastern-Space Applications Centre (NE-SAC) , Shillong",ISRO,,,,,,All India,"North Eastern-Space Applications Centre (NE-SAC) , Shillong",Job,2024-07-07,,,,https://www.isro.gov.in/ViewAllOpportunities.html,,https://www.isro.gov.in/ViewAllOpportunities.html,,,Not Applied,Verified with Official Website,official:isro.gov.in,2026-08-31T06:03:42,0.85,Low,Advertisement NESAC/RMT-TEMP/WI-01/2024,"isro,space,central",2026-07-09T19:38:00,2026-08-31T06:03:44,,New
d8a9af92de7e,ISRO VSSC-330 DATED 20.04.2024: Application for Research Scientist & Project Associate-I,,"Vikram Sarabhai Space Centre (VSSC),Thiruvananthapuram",ISRO,,,,,,All India,"Vikram Sarabhai Space Centre (VSSC),Thiruvananthapuram",Job,2024-04-20,2024-05-05,,,https://www.isro.gov.in/ViewAllOpportunities.html,,https://www.isro.gov.in/ViewAllOpportunities.html,,,Not Applied,Application Closed,official:isro.gov.in,2026-08-31T06:03:42,0.85,Low,Advertisement VSSC-330 DATED 20.04.2024,"isro,space,central",2026-07-09T19:38:00,2026-08-31T06:03:44,-848,Expired
117a603c4cd5,"ISRO NRSC-RMT-2-2024: Recruitment to the posts of Research Scientist (RS), Project Scientist, Project Associate and Junior Research Fellow (JRF)",,National Remote Sensing Centre (NRSC),ISRO,,,,,,All India,National Remote Sensing Centre (NRSC),Job,2024-03-18,2024-04-08,,,https://www.isro.gov.in/ViewAllOpportunities.html,,https://www.isro.gov.in/ViewAllOpportunities.html,,,Not Applied,Application Closed,official:isro.gov.in,2026-08-31T06:03:42,0.85,Low,Advertisement NRSC-RMT-2-2024,"isro,space,central",2026-07-09T19:38:00,2026-08-31T06:03:44,-875,Expired
7c096f94f7ec,ISRO PRL:05/2024: Recruitment to the posts of Assistant and Junior Personal Assistant,,"Physical Research Laboratory (PRL) , Ahmedabad",ISRO,,,,,,All India,"Physical Research Laboratory (PRL) , Ahmedabad",Job,2024-03-09,2024-03-31,,,https://www.isro.gov.in/ViewAllOpportunities.html,,https://www.isro.gov.in/ViewAllOpportunities.html,,,Not Applied,Application Closed,official:isro.gov.in,2026-08-31T06:03:42,0.85,Low,Advertisement PRL:05/2024,"isro,space,central",2026-07-09T19:38:00,2026-08-31T06:03:44,-883,Expired
deecbd5d85c9,"ISRO URSC:ISTRAC:01:2024: Recruitment to the posts of Scientist / Engineer - ‘SC’ , Technical Assistant , Scientific Assistant ,Library Assistant ,Technician - ‘B’ , Draughtsman - ",,"U R Rao Satellite Centre,(URSC)",ISRO,,,,,,All India,Bengaluru,Job,2024-02-10,2024-03-01,,,https://www.isro.gov.in/ViewAllOpportunities.html,,https://www.isro.gov.in/ViewAllOpportunities.html,,,Not Applied,Application Closed,official:isro.gov.in,2026-08-31T06:03:42,0.85,Low,Advertisement URSC:ISTRAC:01:2024,"isro,space,central,bengaluru",2026-07-09T19:38:00,2026-08-31T06:03:44,-913,Expired
8a0b21198503,"ISRO NRSC-RMT-1-2024: Recruitment to the posts of Scientist/ Engineer 'SC', Medical Officer 'SC', Nurse 'B' & Library Assistant 'A'",,National Remote Sensing Centre (NRSC),ISRO,,,,,,All India,National Remote Sensing Centre (NRSC),Job,2024-01-22,2024-02-12,,,https://www.isro.gov.in/ViewAllOpportunities.html,,https://www.isro.gov.in/ViewAllOpportunities.html,,,Not Applied,Application Closed,official:isro.gov.in,2026-08-31T06:03:42,0.85,Low,Advertisement NRSC-RMT-1-2024,"isro,space,central",2026-07-09T19:38:00,2026-08-31T06:03:44,-931,Expired
978c27c3b3a2,ISRO VSSC-329 Dated 16.01.2024: Recruitment to the post of Junior Research Fellow (JRF),,"Vikram Sarabhai Space Centre (VSSC),Thiruvananthapuram",ISRO,,,,,,All India,"Vikram Sarabhai Space Centre (VSSC),Thiruvananthapuram",Job,2024-01-16,2024-01-30,,,https://www.isro.gov.in/ViewAllOpportunities.html,,https://www.isro.gov.in/ViewAllOpportunities.html,,,Not Applied,Application Closed,official:isro.gov.in,2026-08-31T06:03:42,0.85,Low,Advertisement VSSC-329 Dated 16.01.2024,"isro,space,central",2026-07-09T19:38:00,2026-08-31T06:03:44,-944,Expired
3b0c1f3af544,ISRO SAC:04:2023: Recruitment to the post of Scientist/Engineer 'SC',,Space Applications Centre (SAC),ISRO,,,,,,All India,Space Applications Centre (SAC),Job,2023-12-26,2024-01-15,,,https://www.isro.gov.in/ViewAllOpportunities.html,,https://www.isro.gov.in/ViewAllOpportunities.html,,,Not Applied,Application Closed,official:isro.gov.in,2026-08-31T06:03:42,0.85,Low,Advertisement SAC:04:2023,"isro,space,central",2026-07-09T19:38:00,2026-08-31T06:03:44,-959,Expired
85865c15faa0,"ISRO DS_8C-12011/11/2023-Sec.VIII: Recruitment of Director Indian Institute of Space Science and Technology (IIST), Thiruvananthapuram",,"Indian Institute of Space Science and Technology (IIST) , Thiruvananthapuram",ISRO,,,,,,All India,"Indian Institute of Space Science and Technology (IIST) , Thiruvananthapuram",Job,2023-12-23,2024-01-22,,,https://www.isro.gov.in/ViewAllOpportunities.html,,https://www.isro.gov.in/ViewAllOpportunities.html,,,Not Applied,Application Closed,official:isro.gov.in,2026-08-31T06:03:42,0.85,Low,Advertisement DS_8C-12011/11/2023-Sec.VIII,"isro,space,central",2026-07-09T19:38:00,2026-08-31T06:03:44,-952,Expired
2fbc29783aa3,ISRO NRSC/RMT/4/2023: Recruitment to the post of Technician - B,,National Remote Sensing Centre (NRSC),ISRO,,,,,,All India,National Remote Sensing Centre (NRSC),Job,2023-12-09,2023-12-31,,,https://www.isro.gov.in/ViewAllOpportunities.html,,https://www.isro.gov.in/ViewAllOpportunities.html,,,Not Applied,Application Closed,official:isro.gov.in,2026-08-31T06:03:42,0.85,Low,Advertisement NRSC/RMT/4/2023,"isro,space,central",2026-07-09T19:38:00,2026-08-31T06:03:44,-974,Expired
bfb3ee045202,ISRO VSSC-328 DATED 11.11.2023: Recruitment to the post of Light Vehicle Driver-A and Heavy Vehicle Driver-A,,"Vikram Sarabhai Space Centre (VSSC),Thiruvananthapuram",ISRO,,,,,,All India,"Vikram Sarabhai Space Centre (VSSC),Thiruvananthapuram",Job,2023-11-11,2023-11-27,,,https://www.isro.gov.in/ViewAllOpportunities.html,,https://www.isro.gov.in/ViewAllOpportunities.html,,,Not Applied,Application Closed,official:isro.gov.in,2026-08-31T06:03:42,0.85,Low,Advertisement VSSC-328 DATED 11.11.2023,"isro,space,central",2026-07-09T19:38:00,2026-08-31T06:03:44,-1008,Expired
668d929856c2,ISRO SDSC SHAR/RMT/05/2023: Recruitment to the posts of Scientist/Engineer ‘SC’,,"SatishDhawan Space Centre (SDSC) SHAR , Sriharikota",ISRO,,,,,,All India,"SatishDhawan Space Centre (SDSC) SHAR , Sriharikota",Job,2023-10-14,2023-11-03,,,https://www.isro.gov.in/ViewAllOpportunities.html,,https://www.isro.gov.in/ViewAllOpportunities.html,,,Not Applied,Application Closed,official:isro.gov.in,2026-08-31T06:03:42,0.85,Low,Advertisement SDSC SHAR/RMT/05/2023,"isro,space,central",2026-07-09T19:38:00,2026-08-31T06:03:44,-1032,Expired
748ca9ca8a8c,"ISRO SDSC SHAR/RMT/04/2023: Recruitment to the posts of Catering Supervisor, Nurse-B, Pharmacist-A, Radiographer-A, Lab Technician-A, Assistant (Rajbasha), Cook, Light Vehicle Driv",,"SatishDhawan Space Centre (SDSC) SHAR , Sriharikota",ISRO,,,,,,All India,"SatishDhawan Space Centre (SDSC) SHAR , Sriharikota",Job,2023-08-04,2023-08-24,,,https://www.isro.gov.in/ViewAllOpportunities.html,,https://www.isro.gov.in/ViewAllOpportunities.html,,,Not Applied,Application Closed,official:isro.gov.in,2026-08-31T06:03:42,0.85,Low,Advertisement SDSC SHAR/RMT/04/2023,"isro,space,central",2026-07-09T19:38:00,2026-08-31T06:03:44,-1103,Expired
0583ecf7e94a,ISRO VSSC-326 Dated 29.07.2023: Recruitment to the post of Fireman-A/Cook,,"Vikram Sarabhai Space Centre (VSSC),Thiruvananthapuram",ISRO,,,,,,All India,"Vikram Sarabhai Space Centre (VSSC),Thiruvananthapuram",Job,2023-07-29,2023-08-14,,,https://www.isro.gov.in/ViewAllOpportunities.html,,https://www.isro.gov.in/ViewAllOpportunities.html,,,Not Applied,Application Closed,official:isro.gov.in,2026-08-31T06:03:42,0.85,Low,Advertisement VSSC-326 Dated 29.07.2023,"isro,space,central",2026-07-09T19:38:00,2026-08-31T06:03:44,-1113,Expired
d34106ce649b,"ISRO VSSC-325 Dated 29.07.2023: Recruitment to the post of Post Graduate Teacher,Trained Graduate Teacher and Junior Translation Officer",,"Vikram Sarabhai Space Centre (VSSC),Thiruvananthapuram",ISRO,,,,,,All India,"Vikram Sarabhai Space Centre (VSSC),Thiruvananthapuram",Job,2023-07-29,2023-08-14,,,https://www.isro.gov.in/ViewAllOpportunities.html,,https://www.isro.gov.in/ViewAllOpportunities.html,,,Not Applied,Application Closed,official:isro.gov.in,2026-08-31T06:03:42,0.85,Low,Advertisement VSSC-325 Dated 29.07.2023,"isro,space,central",2026-07-09T19:38:00,2026-08-31T06:03:44,-1113,Expired
a118d71078ce,ISRO SAC:03:2023: Recruitment to the posts of Technician 'B'/Draughtsman 'B',,Space Applications Centre (SAC),ISRO,,,,,,All India,Space Applications Centre (SAC),Job,2023-08-01,2023-08-21,,,https://www.isro.gov.in/ViewAllOpportunities.html,,https://www.isro.gov.in/ViewAllOpportunities.html,,,Not Applied,Application Closed,official:isro.gov.in,2026-08-31T06:03:42,0.85,Low,Advertisement SAC:03:2023,"isro,space,central",2026-07-09T19:38:00,2026-08-31T06:03:44,-1106,Expired
2009f682b697,ISRO IN-SPACe:01:2023: Recruitment of Deputy/Assistant Director on Deputation basis,,"Indian National Space Promotion and Authorization Center (IN-SPACe), Ahmedabad",ISRO,,,,,,All India,"Indian National Space Promotion and Authorization Center (IN-SPACe), Ahmedabad",Job,2023-07-03,2023-08-07,,,https://www.isro.gov.in/ViewAllOpportunities.html,,https://www.isro.gov.in/ViewAllOpportunities.html,,,Not Applied,Application Closed,official:isro.gov.in,2026-08-31T06:03:42,0.85,Low,Advertisement IN-SPACe:01:2023,"isro,space,central",2026-07-09T19:38:00,2026-08-31T06:03:44,-1120,Expired
e4f58040975b,ISRO SDSC SHAR/RMT/03/2023: Recruitment to the post of Research Associate-I(RA-I),,"SatishDhawan Space Centre (SDSC) SHAR , Sriharikota",ISRO,,,,,,All India,"SatishDhawan Space Centre (SDSC) SHAR , Sriharikota",Job,2023-07-05,2023-07-25,,,https://www.isro.gov.in/ViewAllOpportunities.html,,https://www.isro.gov.in/ViewAllOpportunities.html,,,Not Applied,Application Closed,official:isro.gov.in,2026-08-31T06:03:42,0.85,Low,Advertisement SDSC SHAR/RMT/03/2023,"isro,space,central",2026-07-09T19:38:00,2026-08-31T06:03:44,-1133,Expired
1a14f7bcf117,ISRO VSSC-327 DATED 01.07.2023: Recruitment to the post of Scientist/Engineer-SD & SC in various ISRO Centres,,"Vikram Sarabhai Space Centre (VSSC),Thiruvananthapuram",ISRO,,,,,,All India,"Vikram Sarabhai Space Centre (VSSC),Thiruvananthapuram",Job,2023-07-05,2023-07-21,,,https://www.isro.gov.in/ViewAllOpportunities.html,,https://www.isro.gov.in/ViewAllOpportunities.html,,,Not Applied,Application Closed,official:isro.gov.in,2026-08-31T06:03:42,0.85,Low,Advertisement VSSC-327 DATED 01.07.2023,"isro,space,central",2026-07-09T19:38:00,2026-08-31T06:03:44,-1137,Expired
e2ad34d954b6,ISRO SAC:02:2023: Recruitment to the posts of Junior Translation Officer (JTO) and Catering Supervisor,,Space Applications Centre (SAC),ISRO,,,,,,All India,Space Applications Centre (SAC),Job,2023-06-21,2023-07-11,,,https://www.isro.gov.in/ViewAllOpportunities.html,,https://www.isro.gov.in/ViewAllOpportunities.html,,,Not Applied,Application Closed,official:isro.gov.in,2026-08-31T06:03:42,0.85,Low,Advertisement SAC:02:2023,"isro,space,central",2026-07-09T19:38:00,2026-08-31T06:03:44,-1147,Expired
05d457c2646a,"ISRO PRL:01/2023: Recruitment to the posts of Assistant (Rajbhasha), Junior Translation Officer and Library Assistant-A.",,"Physical Research Laboratory (PRL) , Ahmedabad",ISRO,,,,,,All India,"Physical Research Laboratory (PRL) , Ahmedabad",Job,2023-06-10,2023-06-30,,,https://www.isro.gov.in/ViewAllOpportunities.html,,https://www.isro.gov.in/ViewAllOpportunities.html,,,Not Applied,Application Closed,official:isro.gov.in,2026-08-31T06:03:42,0.85,Low,Advertisement PRL:01/2023,"isro,space,central",2026-07-09T19:38:00,2026-08-31T06:03:44,-1158,Expired
901cb485b14d,"ISRO SAC:01:2023: Recruitment to the posts of Assistant Rajbhasha, Cook & LVD 'A'.",,Space Applications Centre (SAC),ISRO,,,,,,All India,Space Applications Centre (SAC),Job,2023-05-27,2023-06-16,,,https://www.isro.gov.in/ViewAllOpportunities.html,,https://www.isro.gov.in/ViewAllOpportunities.html,,,Not Applied,Application Closed,official:isro.gov.in,2026-08-31T06:03:42,0.85,Low,Advertisement SAC:01:2023,"isro,space,central",2026-07-09T19:38:00,2026-08-31T06:03:44,-1172,Expired
542110585a25,ISRO ISRO:ICRB:02(EMC):2023: Recruitment for the post of Scientist/Engineer 'SC'(EMC).,,Centralised Recruitment (ICRB),ISRO,,,,,,All India,Centralised Recruitment (ICRB),Job,2023-05-25,2023-06-14,,,https://www.isro.gov.in/ViewAllOpportunities.html,,https://www.isro.gov.in/ViewAllOpportunities.html,,,Not Applied,Application Closed,official:isro.gov.in,2026-08-31T06:03:42,0.85,Low,Advertisement ISRO:ICRB:02(EMC):2023,"isro,space,central",2026-07-09T19:38:00,2026-08-31T06:03:44,-1174,Expired
4af7909e5cc5,"ISRO LPSC/02/2023: Recruitment to the posts of Technician ‘B’,Draughtsman ‘B’ ,Heavy Vehicle Driver ‘A’ , Light Vehicle Driver ‘A’",,"Liquid Propulsion Systems Centre (LPSC) , Bengaluru",ISRO,,,,,,All India,"Liquid Propulsion Systems Centre (LPSC) , Bengaluru",Job,2023-05-16,2023-05-30,,,https://www.isro.gov.in/ViewAllOpportunities.html,,https://www.isro.gov.in/ViewAllOpportunities.html,,,Not Applied,Application Closed,official:isro.gov.in,2026-08-31T06:03:42,0.85,Low,Advertisement LPSC/02/2023,"isro,space,central",2026-07-09T19:38:00,2026-08-31T06:03:44,-1189,Expired
04483f7bba5b,ISRO LPSC/01/2023: Recruitment to the post of Technical Assistant.,,"Liquid Propulsion Systems Centre (LPSC) , Bengaluru",ISRO,,,,,,All India,"Liquid Propulsion Systems Centre (LPSC) , Bengaluru",Job,2023-05-16,2023-05-30,,,https://www.isro.gov.in/ViewAllOpportunities.html,,https://www.isro.gov.in/ViewAllOpportunities.html,,,Not Applied,Application Closed,official:isro.gov.in,2026-08-31T06:03:42,0.85,Low,Advertisement LPSC/01/2023,"isro,space,central",2026-07-09T19:38:00,2026-08-31T06:03:44,-1189,Expired
a9925fb49174,ISRO NRSC/RMT/02/2023: Recruitment of Graduate and Technician Apprentices,,National Remote Sensing Centre (NRSC),ISRO,,,,,,All India,National Remote Sensing Centre (NRSC),Apprenticeship,2023-05-13,2023-06-02,,,https://www.isro.gov.in/ViewAllOpportunities.html,,https://www.isro.gov.in/ViewAllOpportunities.html,,,Not Applied,Application Closed,official:isro.gov.in,2026-08-31T06:03:42,0.85,Low,Advertisement NRSC/RMT/02/2023,"isro,space,central",2026-07-09T19:38:00,2026-08-31T06:03:44,-1186,Expired
c88a3a7915f3,"ISRO SDSC SHAR/RMT/02/2023: Recruitment to the posts of Technical Assistant, Scientific Assistant, Library Assistant ‘A’, Technician ‘B’ and Draughtsman ‘B’",,"SatishDhawan Space Centre (SDSC) SHAR , Sriharikota",ISRO,,,,,,All India,"SatishDhawan Space Centre (SDSC) SHAR , Sriharikota",Job,,2023-05-16,,,https://www.isro.gov.in/ViewAllOpportunities.html,,https://www.isro.gov.in/ViewAllOpportunities.html,,,Not Applied,Application Closed,official:isro.gov.in,2026-08-31T06:03:42,0.85,Low,Advertisement SDSC SHAR/RMT/02/2023,"isro,space,central",2026-07-09T19:38:00,2026-08-31T06:03:44,-1203,Expired
f542551ab771,ISRO ISRO:ICRB:01(CEPO):2023: Recruitment for the post of Scientists/Engineers 'SC'(CEPO).,,Centralised Recruitment (ICRB),ISRO,,,,,,All India,Centralised Recruitment (ICRB),Job,2023-05-04,2023-05-24,,,https://www.isro.gov.in/ViewAllOpportunities.html,,https://www.isro.gov.in/ViewAllOpportunities.html,,,Not Applied,Application Closed,official:isro.gov.in,2026-08-31T06:03:42,0.85,Low,Advertisement ISRO:ICRB:01(CEPO):2023,"isro,space,central",2026-07-09T19:38:00,2026-08-31T06:03:44,-1195,Expired
067b94e61898,"ISRO VSSC-324 dated 29.04.2023: Recruitment for the posts of Technician B, Draughtsman B & Radiographer A.",,"Vikram Sarabhai Space Centre (VSSC),Thiruvananthapuram",ISRO,,,,,,All India,"Vikram Sarabhai Space Centre (VSSC),Thiruvananthapuram",Job,2023-05-05,2023-05-18,,,https://www.isro.gov.in/ViewAllOpportunities.html,,https://www.isro.gov.in/ViewAllOpportunities.html,,,Not Applied,Application Closed,official:isro.gov.in,2026-08-31T06:03:42,0.85,Low,Advertisement VSSC-324 dated 29.04.2023,"isro,space,central",2026-07-09T19:38:00,2026-08-31T06:03:44,-1201,Expired
07196ca2a434,"ISRO VSSC-323 dated 29.04.2023: Recruitment for the posts of Technical Assistant , Scientific Assistant, Library Assistant A.",,"Vikram Sarabhai Space Centre (VSSC),Thiruvananthapuram",ISRO,,,,,,All India,"Vikram Sarabhai Space Centre (VSSC),Thiruvananthapuram",Job,2023-05-02,2023-05-16,,,https://www.isro.gov.in/ViewAllOpportunities.html,,https://www.isro.gov.in/ViewAllOpportunities.html,,,Not Applied,Application Closed,official:isro.gov.in,2026-08-31T06:03:42,0.85,Low,Advertisement VSSC-323 dated 29.04.2023,"isro,space,central",2026-07-09T19:38:00,2026-08-31T06:03:44,-1203,Expired
b563a333eea7,"ISRO IPRC/RMT/2023/01: Recruitment for the posts of Technical Assistant ,Technician 'B',Draughtsman 'B',Heavy Vechicle Driver 'A', Light Vechicle Driver 'A' and Fireman 'A'.",,"ISRO Propulsion Complex, Mahendragiri",ISRO,,,,,,All India,"ISRO Propulsion Complex, Mahendragiri",Job,,,,,https://www.isro.gov.in/ViewAllOpportunities.html,,https://www.isro.gov.in/ViewAllOpportunities.html,,,Not Applied,Verified with Official Website,official:isro.gov.in,2026-08-31T06:03:42,0.85,Low,Advertisement IPRC/RMT/2023/01,"isro,space,central",2026-07-09T19:38:00,2026-08-31T06:03:44,,New
a61e04f3f5c6,"ISRO NRSC-RMT-1-2023: Recruitment of Temporary Research Personnel i.e, JRF, RS, RA, PS-I and PA-I",,National Remote Sensing Centre (NRSC),ISRO,,,,,,All India,National Remote Sensing Centre (NRSC),Job,,,,,https://www.isro.gov.in/ViewAllOpportunities.html,,https://www.isro.gov.in/ViewAllOpportunities.html,,,Not Applied,Verified with Official Website,official:isro.gov.in,2026-08-31T06:03:42,0.85,Low,Advertisement NRSC-RMT-1-2023,"isro,space,central",2026-07-09T19:38:00,2026-08-31T06:03:44,,New
469c9703b3df,ISRO VSSC-322 DATED 31.12.2022: ASSISTANT (RAJBHASHA),,"Vikram Sarabhai Space Centre (VSSC),Thiruvananthapuram",ISRO,,,,,,All India,"Vikram Sarabhai Space Centre (VSSC),Thiruvananthapuram",Job,,,,,https://www.isro.gov.in/ViewAllOpportunities.html,,https://www.isro.gov.in/ViewAllOpportunities.html,,,Not Applied,Verified with Official Website,official:isro.gov.in,2026-08-31T06:03:42,0.85,Low,Advertisement VSSC-322 DATED 31.12.2022,"isro,space,central",2026-07-09T19:38:00,2026-08-31T06:03:44,,New
27140d4c6bde,ISRO ISROHQ/APP/2022-23: Recruitment to the post of Graduate and Technician Apprentices,,ISRO Headquarters (ISRO HQ),ISRO,,,,,,All India,Bengaluru,Apprenticeship,,,,,https://www.isro.gov.in/ViewAllOpportunities.html,,https://www.isro.gov.in/ViewAllOpportunities.html,,,Not Applied,Verified with Official Website,official:isro.gov.in,2026-08-31T06:03:42,0.85,Low,Advertisement ISROHQ/APP/2022-23,"isro,space,central,bengaluru",2026-07-09T19:38:00,2026-08-31T06:03:44,,New
2d94a5005698,"ISRO SAC:01:2022: Recruitment to the post of Junior Research Fellows (JRFs) ,Research Associates (RAs) and Project Associate -1 (PA-1)",,Space Applications Centre (SAC),ISRO,,,,,,All India,Space Applications Centre (SAC),Job,,,,,https://www.isro.gov.in/ViewAllOpportunities.html,,https://www.isro.gov.in/ViewAllOpportunities.html,,,Not Applied,Verified with Official Website,official:isro.gov.in,2026-08-31T06:03:42,0.85,Low,Advertisement SAC:01:2022,"isro,space,central",2026-07-09T19:38:00,2026-08-31T06:03:44,,New
91b7bc700a69,ISRO ISRO:ICRB:02(A-JPA):2022: Recruitment to the post of Assistants/Upper Division Clerk and Junior Personal Assistant/Stenographer,,Centralised Recruitment (ICRB),ISRO,,,,,,All India,Centralised Recruitment (ICRB),Job,,,,,https://www.isro.gov.in/ViewAllOpportunities.html,,https://www.isro.gov.in/ViewAllOpportunities.html,,,Not Applied,Verified with Official Website,official:isro.gov.in,2026-08-31T06:03:42,0.85,Low,Advertisement ISRO:ICRB:02(A-JPA):2022,"isro,space,central",2026-07-09T19:38:00,2026-08-31T06:03:44,,New
a5a2b51b231f,ISRO ISRO HQ:RMT:01:2022: Recruitment to the post of Assistant (Rajbhasha),,ISRO Headquarters (ISRO HQ),ISRO,,,,,,All India,Bengaluru,Job,,,,,https://www.isro.gov.in/ViewAllOpportunities.html,,https://www.isro.gov.in/ViewAllOpportunities.html,,,Not Applied,Verified with Official Website,official:isro.gov.in,2026-08-31T06:03:42,0.85,Low,Advertisement ISRO HQ:RMT:01:2022,"isro,space,central,bengaluru",2026-07-09T19:38:00,2026-08-31T06:03:44,,New
5160de3d49db,ISRO ISRO:ICRB:01(1)(EMC):2022: Recruitment to the post of Sci/Engr 'SC' on the basis of GATE Score,,Centralised Recruitment (ICRB),ISRO,,,,,,All India,Centralised Recruitment (ICRB),Job,,,,,https://www.isro.gov.in/ViewAllOpportunities.html,,https://www.isro.gov.in/ViewAllOpportunities.html,,,Not Applied,Verified with Official Website,official:isro.gov.in,2026-08-31T06:03:42,0.85,Low,Advertisement ISRO:ICRB:01(1)(EMC):2022,"isro,space,central",2026-07-09T19:38:00,2026-08-31T06:03:44,,New
e447d2d2f86b,ISRO NESAC/RMT-TEMP/02/2022: Research Scientist & Junior Research Fellow,,"North Eastern-Space Applications Centre (NE-SAC) , Meghalaya",ISRO,,,,,,All India,"North Eastern-Space Applications Centre (NE-SAC) , Meghalaya",Job,2022-11-14,2022-11-30,,,https://www.isro.gov.in/ViewAllOpportunities.html,,https://www.isro.gov.in/ViewAllOpportunities.html,,,Not Applied,Application Closed,official:isro.gov.in,2026-08-31T06:03:42,0.85,Low,Advertisement NESAC/RMT-TEMP/02/2022,"isro,space,central",2026-07-09T19:38:00,2026-08-31T06:03:44,-1370,Expired
661c5b133106,ISRO 09(1)/2022: Recruitment of Assistants and Junior Personal Assistants,,"Physical Research Laboratory (PRL) , Ahmedabad",ISRO,,,,,,All India,"Physical Research Laboratory (PRL) , Ahmedabad",Job,2022-09-26,2022-10-15,,,https://www.isro.gov.in/ViewAllOpportunities.html,,https://www.isro.gov.in/ViewAllOpportunities.html,,,Not Applied,Application Closed,official:isro.gov.in,2026-08-31T06:03:42,0.85,Low,Advertisement 09(1)/2022,"isro,space,central",2026-07-09T19:38:00,2026-08-31T06:03:44,-1416,Expired
57ba3a50d373,ISRO ISRO:ICRB:01(Officer):2021: Recruitment to the Post of Officers in Administrative Areas,,Centralised Recruitment (ICRB),ISRO,,,,,,All India,Centralised Recruitment (ICRB),Job,,,,,https://www.isro.gov.in/ViewAllOpportunities.html,,https://www.isro.gov.in/ViewAllOpportunities.html,,,Not Applied,Verified with Official Website,official:isro.gov.in,2026-08-31T06:03:42,0.85,Low,Advertisement ISRO:ICRB:01(Officer):2021,"isro,space,central",2026-07-09T19:38:00,2026-08-31T06:03:44,,New
9acc5fa04c57,"ISRO ISRO:ICRB:03:2019: Recruitment to the post of Scientist/Engineer 'SC' (Electronics, Mechanical and Computer Science)",,Centralised Recruitment (ICRB),ISRO,,,,,,All India,Centralised Recruitment (ICRB),Job,,,,,https://www.isro.gov.in/ViewAllOpportunities.html,,https://www.isro.gov.in/ViewAllOpportunities.html,,,Not Applied,Verified with Official Website,official:isro.gov.in,2026-08-31T06:03:42,0.85,Low,Advertisement ISRO:ICRB:03:2019,"isro,space,central",2026-07-09T19:38:00,2026-08-31T06:03:44,,New
5c5e4d5100be,"ISRO E.28011/1/2015-V(VIII) (Vol.II): Recruitment of Director Indian Institute of Space Science and Technology (IIST), Thiruvananthapuram",,"Indian Institute of Space Science and Technology (IIST) , Thiruvananthapuram",ISRO,,,,,,All India,"Indian Institute of Space Science and Technology (IIST) , Thiruvananthapuram",Job,,2022-08-05,,,https://www.isro.gov.in/ViewAllOpportunities.html,,https://www.isro.gov.in/ViewAllOpportunities.html,,,Not Applied,Application Closed,official:isro.gov.in,2026-08-31T06:03:42,0.85,Low,Advertisement E.28011/1/2015-V(VIII) (Vol.II),"isro,space,central",2026-07-09T19:38:00,2026-08-31T06:03:44,-1487,Expired
86e6d2078291,"ISRO No.E.28011/1/2015-V(VIII) (Vol.II): Recruitment of Director Indian Institute of Space Science and Technology (IIST), Thiruvananthapuram",,Department of Space (DOS),ISRO,,,,,,All India,Department of Space (DOS),Job,,,,,https://www.isro.gov.in/ViewAllOpportunities.html,,https://www.isro.gov.in/ViewAllOpportunities.html,,,Not Applied,Verified with Official Website,official:isro.gov.in,2026-08-31T06:03:42,0.85,Low,Advertisement No.E.28011/1/2015-V(VIII) (Vol.II),"isro,space,central",2026-07-09T19:38:00,2026-08-31T06:03:44,,New
49a6e128d608,"ISRO B.27011/13/2012-VIII(Vol.III): Recruitment of Director Semi Conductor Laboratory (SCL), Chandigarh",,Department of Space (DOS),ISRO,,,,,,All India,Department of Space (DOS),Job,,2021-05-08,,,https://www.isro.gov.in/ViewAllOpportunities.html,,https://www.isro.gov.in/ViewAllOpportunities.html,,,Not Applied,Application Closed,official:isro.gov.in,2026-08-31T06:03:42,0.85,Low,Advertisement B.27011/13/2012-VIII(Vol.III),"isro,space,central",2026-07-09T19:38:00,2026-08-31T06:03:44,-1941,Expired
b0d59286db4e,"ISRO A.13011/1/2014-1: Recruitment to the post of Chief Controller, Vikram Sarabhai Space Centre (VSSC), Thiruvananthapuram",,Department of Space (DOS),ISRO,,,,,,All India,Department of Space (DOS),Job,,,,,https://www.isro.gov.in/ViewAllOpportunities.html,,https://www.isro.gov.in/ViewAllOpportunities.html,,,Not Applied,Verified with Official Website,official:isro.gov.in,2026-08-31T06:03:42,0.85,Low,Advertisement A.13011/1/2014-1,"isro,space,central",2026-07-09T19:38:00,2026-08-31T06:03:44,,New
c04af3420d01,"ISRO B.28011/1/2015-V/I(Vol.l): Recruitment of Director Indian Institute of Space Science and Technology (IIST), Thiruvananthapuram",,Department of Space (DOS),ISRO,,,,,,All India,Department of Space (DOS),Job,,,,,https://www.isro.gov.in/ViewAllOpportunities.html,,https://www.isro.gov.in/ViewAllOpportunities.html,,,Not Applied,Verified with Official Website,official:isro.gov.in,2026-08-31T06:03:42,0.85,Low,Advertisement B.28011/1/2015-V/I(Vol.l),"isro,space,central",2026-07-09T19:38:00,2026-08-31T06:03:44,,New
846a1abfd779,ISRO IN-SPACe:01:2022: Lateral Recruitment of Deputy/Assistant Director & Sr/Law Officer on Contract/Deputation basis,,Indian National Space Promotion and Authorisation Centre (IN-SPACe),ISRO,,,,,,All India,Indian National Space Promotion and Authorisation Centre (IN-SPACe),Job,2022-05-13,2022-05-31,,,https://www.isro.gov.in/ViewAllOpportunities.html,,https://www.isro.gov.in/ViewAllOpportunities.html,,,Not Applied,Application Closed,official:isro.gov.in,2026-08-31T06:03:42,0.85,Low,Advertisement IN-SPACe:01:2022,"isro,space,central",2026-07-09T19:38:00,2026-08-31T06:03:44,-1553,Expired
0832e070b04e,ISRO HSFC/02/RMT/2021: RECRUITMENT OF JUNIOR TRANSLATION OFFICER,,Human Space Flight Centre (HSFC),ISRO,,,,,,All India,Human Space Flight Centre (HSFC),Job,,,,,https://www.isro.gov.in/ViewAllOpportunities.html,,https://www.isro.gov.in/ViewAllOpportunities.html,,,Not Applied,Verified with Official Website,official:isro.gov.in,2026-08-31T06:03:42,0.85,Low,Advertisement HSFC/02/RMT/2021,"isro,space,central",2026-07-09T19:38:00,2026-08-31T06:03:44,,New
dc447cd2531c,ISRO HSFC/01/RMT/2019: RECRUITMENT OF TECHNICIAN-B / DRAUGHTSMAN-B / TECHNICAL ASSISTANT,,Human Space Flight Centre (HSFC),ISRO,,,,,,All India,Human Space Flight Centre (HSFC),Job,,,,,https://www.isro.gov.in/ViewAllOpportunities.html,,https://www.isro.gov.in/ViewAllOpportunities.html,,,Not Applied,Verified with Official Website,official:isro.gov.in,2026-08-31T06:03:42,0.85,Low,Advertisement HSFC/01/RMT/2019,"isro,space,central",2026-07-09T19:38:00,2026-08-31T06:03:44,,New
37c79aae4c5a,ISRO URSC:01:2020: RECRUITMENT OF TECHNICIAN-B / DRAUGHTSMAN-B / TECHNICAL ASSISTANT/ SCIENTIFIC ASSISTANT /LIBRARY ASSISTANT/ HINDI TYPIST/ CATERING ATTENDANT-‘A’/ COOK/ FIREMAN-‘,,"U R Rao Satellite Centre (URSC) , Bengaluru",ISRO,,,,,,All India,Bengaluru,Job,,,,,https://www.isro.gov.in/ViewAllOpportunities.html,,https://www.isro.gov.in/ViewAllOpportunities.html,,,Not Applied,Verified with Official Website,official:isro.gov.in,2026-08-31T06:03:42,0.85,Low,Advertisement URSC:01:2020,"isro,space,central,bengaluru",2026-07-09T19:38:00,2026-08-31T06:03:44,,New
06031f7f400f,ISRO URSC: 01 :2021: Inviting online applications for Junior Research Fellow (JRF) and Research Associate (RA),,"U R Rao Satellite Centre (URSC) , Bengaluru",ISRO,,,,,,All India,Bengaluru,Job,,,,,https://www.isro.gov.in/ViewAllOpportunities.html,,https://www.isro.gov.in/ViewAllOpportunities.html,,,Not Applied,Verified with Official Website,official:isro.gov.in,2026-08-31T06:03:42,0.85,Low,Advertisement URSC: 01 :2021,"isro,space,central,bengaluru",2026-07-09T19:38:00,2026-08-31T06:03:44,,New
6923e12d41c2,ISRO LPSC/02/2021: Recruitment to various Administrative posts at LPSC Valiamala/Bengaluru,,"Liquid Propulsion Systems Centre (LPSC) , Bengaluru",ISRO,,,,,,All India,"Liquid Propulsion Systems Centre (LPSC) , Bengaluru",Job,,,,,https://www.isro.gov.in/ViewAllOpportunities.html,,https://www.isro.gov.in/ViewAllOpportunities.html,,,Not Applied,Verified with Official Website,official:isro.gov.in,2026-08-31T06:03:42,0.85,Low,Advertisement LPSC/02/2021,"isro,space,central",2026-07-09T19:38:00,2026-08-31T06:03:44,,New
b4597beaee47,ISRO LPSC/01/2021: Recruitment of Scientific Assistant and Junior Translation Officer,,"Liquid Propulsion Systems Centre (LPSC) , Bengaluru",ISRO,,,,,,All India,"Liquid Propulsion Systems Centre (LPSC) , Bengaluru",Job,,,,,https://www.isro.gov.in/ViewAllOpportunities.html,,https://www.isro.gov.in/ViewAllOpportunities.html,,,Not Applied,Verified with Official Website,official:isro.gov.in,2026-08-31T06:03:42,0.85,Low,Advertisement LPSC/01/2021,"isro,space,central",2026-07-09T19:38:00,2026-08-31T06:03:44,,New
68f70c89b2da,"ISRO NRSC-RMT-1-2022: Recruitment of Temporary Research Personnel i.e, JRF, RS, RA",,"National Remote Sensing Centre (NRSC) , Hyderabad",ISRO,,,,,,All India,"National Remote Sensing Centre (NRSC) , Hyderabad",Job,,2022-05-08,,,https://www.isro.gov.in/ViewAllOpportunities.html,,https://www.isro.gov.in/ViewAllOpportunities.html,,,Not Applied,Application Closed,official:isro.gov.in,2026-08-31T06:03:42,0.85,Low,Advertisement NRSC-RMT-1-2022,"isro,space,central",2026-07-09T19:38:00,2026-08-31T06:03:44,-1576,Expired
7008451b6823,ISRO NESAC/RMT-TEMP/01/2021: Research Scientist [Level -10],,"North Eastern-Space Applications Centre (NE-SAC) , Shillong",ISRO,,,,,,All India,"North Eastern-Space Applications Centre (NE-SAC) , Shillong",Job,,,,,https://www.isro.gov.in/ViewAllOpportunities.html,,https://www.isro.gov.in/ViewAllOpportunities.html,,,Not Applied,Verified with Official Website,official:isro.gov.in,2026-08-31T06:03:42,0.85,Low,Advertisement NESAC/RMT-TEMP/01/2021,"isro,space,central",2026-07-09T19:38:00,2026-08-31T06:03:44,,New
933d12e64467,"ISRO SDSC SHAR/RMT/01/2020: Recruitment for the post of Nurse 'B',Lab Technician 'A' and Fireman 'A'",,"SatishDhawan Space Centre (SDSC) SHAR , Sriharikota",ISRO,,,,,,All India,"SatishDhawan Space Centre (SDSC) SHAR , Sriharikota",Job,,,,,https://www.isro.gov.in/ViewAllOpportunities.html,,https://www.isro.gov.in/ViewAllOpportunities.html,,,Not Applied,Verified with Official Website,official:isro.gov.in,2026-08-31T06:03:42,0.85,Low,Advertisement SDSC SHAR/RMT/01/2020,"isro,space,central",2026-07-09T19:38:00,2026-08-31T06:03:44,,New
9e2df8658bc1,"ISRO SAC:02:2020: Recruitment for the Posts of Scientist Engineer-SD, Sci/Engr-SC, Technical Assistants, Technicians & Draughtsman",,"Space Applications Centre (SAC) ,Ahmedabad",ISRO,,,,,,All India,"Space Applications Centre (SAC) ,Ahmedabad",Job,,,,,https://www.isro.gov.in/ViewAllOpportunities.html,,https://www.isro.gov.in/ViewAllOpportunities.html,,,Not Applied,Verified with Official Website,official:isro.gov.in,2026-08-31T06:03:42,0.85,Low,Advertisement SAC:02:2020,"isro,space,central",2026-07-09T19:38:00,2026-08-31T06:03:44,,New
6cdcca5431ba,ISRO VSSC-320 Dated 25.07.2022: JUNIOR RESEARCH FELLOW (JRF),,"Vikram Sarabhai Space Centre (VSSC),Thiruvananthapuram",ISRO,,,,,,All India,"Vikram Sarabhai Space Centre (VSSC),Thiruvananthapuram",Job,,,,,https://www.isro.gov.in/ViewAllOpportunities.html,,https://www.isro.gov.in/ViewAllOpportunities.html,,,Not Applied,Verified with Official Website,official:isro.gov.in,2026-08-31T06:03:42,0.85,Low,Advertisement VSSC-320 Dated 25.07.2022,"isro,space,central",2026-07-09T19:38:00,2026-08-31T06:03:44,,New
331871284cde,Government Notification No.LAW-LAC/35/2026 dated 02.07.2026 appointing 19 candidates as Civil Judges,,Karnataka Judiciary,High Court of Karnataka,,,,,,Karnataka,Bengaluru,Job,,,,,https://judiciary.karnataka.gov.in/,https://judiciary.karnataka.gov.in/common_folder/notification//Civil Judges - 2026- Batch -II.pdf,https://judiciary.karnataka.gov.in/common_folder/notification//Civil Judges - 2026- Batch -II.pdf,,,Not Applied,Verified with Official PDF,official:judiciary.karnataka.gov.in,2026-07-28T20:41:27,0.95,Low,,"karnataka,high court,state",2026-07-09T19:38:00,2026-08-31T06:03:44,,New
b1a5aa288fa4,Revised Notification No. HCRB 8/2025 (Group - D - RPC) and HCRB 9/2025 (Group - D - KKR) dated 02nd July 2026 to the various posts of Group - D,,Karnataka Judiciary,High Court of Karnataka,,,,,,Karnataka,Bengaluru,Job,,,,,https://judiciary.karnataka.gov.in/,,https://judiciary.karnataka.gov.in/recsubnotify.php?p=1242&stateNM=,,,Not Applied,Verified with Official Website,official:judiciary.karnataka.gov.in,2026-07-28T20:41:27,0.85,Low,,"karnataka,high court,state",2026-07-09T19:38:00,2026-08-31T06:03:44,,New
1eda9ff9a510,Notification No: HCRB/ACS-1/2026 (RPC) and Notification No: HCRB/ACS-2/2026 (KKR) DATED 1ST JULY 2026 to the post of ASSISTANT COURT SECRETARY,,Karnataka Judiciary,High Court of Karnataka,,,,,,Karnataka,Bengaluru,Job,,,,,https://judiciary.karnataka.gov.in/,,https://judiciary.karnataka.gov.in/recsubnotify.php?p=1241&stateNM=,,,Not Applied,Verified with Official Website,official:judiciary.karnataka.gov.in,2026-07-28T20:41:27,0.85,Low,,"karnataka,high court,state",2026-07-09T19:38:00,2026-08-31T06:03:44,,New
d564ebc0225a,Notification No: HCRB/DEA-6/2026 (RPC) and Notification No: HCRB/DEA-7/2026 (KKR) FOR RECRUITMENT TO THE POST OF DATA ENTRY ASSISTANT,,Karnataka Judiciary,High Court of Karnataka,,,,,,Karnataka,Bengaluru,Job,,,,,https://judiciary.karnataka.gov.in/,,https://judiciary.karnataka.gov.in/recsubnotify.php?p=1239&stateNM=,,,Not Applied,Verified with Official Website,official:judiciary.karnataka.gov.in,2026-07-28T20:41:27,0.85,Low,,"karnataka,high court,state",2026-07-09T19:38:00,2026-08-31T06:03:44,,New
2487ccd94d7e,Notification No. HCRB/CJR 1/2024 for direct recruitment of 158 Posts of Civil Judges,,Karnataka Judiciary,High Court of Karnataka,,,,,,Karnataka,Bengaluru,Job,,,,,https://judiciary.karnataka.gov.in/,,https://judiciary.karnataka.gov.in/recsubnotify.php?p=803&stateNM=,,,Not Applied,Verified with Official Website,official:judiciary.karnataka.gov.in,2026-07-28T20:41:27,0.85,Low,,"karnataka,high court,state",2026-07-09T19:38:00,2026-08-31T06:03:44,,New
e0144438670c,"Gazette Notification No.HCLC 100/2013, DATED: 22.01.2025 - The gender sensitisation & sexual harassment of women and transgender Person in the precincts of the karnataka high court",,Karnataka Judiciary,High Court of Karnataka,,,,,,Karnataka,Bengaluru,Job,,,,,https://judiciary.karnataka.gov.in/,https://judiciary.karnataka.gov.in/common_folder/notification//gender.pdf,https://judiciary.karnataka.gov.in/common_folder/notification//gender.pdf,,,Not Applied,Verified with Official PDF,official:judiciary.karnataka.gov.in,2026-07-28T20:41:27,0.95,Low,,"karnataka,high court,state",2026-07-09T19:38:00,2026-08-31T06:03:44,,New
4e52839c0ee4,Revised Notification No. HCRB 8/2025 (Group - D - RPC) and HCRB 9/2025 (Group - D - KKR) dated 02nd July 2026 for the various posts of Group - D,,Karnataka Judiciary,High Court of Karnataka,,,,,,Karnataka,Bengaluru,Job,,,,,https://judiciary.karnataka.gov.in/,,https://judiciary.karnataka.gov.in/recsubnotify.php?p=1242&stateNM=,,,Not Applied,Verified with Official Website,official:judiciary.karnataka.gov.in,2026-07-28T20:41:27,0.85,Low,,"karnataka,high court,state",2026-07-09T19:38:00,2026-08-31T06:03:44,,New
279a10e59d43,Notification No. ACK 23/2022 dated 19.12.2023 for recruitment of 02 Research Assistants to Arbitration Centre-Karnataka,,Karnataka Judiciary,High Court of Karnataka,,,,,,Karnataka,Bengaluru,Job,,,,,https://judiciary.karnataka.gov.in/,https://judiciary.karnataka.gov.in/common_folder/notification//notfn-arbitration-research-assis-20122023.pdf,https://judiciary.karnataka.gov.in/common_folder/notification//notfn-arbitration-research-assis-20122023.pdf,,,Not Applied,Verified with Official PDF,official:judiciary.karnataka.gov.in,2026-07-28T20:41:27,0.95,Low,,"karnataka,high court,state",2026-07-09T19:38:00,2026-08-31T06:03:44,,New
87c39fd40a57,KEA: UGNEET-2026 (Medical/Dental/AYUSH),,Government of Karnataka,Karnataka Examinations Authority,,,,,,Karnataka,Karnataka,Job,,,,,https://cetonline.karnataka.gov.in/kea/,,https://cetonline.karnataka.gov.in/kea/ugneet2026.aspx,,,Not Applied,Verified with Official Website,official:cetonline.karnataka.gov.in,2026-07-28T20:41:27,0.85,Low,,"karnataka,kea,state",2026-07-09T19:38:00,2026-08-31T06:03:44,,New
b66db2d0d2ec,KEA: PGCET-2026 (M.Tech/MBA/MCA/M.Arch),,Government of Karnataka,Karnataka Examinations Authority,,,,,,Karnataka,Karnataka,Job,,,,,https://cetonline.karnataka.gov.in/kea/,,https://cetonline.karnataka.gov.in/kea/pgcet2026.aspx,,,Not Applied,Verified with Official Website,official:cetonline.karnataka.gov.in,2026-07-28T20:41:27,0.85,Low,,"karnataka,kea,state",2026-07-09T19:38:00,2026-08-31T06:03:44,,New
02d9e5e0ad90,KEA: Karnataka Residential Educational Institutions Society (KREIS)/ Ekalavya Model Residential School (EMRS) - 2026,,Government of Karnataka,Karnataka Examinations Authority,,,,,,Karnataka,Karnataka,Job,,,,,https://cetonline.karnataka.gov.in/kea/,,https://cetonline.karnataka.gov.in/kea/kreis2026.aspx,,,Not Applied,Verified with Official Website,official:cetonline.karnataka.gov.in,2026-07-28T20:41:27,0.85,Low,,"karnataka,kea,state",2026-07-09T19:38:00,2026-08-31T06:03:44,,New
0a30e8722b26,KEA: IAS / KAS / RRB / BANK /Group-C and SSC - 2026,,Government of Karnataka,Karnataka Examinations Authority,,,,,,Karnataka,Karnataka,Job,,,,,https://cetonline.karnataka.gov.in/kea/,,https://cetonline.karnataka.gov.in/kea/iaskas26,,,Not Applied,Verified with Official Website,official:cetonline.karnataka.gov.in,2026-07-28T20:41:27,0.85,Low,,"karnataka,kea,state",2026-07-09T19:38:00,2026-08-31T06:03:44,,New
26443cbd0d0b,KEA: Armed Police Constable (CAR/DAR) -2026,,Government of Karnataka,Karnataka Examinations Authority,,,,,,Karnataka,Karnataka,Job,,,,,https://cetonline.karnataka.gov.in/kea/,,https://cetonline.karnataka.gov.in/kea/#,,,Not Applied,Verified with Official Website,official:cetonline.karnataka.gov.in,2026-07-28T20:41:27,0.85,Low,,"karnataka,kea,state",2026-07-09T19:38:00,2026-08-31T06:03:44,,New
fbea3ca3776a,KEA: Armed Police Constable (CAR/DAR) (RPC),,Government of Karnataka,Karnataka Examinations Authority,,,,,,Karnataka,Karnataka,Job,,,,,https://cetonline.karnataka.gov.in/kea/,,https://cetonline.karnataka.gov.in/kea/apcrpc,,,Not Applied,Verified with Official Website,official:cetonline.karnataka.gov.in,2026-07-28T20:41:27,0.85,Low,,"karnataka,kea,state",2026-07-09T19:38:00,2026-08-31T06:03:44,,New
54ce956af53b,KEA: Armed Police Constable (CAR/DAR) (KK),,Government of Karnataka,Karnataka Examinations Authority,,,,,,Karnataka,Karnataka,Job,,,,,https://cetonline.karnataka.gov.in/kea/,,https://cetonline.karnataka.gov.in/kea/apckk,,,Not Applied,Verified with Official Website,official:cetonline.karnataka.gov.in,2026-07-28T20:41:27,0.85,Low,,"karnataka,kea,state",2026-07-09T19:38:00,2026-08-31T06:03:44,,New
df468c72de0f,KEA: Civil Police Constable Recruitment - 2026,,Government of Karnataka,Karnataka Examinations Authority,,,,,,Karnataka,Karnataka,Job,,,,,https://cetonline.karnataka.gov.in/kea/,,https://cetonline.karnataka.gov.in/kea/#,,,Not Applied,Verified with Official Website,official:cetonline.karnataka.gov.in,2026-07-28T20:41:27,0.85,Low,,"karnataka,kea,state",2026-07-09T19:38:00,2026-08-31T06:03:44,,New
e04acb52da48,KEA: Civil Police Constable Recruitment (RPC),,Government of Karnataka,Karnataka Examinations Authority,,,,,,Karnataka,Karnataka,Job,,,,,https://cetonline.karnataka.gov.in/kea/,,https://cetonline.karnataka.gov.in/kea/cpcrpc2026.aspx,,,Not Applied,Verified with Official Website,official:cetonline.karnataka.gov.in,2026-07-28T20:41:27,0.85,Low,,"karnataka,kea,state",2026-07-09T19:38:00,2026-08-31T06:03:44,,New
e4c122dce080,KEA: Civil Police Constable Recruitment (KK),,Government of Karnataka,Karnataka Examinations Authority,,,,,,Karnataka,Karnataka,Job,,,,,https://cetonline.karnataka.gov.in/kea/,,https://cetonline.karnataka.gov.in/kea/cpckk2026.aspx,,,Not Applied,Verified with Official Website,official:cetonline.karnataka.gov.in,2026-07-28T20:41:27,0.85,Low,,"karnataka,kea,state",2026-07-09T19:38:00,2026-08-31T06:03:44,,New
b2f664f0544d,KEA: KEA Recruitment (RPC) - 2026,,Government of Karnataka,Karnataka Examinations Authority,,,,,,Karnataka,Karnataka,Job,,,,,https://cetonline.karnataka.gov.in/kea/,,https://cetonline.karnataka.gov.in/kea/kearpcrec2026.aspx,,,Not Applied,Verified with Official Website,official:cetonline.karnataka.gov.in,2026-07-28T20:41:27,0.85,Low,,"karnataka,kea,state",2026-07-09T19:38:00,2026-08-31T06:03:44,,New
6957d7d8c20a,KEA: AGRICULTURE DEPARTMENT (AO & AAO) Recruitment -2026,,Government of Karnataka,Karnataka Examinations Authority,,,,,,Karnataka,Karnataka,Job,,,,,https://cetonline.karnataka.gov.in/kea/,,https://cetonline.karnataka.gov.in/kea/#,,,Not Applied,Verified with Official Website,official:cetonline.karnataka.gov.in,2026-07-28T20:41:27,0.85,Low,,"karnataka,kea,state",2026-07-09T19:38:00,2026-08-31T06:03:44,,New
6bc3d38f7b5b,KEA: AGRICULTURE DEPARTMENT (AO & AAO) Recruitment -2026 (KK),,Government of Karnataka,Karnataka Examinations Authority,,,,,,Karnataka,Karnataka,Job,,,,,https://cetonline.karnataka.gov.in/kea/,,https://cetonline.karnataka.gov.in/kea/agrikk2026.aspx,,,Not Applied,Verified with Official Website,official:cetonline.karnataka.gov.in,2026-07-28T20:41:27,0.85,Low,,"karnataka,kea,state",2026-07-09T19:38:00,2026-08-31T06:03:44,,New
7bb975daeff4,KEA: AGRICULTURE DEPARTMENT (AO & AAO) Recruitment -2026 (RPC),,Government of Karnataka,Karnataka Examinations Authority,,,,,,Karnataka,Karnataka,Job,,,,,https://cetonline.karnataka.gov.in/kea/,,https://cetonline.karnataka.gov.in/kea/agrirpc2026.aspx,,,Not Applied,Verified with Official Website,official:cetonline.karnataka.gov.in,2026-07-28T20:41:27,0.85,Low,,"karnataka,kea,state",2026-07-09T19:38:00,2026-08-31T06:03:44,,New
c0eb547bae1c,KEA: KSLSA (SO) Recruitment -2026,,Government of Karnataka,Karnataka Examinations Authority,,,,,,Karnataka,Karnataka,Job,,,,,https://cetonline.karnataka.gov.in/kea/,,https://cetonline.karnataka.gov.in/kea/#,,,Not Applied,Verified with Official Website,official:cetonline.karnataka.gov.in,2026-07-28T20:41:27,0.85,Low,,"karnataka,kea,state",2026-07-09T19:38:00,2026-08-31T06:03:44,,New
965ad437043b,KEA: KSLSA (SO) Recruitment -2026 (KK),,Government of Karnataka,Karnataka Examinations Authority,,,,,,Karnataka,Karnataka,Job,,,,,https://cetonline.karnataka.gov.in/kea/,,https://cetonline.karnataka.gov.in/kea/kslsakk2026.aspx,,,Not Applied,Verified with Official Website,official:cetonline.karnataka.gov.in,2026-07-28T20:41:27,0.85,Low,,"karnataka,kea,state",2026-07-09T19:38:00,2026-08-31T06:03:44,,New
a86501c2e700,KEA: KSLSA (SO) Recruitment -2026 (RPC),,Government of Karnataka,Karnataka Examinations Authority,,,,,,Karnataka,Karnataka,Job,,,,,https://cetonline.karnataka.gov.in/kea/,,https://cetonline.karnataka.gov.in/kea/kslsark2026.aspx,,,Not Applied,Verified with Official Website,official:cetonline.karnataka.gov.in,2026-07-28T20:41:27,0.85,Low,,"karnataka,kea,state",2026-07-09T19:38:00,2026-08-31T06:03:44,,New
646ab28ec176,KEA: Diploma In Pharmacy Apprenticeship Training - 2026,,Government of Karnataka,Karnataka Examinations Authority,,,,,,Karnataka,Karnataka,Job,,,,,https://cetonline.karnataka.gov.in/kea/,,https://cetonline.karnataka.gov.in/kea/dipharmrec2026.aspx,,,Not Applied,Verified with Official Website,official:cetonline.karnataka.gov.in,2026-07-28T20:41:27,0.85,Low,,"karnataka,kea,state",2026-07-09T19:38:00,2026-08-31T06:03:44,,New
516d962f09b7,KEA: Various Departments Recruitment - 2025,,Government of Karnataka,Karnataka Examinations Authority,,,,,,Karnataka,Karnataka,Job,,,,,https://cetonline.karnataka.gov.in/kea/,,https://cetonline.karnataka.gov.in/kea/#,,,Not Applied,Verified with Official Website,official:cetonline.karnataka.gov.in,2026-07-28T20:41:27,0.85,Low,,"karnataka,kea,state",2026-07-09T19:38:00,2026-08-31T06:03:44,,New
03ddb8215a94,KEA: Various Departments Recruitment (HK) - 2025,,Government of Karnataka,Karnataka Examinations Authority,,,,,,Karnataka,Karnataka,Job,,,,,https://cetonline.karnataka.gov.in/kea/,,https://cetonline.karnataka.gov.in/kea/vdptrechk2025.aspx,,,Not Applied,Verified with Official Website,official:cetonline.karnataka.gov.in,2026-07-28T20:41:27,0.85,Low,,"karnataka,kea,state",2026-07-09T19:38:00,2026-08-31T06:03:44,,New
6b52b5b11eff,KEA: Various Departments Recruitment(NON-HK) - 2025,,Government of Karnataka,Karnataka Examinations Authority,,,,,,Karnataka,Karnataka,Job,,,,,https://cetonline.karnataka.gov.in/kea/,,https://cetonline.karnataka.gov.in/kea/vdptrecnhk2025.aspx,,,Not Applied,Verified with Official Website,official:cetonline.karnataka.gov.in,2026-07-28T20:41:27,0.85,Low,,"karnataka,kea,state",2026-07-09T19:38:00,2026-08-31T06:03:44,,New
85865b3e20b9,KEA: CIVIL JUDGE RECRUITMENT HCK) - 2025,,Government of Karnataka,Karnataka Examinations Authority,,,,,,Karnataka,Karnataka,Job,,,,,https://cetonline.karnataka.gov.in/kea/,,https://cetonline.karnataka.gov.in/kea/civilhck2025.aspx,,,Not Applied,Verified with Official Website,official:cetonline.karnataka.gov.in,2026-07-28T20:41:27,0.85,Low,,"karnataka,kea,state",2026-07-09T19:38:00,2026-08-31T06:03:44,,New
cce3fa39da86,KEA: GTTC/BDA & other recruitment-2024,,Government of Karnataka,Karnataka Examinations Authority,,,,,,Karnataka,Karnataka,Job,,,,,https://cetonline.karnataka.gov.in/kea/,,https://cetonline.karnataka.gov.in/kea/GBOREC2024.aspx,,,Not Applied,Verified with Official Website,official:cetonline.karnataka.gov.in,2026-07-28T20:41:27,0.85,Low,,"karnataka,kea,state",2026-07-09T19:38:00,2026-08-31T06:03:44,,New
a2ca30a350bc,KEA: PSI RECRUITMENT-2024,,Government of Karnataka,Karnataka Examinations Authority,,,,,,Karnataka,Karnataka,Job,,,,,https://cetonline.karnataka.gov.in/kea/,,https://cetonline.karnataka.gov.in/kea/PSIREC2024.aspx,,,Not Applied,Verified with Official Website,official:cetonline.karnataka.gov.in,2026-07-28T20:41:27,0.85,Low,,"karnataka,kea,state",2026-07-09T19:38:00,2026-08-31T06:03:44,,New
bdb59e70824e,KEA: VILLAGE ADMINISTRATIVE OFFICER RECRUITMENT-2024,,Government of Karnataka,Karnataka Examinations Authority,,,,,,Karnataka,Karnataka,Job,,,,,https://cetonline.karnataka.gov.in/kea/,,https://cetonline.karnataka.gov.in/kea/vacrec24.aspx,,,Not Applied,Verified with Official Website,official:cetonline.karnataka.gov.in,2026-07-28T20:41:27,0.85,Low,,"karnataka,kea,state",2026-07-09T19:38:00,2026-08-31T06:03:44,,New
964555e17606,KEA: PSI RECRUITMENT(RE-EXAM)-2023,,Government of Karnataka,Karnataka Examinations Authority,,,,,,Karnataka,Karnataka,Job,,,,,https://cetonline.karnataka.gov.in/kea/,,https://cetonline.karnataka.gov.in/kea/PSI2023.aspx,,,Not Applied,Verified with Official Website,official:cetonline.karnataka.gov.in,2026-07-28T20:41:27,0.85,Low,,"karnataka,kea,state",2026-07-09T19:38:00,2026-08-31T06:03:44,,New
b119f586189d,KEA: KUWSB/BMTC/KKRTC/NWRTC/RGUHS/KSDL 2023 - Recruitment,,Government of Karnataka,Karnataka Examinations Authority,,,,,,Karnataka,Karnataka,Job,,,,,https://cetonline.karnataka.gov.in/kea/,,https://cetonline.karnataka.gov.in/kea/kbknrk2023.aspx,,,Not Applied,Verified with Official Website,official:cetonline.karnataka.gov.in,2026-07-28T20:41:27,0.85,Low,,"karnataka,kea,state",2026-07-09T19:38:00,2026-08-31T06:03:44,,New
9da8e5474470,KEA: Jayadeva 2023 - Recruitment,,Government of Karnataka,Karnataka Examinations Authority,,,,,,Karnataka,Karnataka,Job,,,,,https://cetonline.karnataka.gov.in/kea/,,https://cetonline.karnataka.gov.in/kea/sjmcrec2023.aspx,,,Not Applied,Verified with Official Website,official:cetonline.karnataka.gov.in,2026-07-28T20:41:27,0.85,Low,,"karnataka,kea,state",2026-07-09T19:38:00,2026-08-31T06:03:44,,New
a526278063a8,KEA: KRIDL Recruitment - 2022,,Government of Karnataka,Karnataka Examinations Authority,,,,,,Karnataka,Karnataka,Job,,,,,https://cetonline.karnataka.gov.in/kea/,,https://cetonline.karnataka.gov.in/kea/kridl2022.aspx,,,Not Applied,Verified with Official Website,official:cetonline.karnataka.gov.in,2026-07-28T20:41:27,0.85,Low,,"karnataka,kea,state",2026-07-09T19:38:00,2026-08-31T06:03:44,,New
64ddfd6c77fa,KEA: PU Lecturers Recruitment,,Government of Karnataka,Karnataka Examinations Authority,,,,,,Karnataka,Karnataka,Job,,,,,https://cetonline.karnataka.gov.in/kea/,,https://cetonline.karnataka.gov.in/kea/Recruit.aspx,,,Not Applied,Verified with Official Website,official:cetonline.karnataka.gov.in,2026-07-28T20:41:27,0.85,Low,,"karnataka,kea,state",2026-07-09T19:38:00,2026-08-31T06:03:44,,New
aac8b61baf33,KEA: KEA Recruitment 2024,,Government of Karnataka,Karnataka Examinations Authority,,,,,,Karnataka,Karnataka,Job,,,,,https://cetonline.karnataka.gov.in/kea/,,https://cetonline.karnataka.gov.in/kea/manpower.aspx,,,Not Applied,Verified with Official Website,official:cetonline.karnataka.gov.in,2026-07-28T20:41:27,0.85,Low,,"karnataka,kea,state",2026-07-09T19:38:00,2026-08-31T06:03:44,,New
bd78d582c083,KEA: BPT (PHYSIOTHERAPY) ADDITIONAL SEAT MATRIX -2026 (08/07/2026),,Government of Karnataka,Karnataka Examinations Authority,,,,,,Karnataka,Karnataka,Job,,,,,https://cetonline.karnataka.gov.in/kea/,,https://cetonline.karnataka.gov.in/keawebentry456/ugcet2026/KEA_BPT_Nursing_CompleteLogReport_add_08072026english.pdf,,,Not Applied,Verified with Official Website,official:cetonline.karnataka.gov.in,2026-07-13T11:44:59,0.85,Low,,"karnataka,kea,state",2026-07-09T19:38:00,2026-08-31T06:03:44,,New
09be33473806,KEA: UGCET-2026 : B. Sc AHS COURSES ADDITIONAL SEAT MATRIX - 2026 (08/07/2026),,Government of Karnataka,Karnataka Examinations Authority,,,,,,Karnataka,Karnataka,Job,,,,,https://cetonline.karnataka.gov.in/kea/,,https://cetonline.karnataka.gov.in/keawebentry456/ugcet2026/KEA_AHS_BPO_Nursing_CompleteLogReport_add_08072026english.pdf,,,Not Applied,Verified with Official Website,official:cetonline.karnataka.gov.in,2026-07-13T11:44:59,0.85,Low,,"karnataka,kea,state",2026-07-09T19:38:00,2026-08-31T06:03:44,,New
b002565b1c12,KEA: UGCET-2026 Announcement on the commencement of First round Seat Allotment.,,Government of Karnataka,Karnataka Examinations Authority,,,,,,Karnataka,Karnataka,Job,,,,,https://cetonline.karnataka.gov.in/kea/,,https://cetonline.karnataka.gov.in/keawebentry456/ugcet2026/20260620130646english.pdf,,,Not Applied,Verified with Official Website,official:cetonline.karnataka.gov.in,2026-07-28T20:41:27,0.85,Low,,"karnataka,kea,state",2026-07-09T19:38:00,2026-08-31T06:03:44,,New
05d054c7ae93,KEA: UGCET-2026 First Round Option entry schedule note.,,Government of Karnataka,Karnataka Examinations Authority,,,,,,Karnataka,Karnataka,Job,,,,,https://cetonline.karnataka.gov.in/kea/,,https://cetonline.karnataka.gov.in/keawebentry456/ugcet2026/20260620130557english.pdf,,,Not Applied,Verified with Official Website,official:cetonline.karnataka.gov.in,2026-07-28T20:41:27,0.85,Low,,"karnataka,kea,state",2026-07-09T19:38:00,2026-08-31T06:03:44,,New
dd782eb47fcc,"UPSC: Reserve List: Combined Medical Services Examination, 2025",,Union Public Service Commission,UPSC,,,,,,All India,All India,Exam,,,,,https://upsc.gov.in/,,https://upsc.gov.in/whats-new/Combined%20Medical%20Services%20Examination%2C%202025/Reserve%20List,,,Not Applied,Verified with Official Website,official:upsc.gov.in,2026-07-26T22:00:42,0.85,Low,,"upsc,central,exam",2026-07-09T19:38:01,2026-08-31T06:03:44,,New
7e0736826c66,"UPSC: Written Result (with name): Civil Services (Preliminary) Examination, 2026",,Union Public Service Commission,UPSC,,,,,,All India,All India,Exam,,,,,https://upsc.gov.in/,,https://upsc.gov.in/whats-new/Civil%20Services%20%28Preliminary%29%20Examination%2C%202026/Written%20Result%20%28with%20name%29,,,Not Applied,Verified with Official Website,official:upsc.gov.in,2026-07-13T11:44:59,0.85,Low,,"upsc,central,exam",2026-07-09T19:38:01,2026-08-31T06:03:44,,New
b38d90158954,"UPSC: Examination Time Table: Central Armed Police Forces (ACs) Examination, 2026",,Union Public Service Commission,UPSC,,,,,,All India,All India,Exam,,,,,https://upsc.gov.in/,,https://upsc.gov.in/whats-new/Central%20Armed%20Police%20Forces%20%28ACs%29%20Examination%2C%202026/Examination%20Time%20Table,,,Not Applied,Verified with Official Website,official:upsc.gov.in,2026-07-18T23:40:38,0.85,Low,,"upsc,central,exam",2026-07-09T19:38:01,2026-08-31T06:03:44,,New
6c8510c5d13d,"UPSC: Written Result (with name): Indian Forest Service (Preliminary) Examination, 2026 through CS(P) Examination, 2026",,Union Public Service Commission,UPSC,,,,,,All India,All India,Exam,,,,,https://upsc.gov.in/,,https://upsc.gov.in/whats-new/Indian%20Forest%20Service%20%28Preliminary%29%20Examination%2C%202026%20through%20CS%28P%29%20Examination%2C%202026/Written%20Result%20%28with%20name%29,,,Not Applied,Verified with Official Website,official:upsc.gov.in,2026-07-13T11:44:59,0.85,Low,,"upsc,central,exam",2026-07-09T19:38:01,2026-08-31T06:03:44,,New
2a55ae762d7f,"UPSC: Written Result: Indian Forest Service (Preliminary) Examination, 2026 through CS(P) Examination, 2026",,Union Public Service Commission,UPSC,,,,,,All India,All India,Exam,,,,,https://upsc.gov.in/,,https://upsc.gov.in/whats-new/Indian%20Forest%20Service%20%28Preliminary%29%20Examination%2C%202026%20through%20CS%28P%29%20Examination%2C%202026/Written%20Result,,,Not Applied,Verified with Official Website,official:upsc.gov.in,2026-07-13T11:44:59,0.85,Low,,"upsc,central,exam",2026-07-09T19:38:01,2026-08-31T06:03:44,,New
d8d82ac387aa,"UPSC: Written Result: Civil Services (Preliminary) Examination, 2026",,Union Public Service Commission,UPSC,,,,,,All India,All India,Exam,,,,,https://upsc.gov.in/,,https://upsc.gov.in/whats-new/Civil%20Services%20%28Preliminary%29%20Examination%2C%202026/Written%20Result,,,Not Applied,Verified with Official Website,official:upsc.gov.in,2026-07-13T11:44:59,0.85,Low,,"upsc,central,exam",2026-07-09T19:38:01,2026-08-31T06:03:44,,New
e8a602cefe8a,"UPSC: Reserve List: Central Armed Police Forces (ACs) Examination, 2024",,Union Public Service Commission,UPSC,,,,,,All India,All India,Exam,,,,,https://upsc.gov.in/,,https://upsc.gov.in/whats-new/Central%20Armed%20Police%20Forces%20%28ACs%29%20Examination%2C%202024/Reserve%20List,,,Not Applied,Verified with Official Website,official:upsc.gov.in,2026-07-13T11:44:59,0.85,Low,,"upsc,central,exam",2026-07-09T19:38:01,2026-08-31T06:03:44,,New
3e597427454a,"UPSC: Examination Time Table: Combined Medical Services Examination, 2026",,Union Public Service Commission,UPSC,,,,,,All India,All India,Exam,,,,,https://upsc.gov.in/,,https://upsc.gov.in/whats-new/Combined%20Medical%20Services%20Examination%2C%202026/Examination%20Time%20Table,,,Not Applied,Verified with Official Website,official:upsc.gov.in,2026-07-28T20:41:27,0.85,Low,,"upsc,central,exam",2026-07-09T19:38:01,2026-08-31T06:03:44,,New
a0ff1af0d4a3,UPSC: All candidates appearing in the UPSC Examination will undergo Face Authentication at the venue.,,Union Public Service Commission,UPSC,,,,,,All India,All India,Exam,,,,,https://upsc.gov.in/,,https://upsc.gov.in/content/all-candidates-appearing-upsc-examination-will-undergo-face-authentication-venue,,,Not Applied,Verified with Official Website,official:upsc.gov.in,2026-07-28T20:41:27,0.85,Low,,"upsc,central,exam",2026-07-09T19:38:01,2026-08-31T06:03:44,,New
6d91fcdbba27,IBPS: Notification for Common Recruitment Process for CRP- PO/MTs-XVI,,Institute of Banking Personnel Selection,IBPS,,,,,,All India,All India,Exam,,,,,https://www.ibps.in/index.php/recruitment/,https://www.ibps.in/wp-content/uploads/Detailed-Notification_CRP-PO-XVI_Final_V1_30.06.2026.pdf,https://www.ibps.in/wp-content/uploads/Detailed-Notification_CRP-PO-XVI_Final_V1_30.06.2026.pdf,,,Not Applied,Verified with Official PDF,official:ibps.in,2026-08-31T06:03:42,0.95,Low,,"ibps,banking,central",2026-07-09T19:38:04,2026-08-31T06:03:44,,New
38b1c543df1a,IBPS: Apply Online for Common Recruitment Process under CRP- PO/MTs –XVI,,Institute of Banking Personnel Selection,IBPS,,,,,,All India,All India,Exam,,,,,https://www.ibps.in/index.php/recruitment/,,https://www.ibps.in/index.php/management-trainees-xvi/,,,Not Applied,Verified with Official Website,official:ibps.in,2026-07-26T22:00:42,0.85,Low,,"ibps,banking,central",2026-07-09T19:38:04,2026-08-31T06:03:44,,New
72ea41d9bf79,IBPS: Notification for Common Recruitment Process for CRP- SPL-XVI,,Institute of Banking Personnel Selection,IBPS,,,,,,All India,All India,Exam,,,,,https://www.ibps.in/index.php/recruitment/,https://www.ibps.in/wp-content/uploads/Detailed-Notification-CRP-SPL-XVI_Final_V1_30.06.2026.pdf,https://www.ibps.in/wp-content/uploads/Detailed-Notification-CRP-SPL-XVI_Final_V1_30.06.2026.pdf,,,Not Applied,Verified with Official PDF,official:ibps.in,2026-07-31T15:07:13,0.95,Low,,"ibps,banking,central",2026-07-09T19:38:04,2026-08-31T06:03:44,,New
51552f200f09,IBPS: Apply Online for Common Recruitment Process under CRP-SPL-XVI,,Institute of Banking Personnel Selection,IBPS,,,,,,All India,All India,Exam,,,,,https://www.ibps.in/index.php/recruitment/,,https://www.ibps.in/index.php/specialist-officers-xvi/,,,Not Applied,Verified with Official Website,official:ibps.in,2026-07-20T17:05:37,0.85,Low,,"ibps,banking,central",2026-07-09T19:38:04,2026-08-31T06:03:44,,New
ec95bd2ff71c,IBPS: JDCCB Recruitment of Various Post Registration From 07-Jul-2026,,Institute of Banking Personnel Selection,IBPS,,,,,,All India,All India,Exam,,,,,https://www.ibps.in/index.php/recruitment/,,https://ibpsreg.ibps.in/jdccbjun26/,,,Not Applied,Verified with Official Website,official:ibps.in,2026-07-18T23:40:38,0.85,Low,,"ibps,banking,central",2026-07-09T19:38:04,2026-08-31T06:03:44,,New
f14420c146b6,IBPS: BOI Recruitment of Credit Officers in GBO stream Registration From 30-Jun-2026,,Institute of Banking Personnel Selection,IBPS,,,,,,All India,All India,Exam,,,,,https://www.ibps.in/index.php/recruitment/,,https://ibpsreg.ibps.in/boicojun26/,,,Not Applied,Verified with Official Website,official:ibps.in,2026-07-20T17:05:37,0.85,Low,,"ibps,banking,central",2026-07-09T19:38:04,2026-08-31T06:03:44,,New
ccac08fce58d,IBPS: RBI Lateral Recruitment of Site Engineers Registration From 29-Jun-2026,,Institute of Banking Personnel Selection,IBPS,,,,,,All India,All India,Exam,,,,,https://www.ibps.in/index.php/recruitment/,,https://ibpsreg.ibps.in/rbisejun26/,,,Not Applied,Verified with Official Website,official:ibps.in,2026-07-20T17:05:37,0.85,Low,,"ibps,banking,central",2026-07-09T19:38:04,2026-08-31T06:03:44,,New
df124ed2dfe8,IBPS: SBI Recruitment Of Specialist Cadre Officer (Assistant Manager (Law)/DM Registration From 24-Jun-2026,,Institute of Banking Personnel Selection,IBPS,,,,,,All India,All India,Exam,,,,,https://www.ibps.in/index.php/recruitment/,,https://ibpsreg.ibps.in/sbiscoljun26/,,,Not Applied,Verified with Official Website,official:ibps.in,2026-07-14T23:40:38,0.85,Low,,"ibps,banking,central",2026-07-09T19:38:04,2026-08-31T06:03:44,,New
1f8689d713f5,IBPS: SBI Recruitment Of Specialist Cadre Officer (Bank Medical Officer) Registration From 24-Jun-2026,,Institute of Banking Personnel Selection,IBPS,,,,,,All India,All India,Exam,,,,,https://www.ibps.in/index.php/recruitment/,,https://ibpsreg.ibps.in/sbiscojun26/,,,Not Applied,Verified with Official Website,official:ibps.in,2026-07-20T17:05:37,0.85,Low,,"ibps,banking,central",2026-07-09T19:38:04,2026-08-31T06:03:44,,New
4110c19d8a82,IBPS: CERSAI Recruitment of Various Posts Registration From 21-Jun-2026,,Institute of Banking Personnel Selection,IBPS,,,,,,All India,All India,Exam,,,,,https://www.ibps.in/index.php/recruitment/,,https://ibpsreg.ibps.in/crsarsimay26/,,,Not Applied,Verified with Official Website,official:ibps.in,2026-07-20T17:05:37,0.85,Low,,"ibps,banking,central",2026-07-09T19:38:04,2026-08-31T06:03:44,,New
14e0b33e3461,IBPS: BIP Recruitment of Various post Registration From 06-Jun-2025,,Institute of Banking Personnel Selection,IBPS,,,,,,All India,All India,Exam,,,,,https://www.ibps.in/index.php/recruitment/,,https://ibpsreg.ibps.in/biprjan26/,,,Not Applied,Verified with Official Website,official:ibps.in,2026-08-03T18:24:29,0.85,Low,,"ibps,banking,central",2026-07-09T19:38:04,2026-08-31T06:03:44,,New
950b24b5dceb,Agniveervayu Star Intake 02/2026,,Ministry of Defence,Indian Air Force (CASB),,,,,,All India,All India,Job,,,,,https://agnipathvayu.cdac.in/AV/,,https://agnipathvayu.cdac.in/AV/,,,Not Applied,Verified with Official Website,official:agnipathvayu.cdac.in,2026-07-28T20:41:28,0.85,Low,,"defence,air force,agniveer,central",2026-07-09T19:38:04,2026-08-31T06:03:44,,New
ac346e8065ab,Agniveervayu Other Than Science Subject Recruitment Rally Intake 02/2026 Agniveervayu Intake 01/2026,,Ministry of Defence,Indian Air Force (CASB),,,,,,All India,All India,Job,,,,,https://agnipathvayu.cdac.in/AV/,,https://agnipathvayu.cdac.in/AV/,,,Not Applied,Verified with Official Website,official:agnipathvayu.cdac.in,2026-07-28T20:41:28,0.85,Low,,"defence,air force,agniveer,central",2026-07-09T19:38:04,2026-08-31T06:03:44,,New
dce7ed17ece1,SSC CHT 2026 Tentative Vacancy PDF Out,,,,,,,,,,,Job,,,,,,,https://www.freejobalert.com/articles/ssc-cht-2026-tentative-vacancy-3057478,,,Not Applied,Unverified,aggregator:freejobalert.com,2026-07-13T23:59:25,0.3,Low,Found via aggregator - needs official confirmation,aggregator,2026-07-09T19:38:24,2026-08-31T06:03:44,,New
66103b82ca0e,"CCI 148 MT, Junior Assistant and More Posts Online Form 2026",,,,,,,,,,,Job,,,,,,,https://www.freejobalert.com/articles/cci-recruitment-2026-apply-online-for-148-management-trainee-junior-assistant-and-more-posts-3057011,,,Not Applied,Unverified,aggregator:freejobalert.com,2026-07-12T15:27:41,0.3,Low,Found via aggregator - needs official confirmation,aggregator,2026-07-09T19:38:24,2026-08-31T06:03:44,,New
5f42cfb4e481,CWC Young Professional Recruitment 2026 – Apply Online for 06 Posts | Last Date 22-07-2026,,,CWC,,,,,,All India,All India,Job,,,,,,,https://www.indgovtjobs.in/2026/07/cwc-young-professional-recruitment.html,,,Not Applied,Unverified,aggregator:indgovtjobs.in,2026-07-10T08:13:04,0.3,Low,Found via aggregator - needs official confirmation,"aggregator,indgovtjobs.in",2026-07-09T21:15:11,2026-08-31T06:03:44,,New
0a1c54b9a367,ICAR IVRI Young Professional Vacancy 2026 – Walk in Interview on 15-07-2026,,,ICAR,,,,,,All India,All India,Job,,,,,,,https://www.indgovtjobs.in/2026/07/icar-ivri-young-professional-vacancy.html,,,Not Applied,Unverified,aggregator:indgovtjobs.in,2026-07-10T08:13:04,0.3,Low,Found via aggregator - needs official confirmation,"aggregator,indgovtjobs.in",2026-07-09T21:15:11,2026-08-31T06:03:44,,New
b2df44ba87ed,"Indian Army SSC Technical 68th Men April 2027: Notification, Online Form, 350 Posts | Last Date 07-08-2026",,,Indian,,,,,,All India,All India,Job,,,,,,,https://www.indgovtjobs.in/2026/07/indian-army-ssc-technical-68th-men.html,,,Not Applied,Unverified,aggregator:indgovtjobs.in,2026-07-10T08:13:04,0.3,Low,Found via aggregator - needs official confirmation,"aggregator,indgovtjobs.in",2026-07-09T21:15:11,2026-08-31T06:03:44,,New
a2c09ebe0e2a,UPESSC UP Assistant Professor BEd Online Form 2026 Re Open| Last Date : 20/07/2026,,,UPESSC,,,,,,All India,All India,Job,,,,,,,https://www.sarkariresult.com/2025/upessc-asst-professor-51/,,,Not Applied,Unverified,aggregator:sarkariresult.com,2026-07-20T17:05:38,0.3,Low,Found via aggregator - needs official confirmation,"aggregator,sarkariresult.com",2026-07-09T21:15:13,2026-08-31T06:03:44,,New
a2e6605fd8a3,RRC Prayagraj Apprentice Online Form 2026 | Last Date : 07/08/2026,,,RRC,,,,,,All India,All India,Apprenticeship,,,,,,,https://www.sarkariresult.com/railway/rrc-prayagraj-apprentice-july26/,,,Not Applied,Unverified,aggregator:sarkariresult.com,2026-07-20T17:05:38,0.3,Low,Found via aggregator - needs official confirmation,"aggregator,sarkariresult.com",2026-07-09T21:15:13,2026-08-31T06:03:44,,New
9911046a1cce,IOB Indian Overseas Bank Apprentice 2026 Online Form for 750 Post | Last Date : 20/07/2026,,,IOB,,,,,,All India,All India,Apprenticeship,,,,,,,https://www.sarkariresult.com/2026/iob-apprentice-july26/,,,Not Applied,Unverified,aggregator:sarkariresult.com,2026-07-20T17:05:38,0.3,Low,Found via aggregator - needs official confirmation,"aggregator,sarkariresult.com",2026-07-09T21:15:13,2026-08-31T06:03:44,,New
3c2d2db3a63b,"SBI Assistant Manager Law, Deputy Manager Law Online Form 2026 | Last Date : 14/07/2026",,,SBI,,,,,,All India,All India,Job,,,,,,,https://www.sarkariresult.com/2026/sbi-am-dm-june26/,,,Not Applied,Unverified,aggregator:sarkariresult.com,2026-07-20T17:05:38,0.3,Low,Found via aggregator - needs official confirmation,"aggregator,sarkariresult.com",2026-07-09T21:15:13,2026-08-31T06:03:44,,New
dd393109757d,UPSSSC UP Ganna Parvekshak Cane Supervisor Online Form 2026,,,UPSSSC,,,,,,All India,All India,Job,,,,,,,https://www.sarkariresult.com/upsssc/upsssc-cane-13-exam-2026/,,,Not Applied,Unverified,aggregator:sarkariresult.com,2026-07-20T17:05:38,0.3,Low,Found via aggregator - needs official confirmation,"aggregator,sarkariresult.com",2026-07-09T21:15:13,2026-08-31T06:03:44,,New
f01955ef1026,BSUSC Bihar Assistant Professor Online Form 2026 | Last Date : 15/07/2026,,,BSUSC,,,,,,All India,All India,Job,,,,,,,https://www.sarkariresult.com/2026/bihar-bsusc-ap-june26/,,,Not Applied,Unverified,aggregator:sarkariresult.com,2026-07-17T23:40:37,0.3,Low,Found via aggregator - needs official confirmation,"aggregator,sarkariresult.com",2026-07-09T21:15:13,2026-08-31T06:03:44,,New
230cda599704,Indian Air Force Group Y Medical Assistant Online Form 2026 | Intake 02/2027 | Last Date : 26/07/2026,,,Indian,,,,,,All India,All India,Job,,,,,,,https://www.sarkariresult.com/2026/indian-air-force-medical-assistant/,,,Not Applied,Unverified,aggregator:sarkariresult.com,2026-07-17T23:40:37,0.3,Low,Found via aggregator - needs official confirmation,"aggregator,sarkariresult.com",2026-07-09T21:15:13,2026-08-31T06:03:44,,New
2cf95773a9a4,Indian Air Force Agniveervayu Intake 02/2027 Online Form 2026 | Last Date : 26/07/2026,,,Indian,,,,,,All India,All India,Job,,,,,,,https://www.sarkariresult.com/force/indian-airforce-agniveervayu-02-2027/,,,Not Applied,Unverified,aggregator:sarkariresult.com,2026-07-17T23:40:37,0.3,Low,Found via aggregator - needs official confirmation,"aggregator,sarkariresult.com",2026-07-09T21:15:13,2026-08-31T06:03:44,,New
67d323d972b2,Haryana HSSC Group D CET Online Form 2026 | Last Date : 05/07/2026,,,Haryana,,,,,,All India,All India,Job,,,,,,,https://www.sarkariresult.com/2026/hssc-group-d-05-2026/,,,Not Applied,Unverified,aggregator:sarkariresult.com,2026-07-17T23:40:37,0.3,Low,Found via aggregator - needs official confirmation,"aggregator,sarkariresult.com",2026-07-09T21:15:13,2026-08-31T06:03:44,,New
869d9ca09581,Bihar Police BPSSC Sub Inspector SI Online Form 2026 | Last Date : 09/08/2026,,,Bihar,,,,,,All India,All India,Job,,,,,,,https://www.sarkariresult.com/2026/bpssc-si-advt-09-2026/,,,Not Applied,Unverified,aggregator:sarkariresult.com,2026-07-17T23:40:37,0.3,Low,Found via aggregator - needs official confirmation,"aggregator,sarkariresult.com",2026-07-09T21:15:13,2026-08-31T06:03:44,,New
dd8f1cd6695e,Delhi High Court Higher Judicial Service HJS Online Form 2026 | Last Date : 15/07/2026,,,Delhi,,,,,,All India,All India,Job,,,,,,,https://www.sarkariresult.com/2026/delhi-hc-hjs-july26/,,,Not Applied,Unverified,aggregator:sarkariresult.com,2026-07-16T18:44:29,0.3,Low,Found via aggregator - needs official confirmation,"aggregator,sarkariresult.com",2026-07-09T21:15:13,2026-08-31T06:03:44,,New
55b4a6b50093,IBPS Specialist Officer 16th Online Form 2026 | Last Date : 21/07/2026,,,IBPS,,,,,,All India,All India,Job,,,,,,,https://www.sarkariresult.com/2026/ibps-so-16th-june26/,,,Not Applied,Unverified,aggregator:sarkariresult.com,2026-07-16T18:44:29,0.3,Low,Found via aggregator - needs official confirmation,"aggregator,sarkariresult.com",2026-07-09T21:15:13,2026-08-31T06:03:44,,New
8c608f5402ff,IBPS Probationary Officer PO / MT 16th Online Form 2026 | Last Date : 21/07/2026,,,IBPS,,,,,,All India,All India,Job,,,,,,,https://www.sarkariresult.com/2026/ibps-po-xvi-mt-june26/,,,Not Applied,Unverified,aggregator:sarkariresult.com,2026-07-14T23:40:39,0.3,Low,Found via aggregator - needs official confirmation,"aggregator,sarkariresult.com",2026-07-09T21:15:13,2026-08-31T06:03:44,,New
80b6f8cbfac2,UPSSSC Forest Guard / Wild Life Guard Online Form 2026 | Last Date : 20/07/2026,,,UPSSSC,,,,,,All India,All India,Job,,,,,,,https://www.sarkariresult.com/upsssc/upsssc-forest-guard-12-exam-2026/,,,Not Applied,Unverified,aggregator:sarkariresult.com,2026-07-14T23:40:39,0.3,Low,Found via aggregator - needs official confirmation,"aggregator,sarkariresult.com",2026-07-09T21:15:13,2026-08-31T06:03:44,,New
1827b9313bb4,Railway RRB Technician CEN 02/2026 Online Form 2026 for 6557Post | Last Date : 29/07/2026,,,Railway,,,,,,All India,All India,Job,,,,,,,https://www.sarkariresult.com/railway/rrb-technician-cen-02-2026/,,,Not Applied,Unverified,aggregator:sarkariresult.com,2026-07-14T23:40:39,0.3,Low,Found via aggregator - needs official confirmation,"aggregator,sarkariresult.com",2026-07-09T21:15:13,2026-08-31T06:03:44,,New
99b9ebbe0f2e,Bank of India Credit Officers Online Form 2026 for 779,,,Bank,,,,,,All India,All India,Job,,,,,,,https://www.sarkariresult.com/bank/boi-credit-officer-jun26/,,,Not Applied,Unverified,aggregator:sarkariresult.com,2026-07-14T23:40:39,0.3,Low,Found via aggregator - needs official confirmation,"aggregator,sarkariresult.com",2026-07-09T21:15:13,2026-08-31T06:03:44,,New
b2c23975f2c2,NTPC Assistant Chemist Trainee Online Form 2026 | Last Date : 10/07/2026,,,NTPC,,,,,,All India,All India,Job,,,,,,,https://www.sarkariresult.com/2026/ntpc-act-june26/,,,Not Applied,Unverified,aggregator:sarkariresult.com,2026-07-13T23:59:26,0.3,Low,Found via aggregator - needs official confirmation,"aggregator,sarkariresult.com",2026-07-09T21:15:13,2026-08-31T06:03:44,,New
4f785fcad022,"Naini Aerospace NAEL Operator, Junior Assistant Online Form 2026 | Last Date : 17/07/2026",,,Naini,,,,,,All India,All India,Job,,,,,,,https://www.sarkariresult.com/2026/nael-aerospace-june26/,,,Not Applied,Unverified,aggregator:sarkariresult.com,2026-07-13T23:59:26,0.3,Low,Found via aggregator - needs official confirmation,"aggregator,sarkariresult.com",2026-07-09T21:15:13,2026-08-31T06:03:44,,New
59133fdcb0b3,ISRO ISTRAC Various Post Online Form 2026 | Last Date : 20/07/2026,,,ISRO,,,,,,All India,All India,Job,,,,,,,https://www.sarkariresult.com/2026/isro-istrac-various-post-june26/,,,Not Applied,Unverified,aggregator:sarkariresult.com,2026-07-13T23:59:26,0.3,Low,Found via aggregator - needs official confirmation,"aggregator,sarkariresult.com",2026-07-09T21:15:13,2026-08-31T06:03:44,,New
504b717a8c8a,BPSSC Bihar Police Company Commander Online Form 2026 | Last Date : 30/07/2026,,,BPSSC,,,,,,All India,All India,Job,,,,,,,https://www.sarkariresult.com/2026/bpssc-company-commander-08-2026/,,,Not Applied,Unverified,aggregator:sarkariresult.com,2026-07-10T08:13:04,0.3,Low,Found via aggregator - needs official confirmation,"aggregator,sarkariresult.com",2026-07-09T21:15:13,2026-08-31T06:03:44,,New
c21ab6d3031a,Police Modern School Prayagraj TGT / PGT Recruitment 2026,,,Police,,,,,,All India,All India,Job,,,,,,,https://www.sarkariresult.com/2026/police-modern-school-prayagraj-2026/,,,Not Applied,Unverified,aggregator:sarkariresult.com,2026-07-10T08:13:04,0.3,Low,Found via aggregator - needs official confirmation,"aggregator,sarkariresult.com",2026-07-09T21:15:13,2026-08-31T06:03:44,,New
e8f4cf2c1860,CTET Central Teacher Eligibility Test 2026 Result,,,CTET,,,,,,Karnataka,Karnataka,Exam,,,,,,,https://www.karnatakacareers.org/result/ctet-exam-result,,,Not Applied,Unverified,aggregator:karnatakacareers.org,2026-07-13T11:45:00,0.3,Low,Found via aggregator - needs official confirmation,"aggregator,karnatakacareers.org",2026-07-09T21:15:15,2026-08-31T06:03:44,,New
ee357bab6e53,"UPSC: Press Note: Central Armed Police Forces (ACs) Examination, 2026",,Union Public Service Commission,UPSC,,,,,,All India,All India,Exam,,,,,https://upsc.gov.in/,,https://upsc.gov.in/whats-new/Central%20Armed%20Police%20Forces%20%28ACs%29%20Examination%2C%202026/Press%20Note,,,Not Applied,Verified with Official Website,official:upsc.gov.in,2026-07-18T23:40:38,0.85,Low,,"upsc,central,exam",2026-07-10T23:40:08,2026-08-31T06:03:44,,New
59a35a75780f,"UPSC: e - Admit Card: Central Armed Police Forces (ACs) Examination, 2026",,Union Public Service Commission,UPSC,,,,,,All India,All India,Exam,,,,,https://upsc.gov.in/,,https://upsc.gov.in/whats-new/Central%20Armed%20Police%20Forces%20%28ACs%29%20Examination%2C%202026/e%20-%20Admit%20Card,,,Not Applied,Verified with Official Website,official:upsc.gov.in,2026-07-13T11:44:59,0.85,Low,,"upsc,central,exam",2026-07-10T23:40:08,2026-08-31T06:03:44,,New
be4d2f5c39ea,"UPSC: Examination Time Table: Civil Services (Main) Examination, 2026",,Union Public Service Commission,UPSC,,,,,,All India,All India,Exam,,,,,https://upsc.gov.in/,,https://upsc.gov.in/whats-new/Civil%20Services%20%28Main%29%20Examination%2C%202026/Examination%20Time%20Table,,,Not Applied,Verified with Official Website,official:upsc.gov.in,2026-07-28T20:41:27,0.85,Low,,"upsc,central,exam",2026-07-10T23:40:08,2026-08-31T06:03:44,,New
d6e98cc1c5e0,BPSSC Bihar Forest Range Officer (FRO) Online Form 2026,,,BPSSC,,,,,,All India,All India,Job,,,,,,,https://www.sarkariresult.com/2026/bpssc-bihar-fro-july26/,,,Not Applied,Unverified,aggregator:sarkariresult.com,2026-07-20T17:05:38,0.3,Low,Found via aggregator - needs official confirmation,"aggregator,sarkariresult.com",2026-07-10T23:40:34,2026-08-31T06:03:44,,New
3254dd27f5cd,IDBI Bank Specialist Officer SO Online Form 2026 | Last Date : 26/07/2026,,,IDBI,,,,,,All India,All India,Job,,,,,,,https://www.sarkariresult.com/2026/idbi-bank-so-july26/,,,Not Applied,Unverified,aggregator:sarkariresult.com,2026-07-20T17:05:38,0.3,Low,Found via aggregator - needs official confirmation,"aggregator,sarkariresult.com",2026-07-10T23:40:34,2026-08-31T06:03:44,,New
08ddbe24b90c,IBPS PO MT XVI Recruitment 2026 – Apply Online for 6715+ Posts | Last Date 21-07-2026,,,IBPS,,,,,,All India,All India,Job,,,,,,,https://www.indgovtjobs.in/2026/07/IBPS-PO-MT-XVI.html,,,Not Applied,Unverified,aggregator:indgovtjobs.in,2026-07-12T15:27:41,0.3,Low,Found via aggregator - needs official confirmation,"aggregator,indgovtjobs.in",2026-07-12T15:27:37,2026-08-31T06:03:44,,New
9423b9f8c2ba,IBPS PO MT XVI Official Notification 2026 Pdf,,,IBPS,,,,,,All India,All India,Job,,,,,,,https://www.ibps.in/wp-content/uploads/Detailed-Notification_CRP-PO-XVI_Final_V1_30.06.2026.pdf,,,Not Applied,Verified with Official Notification,aggregator:indgovtjobs.in,2026-07-12T15:27:41,0.7,Low,Found via aggregator - needs official confirmation,"aggregator,indgovtjobs.in",2026-07-12T15:27:37,2026-08-31T06:03:44,,New
4d3d756383fe,IBPS SO Notification 2026 - Apply Online for 745+ Posts | Last Date 21-07-2026,,,IBPS,,,,,,All India,All India,Job,,,,,,,https://www.indgovtjobs.in/2026/07/IBPS-SO-Notification.html,,,Not Applied,Unverified,aggregator:indgovtjobs.in,2026-07-12T15:27:41,0.3,Low,Found via aggregator - needs official confirmation,"aggregator,indgovtjobs.in",2026-07-12T15:27:37,2026-08-31T06:03:44,,New
d59bffad5a1b,IBPS SO XVI Notification 2026 Pdf,,,IBPS,,,,,,All India,All India,Job,,,,,,,https://drive.google.com/file/d/1_9-SxCam84nI4enDqOJim0NgKZyAa757/view?usp=sharing,,,Not Applied,Unverified,aggregator:indgovtjobs.in,2026-07-12T15:27:41,0.3,Low,Found via aggregator - needs official confirmation,"aggregator,indgovtjobs.in",2026-07-12T15:27:37,2026-08-31T06:03:44,,New
546215143e26,RRB Technician Recruitment 2026 –Apply Online for 6557 Posts | Last Date 29-07-2026,,,RRB,,,,,,All India,All India,Job,,,,,,,https://www.indgovtjobs.in/2026/05/rrb-technician-recruitment.html,,,Not Applied,Unverified,aggregator:indgovtjobs.in,2026-07-12T15:27:41,0.3,Low,Found via aggregator - needs official confirmation,"aggregator,indgovtjobs.in",2026-07-12T15:27:37,2026-08-31T06:03:44,,New
9c6d54c2fbe8,"HPCL Junior Executive Recruitment 2026 – Notification, Online Form, 54 Posts | Last Date 20-07-2026",,,HPCL,,,,,,All India,All India,Job,,,,,,,https://www.indgovtjobs.in/2026/07/hpcl-junior-executive-recruitment.html,,,Not Applied,Unverified,aggregator:indgovtjobs.in,2026-07-13T11:31:32,0.3,Low,Found via aggregator - needs official confirmation,"aggregator,indgovtjobs.in",2026-07-13T11:31:29,2026-08-31T06:03:44,,New
613915a278fc,HPCL Experienced Professionals Recruitment 2026 – Apply Online for 62 Officer Posts | Last Date 20th July 2026,,,HPCL,,,,,,All India,All India,Job,,,,,,,https://www.indgovtjobs.in/2026/07/hpcl-experienced-professionals.html,,,Not Applied,Unverified,aggregator:indgovtjobs.in,2026-07-13T11:31:32,0.3,Low,Found via aggregator - needs official confirmation,"aggregator,indgovtjobs.in",2026-07-13T11:31:29,2026-08-31T06:03:44,,New
445a78ffc3fc,"CICT Associate Professor Recruitment 2026 – Notification, Application Form, 06 Posts",,,CICT,,,,,,All India,All India,Job,,,,,,,https://www.indgovtjobs.in/2026/07/cict-associate-professor-recruitment.html,,,Not Applied,Unverified,aggregator:indgovtjobs.in,2026-07-13T11:31:32,0.3,Low,Found via aggregator - needs official confirmation,"aggregator,indgovtjobs.in",2026-07-13T11:31:29,2026-08-31T06:03:44,,New
6d805bf6147c,IBPS: JDCCB Recruitment of Various Post 07-Jul-2026 18-Jul-2026,,Institute of Banking Personnel Selection,IBPS,,,,,,All India,All India,Exam,,,,,https://www.ibps.in/index.php/recruitment/,,https://ibpsreg.ibps.in/jdccbjun26/,,,Not Applied,Verified with Official Website,official:ibps.in,2026-07-18T23:40:38,0.85,Low,,"ibps,banking,central",2026-07-13T11:44:40,2026-08-31T06:03:44,,New
37aea271c395,IBPS: BOI Recruitment of Credit Officers in GBO stream 30-Jun-2026 20-Jul-2026,,Institute of Banking Personnel Selection,IBPS,,,,,,All India,All India,Exam,,,,,https://www.ibps.in/index.php/recruitment/,,https://ibpsreg.ibps.in/boicojun26/,,,Not Applied,Verified with Official Website,official:ibps.in,2026-07-20T17:05:37,0.85,Low,,"ibps,banking,central",2026-07-13T11:44:40,2026-08-31T06:03:44,,New
64f5fb58370e,IBPS: RBI Lateral Recruitment of Site Engineers 29-Jun-2026 20-Jul-2026,,Institute of Banking Personnel Selection,IBPS,,,,,,All India,All India,Exam,,,,,https://www.ibps.in/index.php/recruitment/,,https://ibpsreg.ibps.in/rbisejun26/,,,Not Applied,Verified with Official Website,official:ibps.in,2026-07-20T17:05:37,0.85,Low,,"ibps,banking,central",2026-07-13T11:44:40,2026-08-31T06:03:44,,New
fe74911be5ab,IBPS: SBI Recruitment Of Specialist Cadre Officer (Assistant Manager (Law)/DM 24-Jun-2026 14-Jul-2026,,Institute of Banking Personnel Selection,IBPS,,,,,,All India,All India,Exam,,,,,https://www.ibps.in/index.php/recruitment/,,https://ibpsreg.ibps.in/sbiscoljun26/,,,Not Applied,Verified with Official Website,official:ibps.in,2026-07-14T23:40:38,0.85,Low,,"ibps,banking,central",2026-07-13T11:44:40,2026-08-31T06:03:44,,New
d65e8b41a249,IBPS: SBI Recruitment Of Specialist Cadre Officer (Bank Medical Officer) 24-Jun-2026 14-Jul-2026,,Institute of Banking Personnel Selection,IBPS,,,,,,All India,All India,Exam,,,,,https://www.ibps.in/index.php/recruitment/,,https://ibpsreg.ibps.in/sbiscojun26/,,,Not Applied,Verified with Official Website,official:ibps.in,2026-07-14T23:40:38,0.85,Low,,"ibps,banking,central",2026-07-13T11:44:40,2026-08-31T06:03:44,,New
76e6ea2d4933,IBPS: CERSAI Recruitment of Various Posts 21-Jun-2026 20-Jun-2026,,Institute of Banking Personnel Selection,IBPS,,,,,,All India,All India,Exam,,,,,https://www.ibps.in/index.php/recruitment/,,https://ibpsreg.ibps.in/crsarsimay26/,,,Not Applied,Verified with Official Website,official:ibps.in,2026-07-20T17:05:37,0.85,Low,,"ibps,banking,central",2026-07-13T11:44:40,2026-08-31T06:03:44,,New
e70a65644056,IBPS: BIP Recruitment of Various post 06-Jun-2025 20-Jul-2026,,Institute of Banking Personnel Selection,IBPS,,,,,,All India,All India,Exam,,,,,https://www.ibps.in/index.php/recruitment/,,https://ibpsreg.ibps.in/biprjan26/,,,Not Applied,Verified with Official Website,official:ibps.in,2026-07-20T17:05:37,0.85,Low,,"ibps,banking,central",2026-07-13T11:44:40,2026-08-31T06:03:44,,New
2ebba66fb0e3,CCRUM Vacancy Advt No 01/2026 – Apply Online for 180 Posts | Last Date 31-07-2026,,,CCRUM,,,,,180,Delhi,Delhi,Job,,2026-07-31,,,,,https://www.indgovtjobs.in/2026/06/CCRUM-Vacancy-Advt-No-01.html,,,Not Applied,Application Closed,aggregator:indgovtjobs.in,2026-08-06T15:01:44,0.3,Low,Found via aggregator - needs official confirmation,"aggregator,indgovtjobs.in,clerk jobs,delhi jobs,nurse jobs,officer jobs",2026-07-13T11:44:56,2026-08-31T06:03:44,-31,Expired
6510c1beeb15,"HPCL Junior Executive Recruitment 2026 – Notification, Online Form, 54 Posts | Last Date 20-07-2026",,,HPCL Junior Executive,,,,,54,All India,All India,Job,,2026-07-20,,,,,https://www.indgovtjobs.in/2026/07/hpcl-junior-executive-recruitment.html,,,Not Applied,Application Closed,aggregator:indgovtjobs.in,2026-07-18T23:40:39,0.3,Low,Found via aggregator - needs official confirmation,"aggregator,indgovtjobs.in,diploma jobs,fire and safety,hpcl,new",2026-07-13T11:44:56,2026-08-31T06:03:44,-42,Expired
3c0c7a7cf99b,HPCL Experienced Professionals Recruitment 2026 – Apply Online for 62 Officer Posts | Last Date 20th July 2026,,,HPCL Experienced Professionals,,,,,,All India,All India,Job,,,,,,,https://www.indgovtjobs.in/2026/07/hpcl-experienced-professionals.html,,,Not Applied,Unverified,aggregator:indgovtjobs.in,2026-07-18T23:40:39,0.3,Low,Found via aggregator - needs official confirmation,"aggregator,indgovtjobs.in,engineer jobs,hpcl",2026-07-13T11:44:56,2026-08-31T06:03:44,,New
ed95ef05743a,"CICT Associate Professor Recruitment 2026 – Notification, Application Form, 06 Posts",,,CICT Associate Professor,,,,,06,All India,All India,Job,,,,,,,https://www.indgovtjobs.in/2026/07/cict-associate-professor-recruitment.html,,,Not Applied,Unverified,aggregator:indgovtjobs.in,2026-07-18T23:40:39,0.3,Low,Found via aggregator - needs official confirmation,"aggregator,indgovtjobs.in,chennai jobs,faculty jobs,institute and university jobs",2026-07-13T11:44:56,2026-08-31T06:03:44,,New
234ddbc42df5,"NABARD Specialist Recruitment 2026 – 08 Posts, Notification, Online Form | Last Date 13-07-2026",,,NABARD Specialist,,,,,08,All India,All India,Job,,2026-07-13,,,,,https://www.indgovtjobs.in/2026/06/nabard-specialist-recruitment.html,,,Not Applied,Application Closed,aggregator:indgovtjobs.in,2026-07-18T23:40:39,0.3,Low,Found via aggregator - needs official confirmation,"aggregator,indgovtjobs.in,engineer jobs,it jobs,nabard,scientist jobs",2026-07-13T11:44:56,2026-08-31T06:03:44,-49,Expired
facb4744821b,IBPS PO MT XVI Recruitment 2026 – Apply Online for 6715+ Posts | Last Date 21-07-2026,,,IBPS PO MT XVI,,,,,6715,All India,All India,Job,,2026-07-21,,,,,https://www.indgovtjobs.in/2026/07/IBPS-PO-MT-XVI.html,,,Not Applied,Application Closed,aggregator:indgovtjobs.in,2026-07-20T17:05:38,0.3,Low,Found via aggregator - needs official confirmation,"aggregator,indgovtjobs.in,bank jobs,ibps,management trainees,new",2026-07-13T11:44:56,2026-08-31T06:03:44,-41,Expired
8fa1c254d3ec,IBPS SO Notification 2026 - Apply Online for 745+ Posts | Last Date 21-07-2026,,,IBPS SO Notification 2026 - Apply Online for 745+ Posts | La,,,,,745,All India,All India,Job,,2026-07-21,,,,,https://www.indgovtjobs.in/2026/07/IBPS-SO-Notification.html,,,Not Applied,Application Closed,aggregator:indgovtjobs.in,2026-07-14T23:40:39,0.3,Low,Found via aggregator - needs official confirmation,"aggregator,indgovtjobs.in,agriculture,ibps,it jobs,law",2026-07-13T11:44:56,2026-08-31T06:03:44,-41,Expired
2440f1ee2500,RRB Technician Recruitment 2026 –Apply Online for 6557 Posts | Last Date 29-07-2026,,,RRB Technician,,,,,6557,All India,All India,Job,,2026-07-29,,,,,https://www.indgovtjobs.in/2026/05/rrb-technician-recruitment.html,,,Not Applied,Application Closed,aggregator:indgovtjobs.in,2026-07-23T17:53:56,0.3,Low,Found via aggregator - needs official confirmation,"aggregator,indgovtjobs.in,diploma jobs,iti jobs,new,railway jobs",2026-07-13T11:44:56,2026-08-31T06:03:44,-33,Expired
38ba695460ee,"Apprentice Government Jobs 2026 (10000+ Vacancies for Fresher ITI, Diploma, Graduates)",,,Apprentice Government Jobs 2026 (10000+ Vacancies for Freshe,,,,,10000,All India,All India,Apprenticeship,,,,,,,https://www.indgovtjobs.in/2017/04/Apprentice-Jobs.html,,,Not Applied,Unverified,aggregator:indgovtjobs.in,2026-07-16T18:44:28,0.3,Low,Found via aggregator - needs official confirmation,"aggregator,indgovtjobs.in,apprenticeship training,top pages",2026-07-13T11:44:56,2026-08-31T06:03:44,,New
af78f272baa3,NPCIL Kudankulam Recruitment 2026 – Notification for 255 Stipendiary Trainee Posts | Last Date 04-08-2026,,,NPCIL Kudankulam,,,,,,Tamil Nadu,Tamil Nadu,Job,,2026-08-04,,,,,https://www.indgovtjobs.in/2026/07/NPCIL-Kudankulam-Recruitment.html,,,Not Applied,Application Closed,aggregator:indgovtjobs.in,2026-07-18T23:40:39,0.3,Low,Found via aggregator - needs official confirmation,"aggregator,indgovtjobs.in,iti jobs,npcil,tamil nadu jobs,technician jobs",2026-07-13T11:44:56,2026-08-31T06:03:44,-27,Expired
210ade9e5bf9,NGEL Recruitment 2026 – Apply Online for 114 Assistant Engineer & DGM Posts | Last Date 31-07-2026,,,NGEL,,,,,,All India,All India,Job,,2026-07-31,,,,,https://www.indgovtjobs.in/2026/06/ngel-engineer-recruitment.html,,,Not Applied,Application Closed,aggregator:indgovtjobs.in,2026-08-06T09:29:52,0.3,Low,Found via aggregator - needs official confirmation,"aggregator,indgovtjobs.in,engineer jobs,manager jobs",2026-07-13T11:44:56,2026-08-31T06:03:44,-31,Expired
c5cff61d9419,BIRAC Recruitment 2026 - Apply Online for 15 Various Posts | Last Date 12-07-2026,,,BIRAC,,,,,,Delhi,Delhi,Job,,2026-07-12,,,,,https://www.indgovtjobs.in/2026/07/birac-recruitment.html,,,Not Applied,Application Closed,aggregator:indgovtjobs.in,2026-07-18T23:40:39,0.3,Low,Found via aggregator - needs official confirmation,"aggregator,indgovtjobs.in,delhi jobs,law,officer jobs,young professionals",2026-07-13T11:44:56,2026-08-31T06:03:44,-50,Expired
759c8c9b2189,Cabinet Secretariat SFO Technical Recruitment 2026 – Application Form for 25 Posts | Last Date 12-07-2026,,,Cabinet Secretariat SFO Technical,,,,,25,Delhi,Delhi,Exam,,2026-07-12,,,,,https://www.indgovtjobs.in/2026/06/cabinet-secretariat-sfo-technical.html,,,Not Applied,Application Closed,aggregator:indgovtjobs.in,2026-07-18T23:40:39,0.3,Low,Found via aggregator - needs official confirmation,"aggregator,indgovtjobs.in,cabinet secretariat,delhi jobs,gate 2026 vacancies,officer jobs",2026-07-13T11:44:56,2026-08-31T06:03:44,-50,Expired
7ba086e4f5b4,UPSC Advertisement No. 08/2026 - Apply Online for 48 Various Posts,,,UPSC Advertisement No. 08/2026 - Apply Online for 48 Various,,,,,,All India,All India,Job,,,,,,,https://www.indgovtjobs.in/2026/07/UPSC-Advertisement-No-08-2026.html,,,Not Applied,Unverified,aggregator:indgovtjobs.in,2026-07-14T23:40:39,0.3,Low,Found via aggregator - needs official confirmation,"aggregator,indgovtjobs.in,faculty jobs,medical jobs,new,officer jobs",2026-07-13T11:44:56,2026-08-31T06:03:44,,New
5dc6467a8564,"SBI Medical Officer Recruitment 2026: Apply Online for 35 Posts, Notification | Last Date 14-07-2026",,,SBI Medical Officer,,,,,35,All India,All India,Job,,2026-07-14,,,,,https://www.indgovtjobs.in/2026/06/sbi-medical-officer-recruitment.html,,,Not Applied,Application Closed,aggregator:indgovtjobs.in,2026-07-14T23:40:39,0.3,Low,Found via aggregator - needs official confirmation,"aggregator,indgovtjobs.in,bank jobs,medical jobs,officer jobs",2026-07-13T11:44:56,2026-08-31T06:03:44,-48,Expired
70ed734b1425,SBI Law Officer Recruitment 2026: Apply Online for 47 Assistant Manager & Deputy Manager Posts | Last Date 14-07-2026,,,SBI Law Officer,,,,,,All India,All India,Job,,2026-07-14,,,,,https://www.indgovtjobs.in/2026/06/SBI-Law-Officer-Recruitment.html,,,Not Applied,Application Closed,aggregator:indgovtjobs.in,2026-07-18T23:40:39,0.3,Low,Found via aggregator - needs official confirmation,"aggregator,indgovtjobs.in,bank jobs,law,officer jobs",2026-07-13T11:44:56,2026-08-31T06:03:44,-48,Expired
16e211681d5c,NEIGRIHMS DEO Recruitment 2026 – Walk in Interview on 17-07-2026,,,NEIGRIHMS DEO,,,,,,Meghalaya,Meghalaya,Job,,,,,,,https://www.indgovtjobs.in/2026/07/neigrihms-deo-recruitment.html,,,Not Applied,Unverified,aggregator:indgovtjobs.in,2026-07-20T17:05:38,0.3,Low,Found via aggregator - needs official confirmation,"aggregator,indgovtjobs.in,data entry jobs,meghalaya jobs",2026-07-13T11:44:56,2026-08-31T06:03:44,,New
a27d081b19cd,NIT Manipur Assistant Professor Recruitment 2026: Apply Online for 07 Posts | Last Date 31-07-2026,,,NIT Manipur Assistant Professor,,,,,07,Manipur,Manipur,Job,,2026-07-31,,,,,https://www.indgovtjobs.in/2026/07/nit-manipur-assistant-professor.html,,,Not Applied,Application Closed,aggregator:indgovtjobs.in,2026-08-06T09:29:52,0.3,Low,Found via aggregator - needs official confirmation,"aggregator,indgovtjobs.in,faculty jobs,institute and university jobs,manipur jobs",2026-07-13T11:44:56,2026-08-31T06:03:44,-31,Expired
1c88e73f0460,HPPSC Police Constable Recruitment 2026: Apply Online for 734 Posts | Last Date 06-08-2026,,,HPPSC Police Constable,,,,,734,Himachal Pradesh,Himachal Pradesh,Job,,2026-08-06,,,,,https://www.indgovtjobs.in/2026/07/hppsc-police-constable-recruitment.html,,,Not Applied,Application Closed,aggregator:indgovtjobs.in,2026-08-07T03:37:17,0.3,Low,Found via aggregator - needs official confirmation,"aggregator,indgovtjobs.in,himachal pradesh jobs,police jobs",2026-07-13T11:44:56,2026-08-31T06:03:44,-25,Expired
5e61ca17dabf,"IIT BHU Assistant Professor Recruitment 2026: Notification, Online Form | Last Date 31-07-2026",,,IIT BHU Assistant Professor,,,,,,Uttar Pradesh,Uttar Pradesh,Job,,2026-07-31,,,,,https://www.indgovtjobs.in/2026/07/iit-bhu-assistant-professor-recruitment.html,,,Not Applied,Application Closed,aggregator:indgovtjobs.in,2026-08-06T09:29:52,0.3,Low,Found via aggregator - needs official confirmation,"aggregator,indgovtjobs.in,faculty jobs,institute and university jobs,uttar pradesh jobs",2026-07-13T11:44:56,2026-08-31T06:03:44,-31,Expired
5610cbbbd65f,Young Professional Recruitment 2026: Latest YP Central Govt Job Vacancies,,,Young Professional,,,,,,All India,All India,Job,,,,,,,https://www.indgovtjobs.in/2026/07/Young-Professional-Recruitment.html,,,Not Applied,Unverified,aggregator:indgovtjobs.in,2026-07-17T23:40:37,0.3,Low,Found via aggregator - needs official confirmation,"aggregator,indgovtjobs.in,top pages",2026-07-13T11:44:56,2026-08-31T06:03:44,,New
67706a492af4,SBI Medical Officer Recruitment 2026 – Apply Offline for Contractual Medical Officer Post in Gurgaon,,,SBI Medical Officer,,,,,,Haryana,Haryana,Job,,,,,,,https://www.indgovtjobs.in/2026/07/sbi-medical-officer-recruitment.html,,,Not Applied,Unverified,aggregator:indgovtjobs.in,2026-07-17T23:40:37,0.3,Low,Found via aggregator - needs official confirmation,"aggregator,indgovtjobs.in,bank jobs,haryana jobs,medical jobs",2026-07-13T11:44:56,2026-08-31T06:03:44,,New
3af35e47150a,ONGC Graduate Trainee Recruitment 2026 Notification Out | Apply Online from 17 July,,,ONGC Graduate Trainee,,,,,,All India,All India,Job,,,,,,,https://www.indgovtjobs.in/2026/07/ongc-graduate-trainee-recruitment.html,,,Not Applied,Unverified,aggregator:indgovtjobs.in,2026-07-17T23:40:37,0.3,Low,Found via aggregator - needs official confirmation,"aggregator,indgovtjobs.in,engineer jobs,gate 2026 vacancies,ongc jobs,upcoming",2026-07-13T11:44:56,2026-08-31T06:03:44,,New
2fe781298a3c,"NIT Mizoram Registrar Recruitment 2026 – Notification, Application Form",,,NIT Mizoram Registrar,,,,,,Mizoram,Mizoram,Job,,,,,,,https://www.indgovtjobs.in/2026/07/nit-mizoram-registrar-recruitment.html,,,Not Applied,Unverified,aggregator:indgovtjobs.in,2026-07-17T23:40:37,0.3,Low,Found via aggregator - needs official confirmation,"aggregator,indgovtjobs.in,institute and university jobs,mizoram jobs",2026-07-13T11:44:56,2026-08-31T06:03:44,,New
5bf73b3f6cf1,NABARD Specialist Recruitment July 2026: Apply Online for 6 Contract Specialist Posts | Last Date 23-07-2026,,,NABARD Specialist,,,,,,All India,All India,Job,,2026-07-23,,,,,https://www.indgovtjobs.in/2026/07/NABARD-Specialist-Recruitment-July-2026.html,,,Not Applied,Application Closed,aggregator:indgovtjobs.in,2026-07-16T18:44:28,0.3,Low,Found via aggregator - needs official confirmation,"aggregator,indgovtjobs.in,it jobs,nabard",2026-07-13T11:44:56,2026-08-31T06:03:44,-39,Expired
6a1ba80c0baf,IDBI Bank SO Recruitment 2026 – Notification for 31 Posts | Last Date 26-07-2026,,,IDBI Bank SO,,,,,31,All India,All India,Job,,2026-07-26,,,,,https://www.indgovtjobs.in/2026/07/IDBI-Bank-SO-Recruitment.html,,,Not Applied,Application Closed,aggregator:indgovtjobs.in,2026-07-17T23:40:37,0.3,Low,Found via aggregator - needs official confirmation,"aggregator,indgovtjobs.in,bank jobs,new,officer jobs",2026-07-13T11:44:56,2026-08-31T06:03:44,-36,Expired
076a22758017,CWC Young Professional Recruitment 2026 – Apply Online for 06 Posts | Last Date 22-07-2026,,,CWC Young Professional,,,,,06,Delhi,Delhi,Job,,2026-07-22,,,,,https://www.indgovtjobs.in/2026/07/cwc-young-professional-recruitment.html,,,Not Applied,Application Closed,aggregator:indgovtjobs.in,2026-07-17T23:40:37,0.3,Low,Found via aggregator - needs official confirmation,"aggregator,indgovtjobs.in,agriculture,delhi jobs,young professionals",2026-07-13T11:44:56,2026-08-31T06:03:44,-40,Expired
b721dc7f0673,ICAR IVRI Young Professional Vacancy 2026 – Walk in Interview on 15-07-2026,,,ICAR IVRI Young Professional,,,,,,Uttar Pradesh,Uttar Pradesh,Job,,,,,,,https://www.indgovtjobs.in/2026/07/icar-ivri-young-professional-vacancy.html,,,Not Applied,Unverified,aggregator:indgovtjobs.in,2026-07-17T23:40:37,0.3,Low,Found via aggregator - needs official confirmation,"aggregator,indgovtjobs.in,icar,uttar pradesh jobs,young professionals",2026-07-13T11:44:56,2026-08-31T06:03:44,,New
e1b250da906c,"Indian Army SSC Technical 68th Men April 2027: Notification, Online Form, 350 Posts | Last Date 07-08-2026",,,"Indian Army SSC Technical 68th Men April 2027: Notification,",,,,,350,All India,All India,Job,,2026-08-07,,,,,https://www.indgovtjobs.in/2026/07/indian-army-ssc-technical-68th-men.html,,,Not Applied,Application Closed,aggregator:indgovtjobs.in,2026-07-31T04:08:24,0.3,Low,Found via aggregator - needs official confirmation,"aggregator,indgovtjobs.in,engineer jobs,indian army,new,technical jobs",2026-07-13T11:44:56,2026-08-31T06:03:44,-24,Expired
ca7603e30152,"CCI Recruitment 2026 - Apply Online for 148 Posts, Notification | Last Date 24-07-2026",,,CCI,,,,,148,All India,All India,Job,,2026-07-24,,,,,https://www.indgovtjobs.in/2026/07/CCI-Recruitment.html,,,Not Applied,Application Closed,aggregator:indgovtjobs.in,2026-07-14T23:40:39,0.3,Low,Found via aggregator - needs official confirmation,"aggregator,indgovtjobs.in,assistants,management trainees,manager jobs,new",2026-07-13T11:44:56,2026-08-31T06:03:44,-38,Expired
6403debccb6c,"ICSIL Recruitment 2026 - Apply Online for DEO, MTS & Driver Posts | Last Date 11-07-2026",,,ICSIL,,,,,,Delhi,Delhi,Job,,2026-07-11,,,,,https://www.indgovtjobs.in/2026/07/ICSIL-Recruitment.html,,,Not Applied,Application Closed,aggregator:indgovtjobs.in,2026-07-17T23:40:37,0.3,Low,Found via aggregator - needs official confirmation,"aggregator,indgovtjobs.in,data entry jobs,delhi jobs,driver jobs",2026-07-13T11:44:56,2026-08-31T06:03:44,-51,Expired
37111f5708f8,Lakshmibai College Non Teaching Recruitment 2026 – Apply Online for 24 Posts | Last Date 11-07-2026,,,Lakshmibai College Non Teaching,,,,,24,Delhi,Delhi,Job,,2026-07-11,,,,,https://www.indgovtjobs.in/2026/06/lakshmibai-college-non-teaching.html,,,Not Applied,Application Closed,aggregator:indgovtjobs.in,2026-07-17T23:40:37,0.3,Low,Found via aggregator - needs official confirmation,"aggregator,indgovtjobs.in,assistants,computer jobs,delhi jobs,institute and university jobs",2026-07-13T11:44:56,2026-08-31T06:03:44,-51,Expired
5a5f4ed79766,IOB Apprentice Recruitment 2026 – Apply Online for 750 Vacancies | Last Date 20-07-2026,,,IOB Apprentice,,,,,750,All India,All India,Apprenticeship,,2026-07-20,,,,,https://www.indgovtjobs.in/2026/07/IOB-Apprentice-Recruitment.html,,,Not Applied,Application Closed,aggregator:indgovtjobs.in,2026-07-14T23:40:39,0.3,Low,Found via aggregator - needs official confirmation,"aggregator,indgovtjobs.in,apprenticeship training,bank jobs,new",2026-07-13T11:44:56,2026-08-31T06:03:44,-42,Expired
8e1bf2ea55b6,Indian Army SSC Tech Women Recruitment 2026 – Apply Online for 31 Posts | Last Date 06-08-2026,,,Indian Army SSC Tech Women,,,,,31,All India,All India,Job,,2026-08-06,,,,,https://www.indgovtjobs.in/2026/07/indian-army-ssc-tech-women-recruitment.html,,,Not Applied,Application Closed,aggregator:indgovtjobs.in,2026-08-11T02:43:53,0.3,Low,Found via aggregator - needs official confirmation,"aggregator,indgovtjobs.in,indian army,technical jobs",2026-07-13T11:44:56,2026-08-31T06:03:44,-25,Expired
d4b65d22faf6,Jalna DCC Bank Recruitment 2026 – Apply Online for 70 Various Posts | Last Date 18-07-2026,,,Jalna DCC Bank,,,,,,Maharashtra,Maharashtra,Job,,2026-07-18,,,,,https://www.indgovtjobs.in/2026/07/Jalna-DCC-Bank-Recruitment.html,,,Not Applied,Application Closed,aggregator:indgovtjobs.in,2026-07-20T17:05:37,0.3,Low,Found via aggregator - needs official confirmation,"aggregator,indgovtjobs.in,bank jobs,clerk jobs,maharashtra jobs,manager jobs",2026-07-13T11:44:56,2026-08-31T06:03:44,-44,Expired
01eb51896806,Bank of Baroda IT Recruitment 2026 – Apply Online for 05 Posts | Last Date 10-07-2026,,,Bank of Baroda IT,,,,,05,All India,All India,Job,,2026-07-10,,,,,https://www.indgovtjobs.in/2026/06/bank-of-baroda-it-recruitment.html,,,Not Applied,Application Closed,aggregator:indgovtjobs.in,2026-07-17T23:40:37,0.3,Low,Found via aggregator - needs official confirmation,"aggregator,indgovtjobs.in,bank jobs,it jobs,top level jobs",2026-07-13T11:44:56,2026-08-31T06:03:44,-52,Expired
15dbef457743,"GIMS Clerical Cadre Recruitment 2026 – Apply Online for 33 Posts, Notification | Last Date 10-07-2026",,,GIMS Clerical Cadre,,,,,33,Uttar Pradesh,Uttar Pradesh,Job,,2026-07-10,,,,,https://www.indgovtjobs.in/2026/06/GIMS-Clerical-Cadre-Recruitment.html,,,Not Applied,Application Closed,aggregator:indgovtjobs.in,2026-07-17T16:17:18,0.3,Low,Found via aggregator - needs official confirmation,"aggregator,indgovtjobs.in,clerk jobs,institute and university jobs,uttar pradesh jobs",2026-07-13T11:44:56,2026-08-31T06:03:44,-52,Expired
67ad92d39370,BBMB Apprentice Recruitment 2026 – Apply Online for 16 Posts | Last Date 10-07-2026,,,BBMB Apprentice,,,,,16,Haryana,Haryana,Apprenticeship,,2026-07-10,,,,,https://www.indgovtjobs.in/2026/06/bbmb-apprentice-recruitment.html,,,Not Applied,Application Closed,aggregator:indgovtjobs.in,2026-07-17T16:17:18,0.3,Low,Found via aggregator - needs official confirmation,"aggregator,indgovtjobs.in,apprenticeship training,haryana jobs,iti jobs",2026-07-13T11:44:56,2026-08-31T06:03:44,-52,Expired
7d6f196ff958,FDDI Junior Faculty & Academic Support Staff Recruitment 2026 - Apply for 03 Posts | Last Date 09-07-2026,,,FDDI Junior Faculty & Academic Support Staff,,,,,03,Telangana,Telangana,Job,,2026-07-09,,,,,https://www.indgovtjobs.in/2026/07/fddi-junior-faculty-academic-support.html,,,Not Applied,Application Closed,aggregator:indgovtjobs.in,2026-07-17T16:17:18,0.3,Low,Found via aggregator - needs official confirmation,"aggregator,indgovtjobs.in,assistants,faculty jobs,hyderabad jobs,telangana jobs",2026-07-13T11:44:56,2026-08-31T06:03:44,-53,Expired
8bcadde76d3f,IIM Mumbai Non Teaching Recruitment 2026 – Apply Online for 11 Posts | Last Date 09-07-2026,,,IIM Mumbai Non Teaching,,,,,11,Maharashtra,Maharashtra,Job,,2026-07-09,,,,,https://www.indgovtjobs.in/2026/06/iim-mumbai-non-teaching-recruitment.html,,,Not Applied,Application Closed,aggregator:indgovtjobs.in,2026-07-17T16:17:18,0.3,Low,Found via aggregator - needs official confirmation,"aggregator,indgovtjobs.in,assistants,institute and university jobs,manager jobs,mumbai jobs",2026-07-13T11:44:56,2026-08-31T06:03:44,-53,Expired
a032c8ad955c,"UPSSSC Havaldar Instructor Recruitment 2026 - Notification, Online Form, 209 Posts | Last Date 09-07-2026",,,UPSSSC Havaldar Instructor,,,,,209,Uttar Pradesh,Uttar Pradesh,Job,,2026-07-09,,,,,https://www.indgovtjobs.in/2026/04/upsssc-havaldar-instructor-recruitment.html,,,Not Applied,Application Closed,aggregator:indgovtjobs.in,2026-07-16T18:44:28,0.3,Low,Found via aggregator - needs official confirmation,"aggregator,indgovtjobs.in,uttar pradesh jobs",2026-07-13T11:44:56,2026-08-31T06:03:44,-53,Expired
c377f9d8e757,NCR Prayagraj Apprentice Recruitment 2026 – Apply Online 1853 Posts | Last Date 07-08-2026,,,NCR Prayagraj Apprentice,,,,,1853,All India,All India,Apprenticeship,,2026-08-07,,,,,https://www.indgovtjobs.in/2026/07/ncr-prayagraj-apprentice-recruitment.html,,,Not Applied,Application Closed,aggregator:indgovtjobs.in,2026-08-12T03:13:35,0.3,Low,Found via aggregator - needs official confirmation,"aggregator,indgovtjobs.in,apprenticeship training,iti jobs,railway jobs",2026-07-13T11:44:56,2026-08-31T06:03:44,-24,Expired
8e156355925a,SAIL Young Professional Recruitment 2026 – Apply Online for 23 Posts | Last Date 31-07-2026,,,SAIL Young Professional,,,,,23,All India,All India,Job,,2026-07-31,,,,,https://www.indgovtjobs.in/2026/07/sail-young-professional-recruitment.html,,,Not Applied,Application Closed,aggregator:indgovtjobs.in,2026-08-06T15:01:44,0.3,Low,Found via aggregator - needs official confirmation,"aggregator,indgovtjobs.in,engineer jobs,sail jobs,young professionals",2026-07-13T11:44:56,2026-08-31T06:03:44,-31,Expired
1cd698f0d673,TMB Job Vacancy 2026 – Apply Online Senior Relationship Manager and Data Scientist Posts,,,TMB Job,,,,,,All India,All India,Job,,,,,,,https://www.indgovtjobs.in/2026/07/TMB-Job-Vacancy.html,,,Not Applied,Unverified,aggregator:indgovtjobs.in,2026-07-16T18:44:28,0.3,Low,Found via aggregator - needs official confirmation,"aggregator,indgovtjobs.in,bank jobs,chennai jobs,manager jobs,scientist jobs",2026-07-13T11:44:56,2026-08-31T06:03:44,,New
3ff710bcf65e,IOCL Apprentice Recruitment 2026 – Apply Online 1624 Posts | Last Date 28-07-2026,,,IOCL Apprentice,,,,,1624,All India,All India,Apprenticeship,,2026-07-28,,,,,https://www.indgovtjobs.in/2026/06/iocl-apprentice-recruitment.html,,,Not Applied,Application Closed,aggregator:indgovtjobs.in,2026-07-20T17:05:38,0.3,Low,Found via aggregator - needs official confirmation,"aggregator,indgovtjobs.in,apprenticeship training,diploma jobs,iocl,iti jobs",2026-07-13T11:44:56,2026-08-31T06:03:44,-34,Expired
371975abd197,"NBEMS Recruitment 2026: Notification, Online Form, 53 Posts | Last Date 31-07-2026",,,NBEMS,,,,,53,All India,All India,Job,,2026-07-31,,,,,https://www.indgovtjobs.in/2026/06/NBEMS-Recruitment.html,,,Not Applied,Application Closed,aggregator:indgovtjobs.in,2026-08-03T10:31:53,0.3,Low,Found via aggregator - needs official confirmation,"aggregator,indgovtjobs.in,accountant,assistants,it jobs,medical jobs",2026-07-13T11:44:56,2026-08-31T06:03:44,-31,Expired
32e5883ec885,TIFR Clerk Trainee Recruitment 2026 – Walk in Selection for 10 Posts,,,TIFR Clerk Trainee,,,,,10,All India,All India,Job,,,,,,,https://www.indgovtjobs.in/2026/06/tifr-clerk-trainee-recruitment.html,,,Not Applied,Unverified,aggregator:indgovtjobs.in,2026-07-14T23:40:39,0.3,Low,Found via aggregator - needs official confirmation,"aggregator,indgovtjobs.in,clerk jobs,mumbai jobs",2026-07-13T11:44:56,2026-08-31T06:03:44,,New
aa29d07e53a9,"RRB Section Controller Recruitment 2026 (119 Posts) – Notification, Online Form | Last Date 14-08-2026",,,RRB Section Controller,,,,,119,All India,All India,Job,,2026-08-14,,,,,https://www.indgovtjobs.in/2026/06/RRB-Section-Controller-Recruitment.html,,,Not Applied,Application Closed,aggregator:indgovtjobs.in,2026-07-13T23:59:25,0.3,Low,Found via aggregator - needs official confirmation,"aggregator,indgovtjobs.in,railway jobs,upcoming",2026-07-13T11:44:56,2026-08-31T06:03:44,-17,Expired
63cfe39c3d27,BEL Chennai Unit Recruitment 2026 – Apply Online for 07 Technician & EAT Posts | Last Date 08-07-2026,,,BEL Chennai Unit,,,,,,Tamil Nadu,Tamil Nadu,Job,,2026-07-08,,,,,https://www.indgovtjobs.in/2026/06/bel-chennai-unit-recruitment.html,,,Not Applied,Application Closed,aggregator:indgovtjobs.in,2026-07-14T23:40:39,0.3,Low,Found via aggregator - needs official confirmation,"aggregator,indgovtjobs.in,bel jobs,chennai jobs,engineer jobs,technician jobs",2026-07-13T11:44:56,2026-08-31T06:03:44,-54,Expired
874e9f7fbe8d,SBI Defence Banking Advisor Recruitment 2026 – Apply Online for 05 Posts | Last Date 08-07-2026,,,SBI Defence Banking Advisor,,,,,05,All India,All India,Job,,2026-07-08,,,,,https://www.indgovtjobs.in/2026/06/sbi-defence-banking-advisor-recruitment.html,,,Not Applied,Application Closed,aggregator:indgovtjobs.in,2026-07-14T23:40:39,0.3,Low,Found via aggregator - needs official confirmation,"aggregator,indgovtjobs.in,bank jobs,defence jobs",2026-07-13T11:44:56,2026-08-31T06:03:44,-54,Expired
ec9f52fd7a22,MSC Bank IT Officer Recruitment 2026 – Apply Offline for 26 Posts | Last Date 08-07-2026,,,MSC Bank IT Officer,,,,,26,Maharashtra,Maharashtra,Job,,2026-07-08,,,,,https://www.indgovtjobs.in/2026/06/msc-bank-it-officer-recruitment-2026.html,,,Not Applied,Application Closed,aggregator:indgovtjobs.in,2026-07-14T23:40:39,0.3,Low,Found via aggregator - needs official confirmation,"aggregator,indgovtjobs.in,bank jobs,it jobs,maharashtra jobs,officer jobs",2026-07-13T11:44:56,2026-08-31T06:03:44,-54,Expired
430df6694551,MSC Bank Treasury Specialized Officer Recruitment 2026 - Notification for 07 Posts | Last Date 08-07-2026,,,MSC Bank Treasury Specialized Officer,,,,,07,Maharashtra,Maharashtra,Job,,2026-07-08,,,,,https://www.indgovtjobs.in/2026/06/msc-bank-treasury-specialized-officer.html,,,Not Applied,Application Closed,aggregator:indgovtjobs.in,2026-07-14T23:40:39,0.3,Low,Found via aggregator - needs official confirmation,"aggregator,indgovtjobs.in,bank jobs,maharashtra jobs,officer jobs",2026-07-13T11:44:56,2026-08-31T06:03:44,-54,Expired
1dcfa46a6ae0,MDL Apprentice Recruitment 2026 – Apply Online for 495 ITI & Non-ITI Posts | Last Date 08-07-2026,,,MDL Apprentice,,,,,,All India,All India,Apprenticeship,,2026-07-08,,,,,https://www.indgovtjobs.in/2026/06/MDL-Apprentice-Recruitment.html,,,Not Applied,Application Closed,aggregator:indgovtjobs.in,2026-07-14T23:40:39,0.3,Low,Found via aggregator - needs official confirmation,"aggregator,indgovtjobs.in,apprenticeship training,iti jobs,mumbai jobs",2026-07-13T11:44:56,2026-08-31T06:03:44,-54,Expired
1af8cfe898ec,Sangli DCC Bank Clerk Recruitment 2026 – Apply Online for 444 Posts | Last Date 08-07-2026,,,Sangli DCC Bank Clerk,,,,,444,Maharashtra,Maharashtra,Job,,2026-07-08,,,,,https://www.indgovtjobs.in/2026/06/sangli-dcc-bank-clerk-recruitment.html,,,Not Applied,Application Closed,aggregator:indgovtjobs.in,2026-07-14T23:40:39,0.3,Low,Found via aggregator - needs official confirmation,"aggregator,indgovtjobs.in,bank jobs,clerk jobs,maharashtra jobs",2026-07-13T11:44:56,2026-08-31T06:03:44,-54,Expired
cf67f483a91e,SBI Probationary Officer Recruitment 2026 – Apply Online for 1500 Posts | Last Date: 08-07-2026,,,SBI Probationary Officer,,,,,1500,All India,All India,Job,,2026-07-08,,,,,https://www.indgovtjobs.in/2026/06/sbi-probationary-officer-recruitment.html,,,Not Applied,Application Closed,aggregator:indgovtjobs.in,2026-07-14T23:40:39,0.3,Low,Found via aggregator - needs official confirmation,"aggregator,indgovtjobs.in,bank jobs,officer jobs",2026-07-13T11:44:56,2026-08-31T06:03:44,-54,Expired
3dfba88b6b43,AAI NER Apprentice Recruitment 2026 - Apply Online for 95 Posts | Last Date 28-07-2026,,,AAI NER Apprentice,,,,,95,All India,All India,Apprenticeship,,2026-07-28,,,,,https://www.indgovtjobs.in/2026/07/aai-ner-apprentice-recruitment.html,,,Not Applied,Application Closed,aggregator:indgovtjobs.in,2026-08-04T09:28:37,0.3,Low,Found via aggregator - needs official confirmation,"aggregator,indgovtjobs.in,aai,apprenticeship training,diploma jobs,engineer jobs",2026-07-13T11:44:56,2026-08-31T06:03:44,-34,Expired
fad1c4d39d67,BSUSC Bihar Assistant Professor Recruitment 2026 Apply Online 3674 Posts | Last Date 15th July 2026,,,BSUSC Bihar Assistant Professor,,,,,3674,Bihar,Bihar,Job,,,,,,,https://www.indgovtjobs.in/2026/07/bsusc-bihar-assistant-professor.html,,,Not Applied,Unverified,aggregator:indgovtjobs.in,2026-07-14T23:40:39,0.3,Low,Found via aggregator - needs official confirmation,"aggregator,indgovtjobs.in,bihar jobs,faculty jobs",2026-07-13T11:44:56,2026-08-31T06:03:44,,New
729e2b6f635e,HPPSC Assistant Professor Recruitment 2026 – Apply Online for 369 Posts | Last Date 14-07-2026,,,HPPSC Assistant Professor,,,,,369,Himachal Pradesh,Himachal Pradesh,Job,,2026-07-14,,,,,https://www.indgovtjobs.in/2026/06/hppsc-assistant-professor-recruitment.html,,,Not Applied,Application Closed,aggregator:indgovtjobs.in,2026-07-18T23:40:39,0.3,Low,Found via aggregator - needs official confirmation,"aggregator,indgovtjobs.in,faculty jobs,himachal pradesh jobs",2026-07-13T11:44:56,2026-08-31T06:03:44,-48,Expired
8e3d1b2b73bd,"Telangana Police Recruitment 2026 Notification Out, 7437 Sanctioned Vacancies",,,Telangana Police,,,,,,Telangana,Telangana,Job,,,,,,,https://www.indgovtjobs.in/2026/07/telangana-police-recruitment.html,,,Not Applied,Unverified,aggregator:indgovtjobs.in,2026-07-14T23:40:39,0.3,Low,Found via aggregator - needs official confirmation,"aggregator,indgovtjobs.in,police jobs,telangana jobs,upcoming",2026-07-13T11:44:56,2026-08-31T06:03:44,,New
5fecda24a57c,"NHSRCL Technician Recruitment 2026: Notification, Online Form, 237 Posts | Last Date 05-08-2026",,,NHSRCL Technician,,,,,237,All India,All India,Job,,2026-08-05,,,,,https://www.indgovtjobs.in/2026/07/NHSRCL-Technician-Recruitment.html,,,Not Applied,Application Closed,aggregator:indgovtjobs.in,2026-08-10T02:48:50,0.3,Low,Found via aggregator - needs official confirmation,"aggregator,indgovtjobs.in,iti jobs,technician jobs",2026-07-13T11:44:56,2026-08-31T06:03:44,-26,Expired
4b6e9f3bd474,DSSSB Advertisement No 03/2026 - Apply Online for 1979 Posts | Last Date 15-07-2026,,,DSSSB Advertisement No 03/2026 - Apply Online for 1979 Posts,,,,,1979,Delhi,Delhi,Job,,2026-07-15,,,,,https://www.indgovtjobs.in/2026/06/dsssb-advt-no-03-2026.html,,,Not Applied,Application Closed,aggregator:indgovtjobs.in,2026-07-20T17:05:38,0.3,Low,Found via aggregator - needs official confirmation,"aggregator,indgovtjobs.in,assistants,data entry jobs,delhi jobs,iti jobs",2026-07-13T11:44:56,2026-08-31T06:03:44,-47,Expired
a836f0d3d3af,IAF Airmen Group Y Medical Assistant Online Form 2026 - Notification | Last Date 26-07-2026,,,IAF Airmen Group Y Medical Assistant Online Form 2026 - Noti,,,,,,All India,All India,Job,,2026-07-26,,,,,https://www.indgovtjobs.in/2026/07/iaf-airmen-group-y-medical-assistant.html,,,Not Applied,Application Closed,aggregator:indgovtjobs.in,2026-08-03T10:31:53,0.3,Low,Found via aggregator - needs official confirmation,"aggregator,indgovtjobs.in,indian air force jobs,medical jobs",2026-07-13T11:44:56,2026-08-31T06:03:44,-36,Expired
8b10d250db7b,Punjab and Haryana High Court Clerk Recruitment 2026 – Apply Online for 1265 Posts | Last Date 09-07-2026,,,Punjab and Haryana High Court Clerk,,,,,1265,Haryana,Haryana,Job,,2026-07-09,,,,,https://www.indgovtjobs.in/2026/05/punjab-and-haryana-high-court-clerk.html,,,Not Applied,Application Closed,aggregator:indgovtjobs.in,2026-07-13T23:59:26,0.3,Low,Found via aggregator - needs official confirmation,"aggregator,indgovtjobs.in,clerk jobs,haryana jobs,high court vacancies,punjab jobs",2026-07-13T11:44:56,2026-08-31T06:03:44,-53,Expired
f2ae7bfa21a7,CISF Paramedical Staff Recruitment 2026 – Online Form 24 ASI Posts | Last Date 07-07-2026,,,CISF Paramedical Staff,,,,,,All India,All India,Job,,2026-07-07,,,,,https://www.indgovtjobs.in/2026/06/CISF-Paramedical-Staff.html,,,Not Applied,Application Closed,aggregator:indgovtjobs.in,2026-07-13T23:59:26,0.3,Low,Found via aggregator - needs official confirmation,"aggregator,indgovtjobs.in,cisf,para medical jobs,pharmacist jobs,police jobs",2026-07-13T11:44:56,2026-08-31T06:03:44,-55,Expired
7789a2310c2b,"NIMHANS Recruitment 2026 – Apply Offline for Neuroanaesthesia Technologist, Accountant & Junior Secretarial Assistant Posts",,,NIMHANS,,,,,,Karnataka,Karnataka,Job,,,,,,,https://www.indgovtjobs.in/2026/06/NIMHANS-Recruitment.html,,,Not Applied,Unverified,aggregator:indgovtjobs.in,2026-07-13T20:20:24,0.3,Low,Found via aggregator - needs official confirmation,"aggregator,indgovtjobs.in,accountant,assistants,karnataka jobs,medical jobs",2026-07-13T11:44:56,2026-08-31T06:03:44,,New
d8db074a9257,BEEI Teacher Jobs 2026 – Apply Online for 34 Posts | Last Date 07-07-2026,,,BEEI Teacher Jobs 2026 – Apply Online for 34 Posts | Last Da,,,,,34,All India,All India,Job,,2026-07-07,,,,,https://www.indgovtjobs.in/2026/06/BEEI-Teacher-Jobs.html,,,Not Applied,Application Closed,aggregator:indgovtjobs.in,2026-07-13T20:20:24,0.3,Low,Found via aggregator - needs official confirmation,"aggregator,indgovtjobs.in,bangalore jobs,bel jobs,teacher jobs",2026-07-13T11:44:56,2026-08-31T06:03:44,-55,Expired
d696f689fa56,SDSC SHAR Teacher Recruitment 2026 – Apply Online for 10 Posts | Last Date 07-07-2026,,,SDSC SHAR Teacher,,,,,10,Andhra Pradesh,Andhra Pradesh,Job,,2026-07-07,,,,,https://www.indgovtjobs.in/2026/06/sdsc-shar-teacher-recruitment.html,,,Not Applied,Application Closed,aggregator:indgovtjobs.in,2026-07-13T20:20:24,0.3,Low,Found via aggregator - needs official confirmation,"aggregator,indgovtjobs.in,andhra pradesh,isro jobs,teacher jobs",2026-07-13T11:44:56,2026-08-31T06:03:44,-55,Expired
d0f0915f56c0,AIIMS Deoghar Manpower Recruitment 2026 Apply for 06 Posts | Last Date 15-07-2026,,,AIIMS Deoghar Manpower,,,,,06,Jharkhand,Jharkhand,Job,,2026-07-15,,,,,https://www.indgovtjobs.in/2026/06/aiims-deoghar-manpower-recruitment.html,,,Not Applied,Application Closed,aggregator:indgovtjobs.in,2026-07-20T17:05:38,0.3,Low,Found via aggregator - needs official confirmation,"aggregator,indgovtjobs.in,aiims,jharkhand jobs,officer jobs,scientist jobs",2026-07-13T11:44:56,2026-08-31T06:03:44,-47,Expired
3e0b7d4bb183,"UPSC Advertisement No.07/2026: Notification, Online Form, 450+ Posts | Last Date 17-07-2026",,,"UPSC Advertisement No.07/2026: Notification, Online Form, 45",,,,,450,All India,All India,Job,,2026-07-17,,,,,https://www.indgovtjobs.in/2026/06/upsc-advertisement-no-07-2026.html,,,Not Applied,Application Closed,aggregator:indgovtjobs.in,2026-07-20T17:05:38,0.3,Low,Found via aggregator - needs official confirmation,"aggregator,indgovtjobs.in,engineer jobs,faculty jobs,law,medical jobs",2026-07-13T11:44:56,2026-08-31T06:03:44,-45,Expired
b0c75c102f0b,Private Bank Jobs for Freshers 2026 – Latest Vacancy Notifications,,,Private Bank Jobs for Freshers 2026 – Latest,,,,,,All India,All India,Job,,,,,,,https://www.indgovtjobs.in/2015/04/private-bank-jobs.html,,,Not Applied,Unverified,aggregator:indgovtjobs.in,2026-07-13T11:45:00,0.3,Low,Found via aggregator - needs official confirmation,"aggregator,indgovtjobs.in,bank jobs",2026-07-13T11:44:56,2026-08-31T06:03:44,,New
19333051e7e5,NFRA Young Professional Recruitment 2026 – Notification for 09 Posts,,,NFRA Young Professional,,,,,09,Delhi,Delhi,Job,,,,,,,https://www.indgovtjobs.in/2026/06/nfra-young-professional-recruitment.html,,,Not Applied,Unverified,aggregator:indgovtjobs.in,2026-07-13T11:45:00,0.3,Low,Found via aggregator - needs official confirmation,"aggregator,indgovtjobs.in,delhi jobs,young professionals",2026-07-13T11:44:56,2026-08-31T06:03:44,,New
dee64234f7b1,IIT ISM Dhanbad Non-Teaching Recruitment 2026: Apply Online for Junior Assistant & Junior Technician Posts | Last Date 06-08-2026,,,IIT ISM Dhanbad Non-Teaching,,,,,,Jharkhand,Jharkhand,Job,,2026-08-06,,,,,https://www.indgovtjobs.in/2026/07/iit-ism-dhanbad-non-teaching.html,,,Not Applied,Application Closed,aggregator:indgovtjobs.in,2026-07-13T11:45:00,0.3,Low,Found via aggregator - needs official confirmation,"aggregator,indgovtjobs.in,assistants,institute and university jobs,jharkhand jobs,technician jobs",2026-07-13T11:44:56,2026-08-31T06:03:44,-25,Expired
31c6013ece22,IIT ISM Dhanbad Junior Technical Superintendent Recruitment 2026: Apply Online for 27 Posts | Last Date 06-08-2026,,,IIT ISM Dhanbad Junior Technical Superintendent,,,,,27,Jharkhand,Jharkhand,Job,,2026-08-06,,,,,https://www.indgovtjobs.in/2026/07/ISM-Dhanbad-Junior-Technical-Superintendent.html,,,Not Applied,Application Closed,aggregator:indgovtjobs.in,2026-08-11T02:43:53,0.3,Low,Found via aggregator - needs official confirmation,"aggregator,indgovtjobs.in,diploma jobs,engineer jobs,institute and university jobs,it jobs",2026-07-13T11:44:56,2026-08-31T06:03:44,-25,Expired
07e4761c6750,NSU Manipur Recruitment 2026 - Apply Online for 09 Teaching and Non Teaching Posts | Last Date 31-07-2026,,,NSU Manipur,,,,,,Manipur,Manipur,Job,,2026-07-31,,,,,https://www.indgovtjobs.in/2026/07/NSU-Manipur-Recruitment.html,,,Not Applied,Application Closed,aggregator:indgovtjobs.in,2026-08-03T10:31:53,0.3,Low,Found via aggregator - needs official confirmation,"aggregator,indgovtjobs.in,assistants,faculty jobs,manipur jobs,nurse jobs",2026-07-13T11:44:56,2026-08-31T06:03:44,-31,Expired
e134cabaa659,"IHMCL Systems Engineer Recruitment 2026: Apply Online, 30 Posts | Last Date 02-08-2026",,,IHMCL Systems Engineer,,,,,30,All India,All India,Job,,2026-08-02,,,,,https://www.indgovtjobs.in/2026/07/IHMCL-Systems-Engineer-Recruitment.html,,,Not Applied,Application Closed,aggregator:indgovtjobs.in,2026-07-23T17:53:57,0.3,Low,Found via aggregator - needs official confirmation,"aggregator,indgovtjobs.in,engineer jobs,gate 2026 vacancies,new",2026-07-13T11:44:56,2026-08-31T06:03:44,-29,Expired
3b3dcf0fed9b,"IAF Agniveervayu Intake 02/2027: Notification, Online Form",,,"IAF Agniveervayu Intake 02/2027: Notification, Online Form",,,,,,All India,All India,Job,,,,,,,https://www.indgovtjobs.in/2026/07/IAF-Agniveervayu-Intake-02-2027.html,,,Not Applied,Unverified,aggregator:indgovtjobs.in,2026-07-13T11:45:00,0.3,Low,Found via aggregator - needs official confirmation,"aggregator,indgovtjobs.in,agneepath jobs,indian air force jobs",2026-07-13T11:44:56,2026-08-31T06:03:44,,New
a7d9b1fdb306,"UPSC: Reserve List: Combined Geo-Scientist (Main) Examination, 2025",,Union Public Service Commission,UPSC,,,,,,All India,All India,Exam,,,,,https://upsc.gov.in/,,https://upsc.gov.in/whats-new/Combined%20Geo-Scientist%20%28Main%29%20Examination%2C%202025/Reserve%20List,,,Not Applied,Verified with Official Website,official:upsc.gov.in,2026-07-28T20:41:27,0.85,Low,,"upsc,central,exam",2026-07-13T20:19:43,2026-08-31T06:03:44,,New
cfe8debf535d,"UPSC: Important instructions for the candidates qualified for the Indian Forest Service (Main) Examination, 2026",,Union Public Service Commission,UPSC,,,,,,All India,All India,Exam,,,,,https://upsc.gov.in/,,https://upsc.gov.in/content/important-instructions-candidates-qualified-indian-forest-service-main-examination-2026,,,Not Applied,Verified with Official Website,official:upsc.gov.in,2026-07-20T17:05:37,0.85,Low,,"upsc,central,exam",2026-07-13T20:19:43,2026-08-31T06:03:44,,New
8907978caea6,RRI Scientific & Technical Posts Recruitment 2026 – Apply Online for 22 Posts | Last Date 31-07-2026,,,RRI Scientific & Technical Posts,,,,,22,Karnataka,Karnataka,Job,,2026-07-31,,,,,https://www.indgovtjobs.in/2026/07/rri-scientific-technical-posts.html,,,Not Applied,Application Closed,aggregator:indgovtjobs.in,2026-08-06T03:57:34,0.3,Low,Found via aggregator - needs official confirmation,"aggregator,indgovtjobs.in,diploma jobs,engineer jobs,it jobs,iti jobs",2026-07-13T20:20:19,2026-08-31T06:03:44,-31,Expired
bd37d8521d64,NHSRCL Junior Engineer Recruitment 2026 – Apply Online for 175 Posts | Last Date 14-07-2026,,,NHSRCL Junior Engineer,,,,,175,All India,All India,Job,,2026-07-14,,,,,https://www.indgovtjobs.in/2026/06/nhsrcl-junior-engineer-recruitment.html,,,Not Applied,Application Closed,aggregator:indgovtjobs.in,2026-07-20T17:05:38,0.3,Low,Found via aggregator - needs official confirmation,"aggregator,indgovtjobs.in,engineer jobs,new,railway jobs",2026-07-13T20:20:19,2026-08-31T06:03:44,-48,Expired
f9fb83046123,NHSRCL Deputy Engineer Recruitment 2026 – Apply Online for 34 Posts | Last Date 14-07-2026,,,NHSRCL Deputy Engineer,,,,,34,All India,All India,Job,,2026-07-14,,,,,https://www.indgovtjobs.in/2026/06/nhsrcl-deputy-engineer-recruitment-2026.html,,,Not Applied,Application Closed,aggregator:indgovtjobs.in,2026-07-18T23:40:39,0.3,Low,Found via aggregator - needs official confirmation,"aggregator,indgovtjobs.in,engineer jobs,railway jobs",2026-07-13T20:20:19,2026-08-31T06:03:44,-48,Expired
f83de0932e7f,IIT Kharagpur Professional Trainees Recruitment 2026: Apply for 10 Posts | Last Date 19-07-2026,,,IIT Kharagpur Professional Trainees,,,,,10,West Bengal,West Bengal,Job,,2026-07-19,,,,,https://www.indgovtjobs.in/2026/07/iit-kharagpur-professional-trainees.html,,,Not Applied,Application Closed,aggregator:indgovtjobs.in,2026-07-23T17:53:57,0.3,Low,Found via aggregator - needs official confirmation,"aggregator,indgovtjobs.in,accountant,west bengal jobs",2026-07-13T20:20:19,2026-08-31T06:03:44,-43,Expired
1b507bb14fa2,NID Andhra Pradesh Non Teaching Recruitment 2026 – Apply Online for 22 Posts | Last Date 24-08-2026,,,NID Andhra Pradesh Non Teaching,,,,,22,Andhra Pradesh,Andhra Pradesh,Job,,2026-08-24,,,,,https://www.indgovtjobs.in/2026/07/nid-andhra-pradesh-non-teaching.html,,,Not Applied,Application Closed,aggregator:indgovtjobs.in,2026-08-30T05:48:12,0.7,Low,Found via aggregator - needs official confirmation,"aggregator,indgovtjobs.in,andhra pradesh,assistants,diploma jobs,faculty jobs",2026-07-13T20:20:19,2026-08-31T06:03:44,-7,Expired
6c6e3c7d205d,Central Railway Scouts & Guides Quota Recruitment 2026 – Apply Online for 12 Posts | Last Date 12-08-2026,,,Central Railway Scouts & Guides Quota,,,,,12,Maharashtra,Maharashtra,Job,,2026-08-12,,,,,https://www.indgovtjobs.in/2026/07/central-railway-scouts-guides-quota.html,,,Not Applied,Application Closed,aggregator:indgovtjobs.in,2026-08-18T13:31:39,0.7,Low,Found via aggregator - needs official confirmation,"aggregator,indgovtjobs.in,maharashtra jobs,railway jobs",2026-07-13T20:20:19,2026-08-31T06:03:44,-19,Expired
9e6503532995,"Central Railway Sports Quota Recruitment 2026 – Apply Online, 59 Group C & D Posts | Last Date 14-08-2026",,,Central Railway Sports Quota,,,,,,Maharashtra,Maharashtra,Job,,2026-08-14,,,,,https://www.indgovtjobs.in/2026/07/central-railway-sports-quota.html,,,Not Applied,Application Closed,aggregator:indgovtjobs.in,2026-07-18T23:40:39,0.3,Low,Found via aggregator - needs official confirmation,"aggregator,indgovtjobs.in,maharashtra jobs,railway jobs,sports vacancies",2026-07-13T20:20:19,2026-08-31T06:03:44,-17,Expired
cf5b3f298da2,CWDB Young Professional Recruitment 2026: Apply for 2 YP Vacancies,,,CWDB Young Professional,,,,,,Rajasthan,Rajasthan,Job,,,,,,,https://www.indgovtjobs.in/2026/07/cwdb-young-professional-recruitment.html,,,Not Applied,Unverified,aggregator:indgovtjobs.in,2026-07-18T23:40:39,0.3,Low,Found via aggregator - needs official confirmation,"aggregator,indgovtjobs.in,rajasthan jobs,young professionals",2026-07-13T20:20:19,2026-08-31T06:03:44,,New
8617acf5161b,Ordnance Factory Nalanda Recruitment 2026: Apply Offline for 12 Project Engineer Posts,,,Ordnance Factory Nalanda,,,,,,Bihar,Bihar,Job,,,,,,,https://www.indgovtjobs.in/2026/07/ordnance-factory-nalanda-recruitment.html,,,Not Applied,Unverified,aggregator:indgovtjobs.in,2026-08-05T03:51:37,0.3,Low,Found via aggregator - needs official confirmation,"aggregator,indgovtjobs.in,bihar jobs,engineer jobs,ordnance factory",2026-07-13T23:59:20,2026-08-31T06:03:44,,New
d66068250c78,"BRIC Scientist Recruitment 2026 – Notification, Online Form | Last Date 09-08-2026",,,BRIC Scientist,,,,,,Odisha,Odisha,Job,,2026-08-09,,,,,https://www.indgovtjobs.in/2026/07/bric-scientist-recruitment-2026.html,,,Not Applied,Application Closed,aggregator:indgovtjobs.in,2026-08-08T17:10:18,0.3,Low,Found via aggregator - needs official confirmation,"aggregator,indgovtjobs.in,odisha jobs,scientist jobs",2026-07-13T23:59:20,2026-08-31T06:03:44,-22,Expired
809ad6348b3f,RRB: Welcome to the New Website of Railway Recruitment Boards.,,Ministry of Railways,Railway Recruitment Boards,,,,,,All India,All India (zone choice incl. Bengaluru),Job,,,,,https://rrb.indianrailways.gov.in/,,https://www.rrbapply.gov.in,,,Not Applied,Verified with Official Website,official:rrb.indianrailways.gov.in,2026-08-28T11:47:13,0.85,Low,,"rrb,railway,central",2026-07-14T23:40:08,2026-08-31T06:03:44,,New
78a2a0b48826,DRDO DMRL Paid Internship Recruitment 2026 – Apply for 20 Posts | Last Date 15-07-2026,,,DRDO DMRL Paid Internship,,,,,20,All India,All India,Job,,2026-07-15,,,,,https://www.indgovtjobs.in/2026/07/drdo-dmrl-paid-internship-recruitment.html,,,Not Applied,Application Closed,aggregator:indgovtjobs.in,2026-07-20T17:05:38,0.3,Low,Found via aggregator - needs official confirmation,"aggregator,indgovtjobs.in,defence jobs,hyderabad jobs,internship",2026-07-14T23:40:32,2026-08-31T06:03:44,-47,Expired
72abb4143a1d,BGSS Bank of Baroda Recruitment 2026 – Apply Online for 468 Posts | Last Date 15-07-2026,,,BGSS Bank of Baroda,,,,,468,Gujarat,Gujarat,Job,,2026-07-15,,,,,https://www.indgovtjobs.in/2026/07/bgss-bank-of-baroda-recruitment.html,,,Not Applied,Application Closed,aggregator:indgovtjobs.in,2026-07-20T17:05:38,0.3,Low,Found via aggregator - needs official confirmation,"aggregator,indgovtjobs.in,bangalore jobs,finance jobs,gujarat jobs,mumbai jobs",2026-07-14T23:40:32,2026-08-31T06:03:44,-47,Expired
e246948e8777,High Court of Delhi Judicial Service Examination 2026 – Apply Online for 27 Posts | Last Date 15-07-2026,,,High Court of Delhi Judicial Service Examination 2026 – Appl,,,,,27,Delhi,Delhi,Exam,,2026-07-15,,,,,https://www.indgovtjobs.in/2026/07/high-court-of-delhi-judicial-service.html,,,Not Applied,Application Closed,aggregator:indgovtjobs.in,2026-07-20T17:05:38,0.3,Low,Found via aggregator - needs official confirmation,"aggregator,indgovtjobs.in,delhi jobs,high court vacancies,law",2026-07-14T23:40:32,2026-08-31T06:03:44,-47,Expired
02f2bcb04281,ICAR IVRI Young Professional II Recruitment 2026 – Walk in Interview,,,ICAR IVRI Young Professional II,,,,,,Uttar Pradesh,Uttar Pradesh,Job,,,,,,,https://www.indgovtjobs.in/2026/07/icar-ivri-young-professional-ii.html,,,Not Applied,Unverified,aggregator:indgovtjobs.in,2026-07-20T17:05:38,0.3,Low,Found via aggregator - needs official confirmation,"aggregator,indgovtjobs.in,icar,uttar pradesh jobs,young professionals",2026-07-14T23:40:32,2026-08-31T06:03:44,,New
0b0bc2129ff4,AVNL Recruitment 2026 – Apply Online for 1213 Executive and Non Executive Posts | Last Date 25-07-2026,,,AVNL,,,,,,All India,All India,Job,,2026-07-25,,,,,https://www.indgovtjobs.in/2026/07/AVNL-Recruitment.html,,,Not Applied,Application Closed,aggregator:indgovtjobs.in,2026-08-02T09:02:51,0.3,Low,Found via aggregator - needs official confirmation,"aggregator,indgovtjobs.in,engineer jobs,manager jobs,technician jobs",2026-07-14T23:40:32,2026-08-31T06:03:44,-37,Expired
2a17154f3309,"HPCL GAT Recruitment 2026 – Notification, Apply Online, 358 Posts | Last Date 31-07-2026",,,HPCL GAT,,,,,358,All India,All India,Job,,2026-07-31,,,,,https://www.indgovtjobs.in/2026/07/HPCL-GAT-Recruitment.html,,,Not Applied,Application Closed,aggregator:indgovtjobs.in,2026-07-14T23:40:38,0.3,Low,Found via aggregator - needs official confirmation,"aggregator,indgovtjobs.in,engineer jobs,hpcl,new",2026-07-14T23:40:32,2026-08-31T06:03:44,-31,Expired
3fb86c897911,OUAT Assistant Recruitment 2026 – Apply Offline for 31 Posts | Last Date 12-08-2026,,,OUAT Assistant,,,,,31,Odisha,Odisha,Job,,2026-08-12,,,,,https://www.indgovtjobs.in/2026/07/ouat-assistant-recruitment.html,,,Not Applied,Application Closed,aggregator:indgovtjobs.in,2026-08-18T13:31:39,0.7,Low,Found via aggregator - needs official confirmation,"aggregator,indgovtjobs.in,assistants,odisha jobs",2026-07-14T23:40:32,2026-08-31T06:03:44,-19,Expired
c3df36d26472,"OUAT Recruitment 2026 – Walk in interview for YP, Helper & Consultant Posts",,,OUAT,,,,,,Odisha,Odisha,Job,,,,,,,https://www.indgovtjobs.in/2026/07/OUAT-Recruitment.html,,,Not Applied,Unverified,aggregator:indgovtjobs.in,2026-07-20T17:05:38,0.3,Low,Found via aggregator - needs official confirmation,"aggregator,indgovtjobs.in,helper jobs,odisha jobs,young professionals",2026-07-14T23:40:32,2026-08-31T06:03:44,,New
ae0da04f4b87,"RRB Section Controller Recruitment 2026 – Notification, Online Form, 119 Posts | Last Date 14-08-2026",,,RRB Section Controller,,,,,119,All India,All India,Job,,2026-08-14,,,,,https://www.indgovtjobs.in/2026/06/RRB-Section-Controller-Recruitment.html,,,Not Applied,Application Closed,aggregator:indgovtjobs.in,2026-07-20T17:05:38,0.3,Low,Found via aggregator - needs official confirmation,"aggregator,indgovtjobs.in,new,railway jobs",2026-07-14T23:40:32,2026-08-31T06:03:44,-17,Expired
a5ab3a0a6d41,IDBI Bank Specialist Officer Phase II 2026-27 – Apply Online for 31 Posts,,,IDBI Bank Specialist Officer Phase II 2026-27 – Apply Online,,,,,31,All India,All India,Job,,,,,,,https://www.indgovtjobs.in/2026/07/idbi-bank-specialist-officer-phase-ii.html,,,Not Applied,Unverified,aggregator:indgovtjobs.in,2026-07-20T17:05:38,0.3,Low,Found via aggregator - needs official confirmation,"aggregator,indgovtjobs.in,bank jobs,engineer jobs,it jobs,new",2026-07-14T23:40:32,2026-08-31T06:03:44,,New
76bf1f06231d,UPSSSC Auditor and Assistant Accountant Online Form 2026,,,UPSSSC,,,,,,All India,All India,Job,,,,,,,https://www.sarkariresult.com/upsssc/upsssc-pet-all-form-2026/,,,Not Applied,Unverified,aggregator:sarkariresult.com,2026-07-26T22:00:43,0.3,Low,Found via aggregator - needs official confirmation,"aggregator,sarkariresult.com",2026-07-14T23:40:35,2026-08-31T06:03:44,,New
6c48db07706d,Railway RRB Section Controller CEN 03/2026 Online Form | Last Date : 14/08/2026,,,Railway,,,,,,All India,All India,Job,,,,,,,https://www.sarkariresult.com/2026/rrb-section-controller-03-2026/,,,Not Applied,Unverified,aggregator:sarkariresult.com,2026-07-23T17:53:58,0.3,Low,Found via aggregator - needs official confirmation,"aggregator,sarkariresult.com",2026-07-14T23:40:35,2026-08-31T06:03:44,,New
549d79e1d37a,UPSSSC OTR One Time Registration Online Form 2026,,,UPSSSC,,,,,,All India,All India,Job,,,,,,,https://www.sarkariresult.com/2026/upsssc-otr-online-form-2026/,,,Not Applied,Unverified,aggregator:sarkariresult.com,2026-07-23T17:53:58,0.3,Low,Found via aggregator - needs official confirmation,"aggregator,sarkariresult.com",2026-07-14T23:40:35,2026-08-31T06:03:44,,New
4870d12cb923,Indian Army SSC Technical 68th Online Form 2026 | Last Date : 06/08/2026,,,Indian,,,,,,All India,All India,Job,,,,,,,https://www.sarkariresult.com/2026/join-indian-army-july26/,,,Not Applied,Unverified,aggregator:sarkariresult.com,2026-07-23T17:53:58,0.3,Low,Found via aggregator - needs official confirmation,"aggregator,sarkariresult.com",2026-07-14T23:40:35,2026-08-31T06:03:44,,New
63c77e552a77,UPSC IFS Mains Online Form 2026 | Last Date : 22/07/2026,,,UPSC,,,,,,All India,All India,Job,,,,,,,https://www.sarkariresult.com/upsc/upsc-ias-ifs-pre-2026/,,,Not Applied,Unverified,aggregator:sarkariresult.com,2026-07-23T17:53:58,0.3,Low,Found via aggregator - needs official confirmation,"aggregator,sarkariresult.com",2026-07-14T23:40:35,2026-08-31T06:03:44,,New
105cc58f4b60,IBPS: IDBI Recruitment of Specialist Officers - 2026-27 Registration From 14-Jul-2026,,Institute of Banking Personnel Selection,IBPS,,,,,,All India,All India,Exam,,,,,https://www.ibps.in/index.php/recruitment/,,https://ibpsreg.ibps.in/idbiscojun26/,,,Not Applied,Verified with Official Website,official:ibps.in,2026-07-26T22:00:42,0.85,Low,,"ibps,banking,central",2026-07-16T18:44:06,2026-08-31T06:03:44,,New
88b352c179b7,IBPS: NABARD Recruitment of Specialists On Contract - 2026-27 Registration From 10-Jul-2026,,Institute of Banking Personnel Selection,IBPS,,,,,,All India,All India,Exam,,,,,https://www.ibps.in/index.php/recruitment/,,https://ibpsreg.ibps.in/nabardjun26/,,,Not Applied,Verified with Official Website,official:ibps.in,2026-07-23T17:53:56,0.85,Low,,"ibps,banking,central",2026-07-16T18:44:06,2026-08-31T06:03:44,,New
c495c2323975,IBPS: IDBI Recruitment of Specialist Officers - 2026-27 14-Jul-2026 26-Jul-2026,,Institute of Banking Personnel Selection,IBPS,,,,,,All India,All India,Exam,,,,,https://www.ibps.in/index.php/recruitment/,,https://ibpsreg.ibps.in/idbiscojun26/,,,Not Applied,Verified with Official Website,official:ibps.in,2026-07-26T22:00:42,0.85,Low,,"ibps,banking,central",2026-07-16T18:44:07,2026-08-31T06:03:44,,New
d06cfe7f18f4,IBPS: NABARD Recruitment of Specialists On Contract - 2026-27 10-Jul-2026 23-Jul-2026,,Institute of Banking Personnel Selection,IBPS,,,,,,All India,All India,Exam,,,,,https://www.ibps.in/index.php/recruitment/,,https://ibpsreg.ibps.in/nabardjun26/,,,Not Applied,Verified with Official Website,official:ibps.in,2026-07-23T17:53:56,0.85,Low,,"ibps,banking,central",2026-07-16T18:44:07,2026-08-31T06:03:44,,New
bce1e05e4fdb,IBPS: SBI Recruitment Of Specialist Cadre Officer (Bank Medical Officer) 24-Jun-2026 21-Jul-2026,,Institute of Banking Personnel Selection,IBPS,,,,,,All India,All India,Exam,,,,,https://www.ibps.in/index.php/recruitment/,,https://ibpsreg.ibps.in/sbiscojun26/,,,Not Applied,Verified with Official Website,official:ibps.in,2026-07-20T17:05:37,0.85,Low,,"ibps,banking,central",2026-07-16T18:44:07,2026-08-31T06:03:44,,New
4289331e0454,UPSC 450 Various Posts Online Form 2026,,,,,,,,,,,Job,,,,,,,https://www.freejobalert.com/articles/upsc-recruitment-2026-apply-online-for-450-drug-inspector-assistant-engineer-and-more-posts-3055477,,,Not Applied,Unverified,aggregator:freejobalert.com,2026-07-17T23:40:37,0.3,Low,Found via aggregator - needs official confirmation,aggregator,2026-07-16T18:44:22,2026-08-31T06:03:44,,New
49710d2fd85f,BPSSC Range Officer Recruitment 2026 – Apply Online for 16 Posts | Last Date 16-08-2026,,,BPSSC Range Officer,,,,,16,Bihar,Bihar,Job,,2026-08-16,,,,,https://www.indgovtjobs.in/2026/07/bpssc-range-officer-recruitment.html,,,Not Applied,Application Closed,aggregator:indgovtjobs.in,2026-08-21T07:31:34,0.7,Low,Found via aggregator - needs official confirmation,"aggregator,indgovtjobs.in,bihar jobs,forest jobs,officer jobs",2026-07-16T18:44:24,2026-08-31T06:03:44,-15,Expired
81fc62bcea08,KEA VAO Recruitment 2026 – Apply Online for 572 Posts | Last Date 30-07-2026,,,KEA VAO,,,,,572,Karnataka,Karnataka,Job,,2026-07-30,,,,,https://www.indgovtjobs.in/2026/07/kea-vao-recruitment.html,,,Not Applied,Application Closed,aggregator:indgovtjobs.in,2026-08-06T03:57:34,0.3,Low,Found via aggregator - needs official confirmation,"aggregator,indgovtjobs.in,karnataka jobs,officer jobs",2026-07-16T18:44:24,2026-08-31T06:03:44,-32,Expired
b909c0c688b1,"SBI Medical Officer Recruitment 2026: Apply Online for 35 Posts, Notification | Last Date 21-07-2026",,,SBI Medical Officer,,,,,35,All India,All India,Job,,2026-07-21,,,,,https://www.indgovtjobs.in/2026/06/sbi-medical-officer-recruitment.html,,,Not Applied,Application Closed,aggregator:indgovtjobs.in,2026-07-26T22:00:43,0.3,Low,Found via aggregator - needs official confirmation,"aggregator,indgovtjobs.in,bank jobs,medical jobs,officer jobs",2026-07-16T18:44:24,2026-08-31T06:03:44,-41,Expired
bd7461514cac,Northeast Frontier Railway Apprentice 2026 – Apply Online for 6777 Posts | Last Date 19-08-2026,,,Northeast Frontier Railway Apprentice 2026 – Apply Online fo,,,,,6777,All India,All India,Apprenticeship,,2026-08-19,,,,,https://www.indgovtjobs.in/2026/07/northeast-frontier-railway-apprentice.html,,,Not Applied,Application Closed,aggregator:indgovtjobs.in,2026-07-20T17:05:38,0.3,Low,Found via aggregator - needs official confirmation,"aggregator,indgovtjobs.in,apprenticeship training,iti jobs,new,railway jobs",2026-07-16T18:44:24,2026-08-31T06:03:44,-12,Expired
86e7f9e035c0,"IOB Apprentice Recruitment 2026 – Apply Online for 750 Posts, Notification | Last Date 20-07-2026",,,IOB Apprentice,,,,,750,All India,All India,Apprenticeship,,2026-07-20,,,,,https://www.indgovtjobs.in/2026/07/IOB-Apprentice-Recruitment.html,,,Not Applied,Application Closed,aggregator:indgovtjobs.in,2026-07-20T17:05:37,0.3,Low,Found via aggregator - needs official confirmation,"aggregator,indgovtjobs.in,apprenticeship training,bank jobs",2026-07-16T18:44:24,2026-08-31T06:03:44,-42,Expired
c648621c3815,Latest Bank Jobs 2026 – Govt Banking Recruitment 9113 Vacancies,,,Latest Bank Jobs 2026 – Govt Banking,,,,,9113,All India,All India,Job,,,,,,,https://www.indgovtjobs.in/2013/08/bank-jobs-openings-august-2013.html,,,Not Applied,Unverified,aggregator:indgovtjobs.in,2026-07-17T23:40:37,0.3,Low,Found via aggregator - needs official confirmation,"aggregator,indgovtjobs.in,top pages",2026-07-16T18:44:24,2026-08-31T06:03:44,,New
abc8de3ebb54,BEL Panchkula SAE Recruitment 2026 - Apply Online for 06 Posts | Last Date 16-07-2026,,,BEL Panchkula SAE,,,,,06,Haryana,Haryana,Job,,2026-07-16,,,,,https://www.indgovtjobs.in/2026/06/bel-panchkula-sae-recruitment-2026.html,,,Not Applied,Application Closed,aggregator:indgovtjobs.in,2026-07-20T17:05:38,0.3,Low,Found via aggregator - needs official confirmation,"aggregator,indgovtjobs.in,bel jobs,engineer jobs,ex-serviceman jobs,haryana jobs",2026-07-16T18:44:24,2026-08-31T06:03:44,-46,Expired
b9a0fb4e85ef,"HPCL GAT Recruitment 2026 – Apply Online for 358 Posts, Notification | Last Date 31-07-2026",,,HPCL GAT,,,,,358,All India,All India,Job,,2026-07-31,,,,,https://www.indgovtjobs.in/2026/07/HPCL-GAT-Recruitment.html,,,Not Applied,Application Closed,aggregator:indgovtjobs.in,2026-08-06T15:01:44,0.3,Low,Found via aggregator - needs official confirmation,"aggregator,indgovtjobs.in,engineer jobs,hpcl",2026-07-16T18:44:24,2026-08-31T06:03:44,-31,Expired
755845d8da33,IBPS SO Notification 2026 – Apply Online for 745+ Posts | Last Date 21-07-2026,,,IBPS SO Notification 2026 – Apply Online for 745+ Posts | La,,,,,745,All India,All India,Job,,2026-07-21,,,,,https://www.indgovtjobs.in/2026/07/IBPS-SO-Notification.html,,,Not Applied,Application Closed,aggregator:indgovtjobs.in,2026-07-20T17:05:37,0.3,Low,Found via aggregator - needs official confirmation,"aggregator,indgovtjobs.in,agriculture,ibps,it jobs,law",2026-07-16T18:44:24,2026-08-31T06:03:44,-41,Expired
62979f5513e6,"CCI Recruitment 2026 – Apply Online for 148 Posts, Notification | Last Date 24-07-2026",,,CCI,,,,,148,All India,All India,Job,,2026-07-24,,,,,https://www.indgovtjobs.in/2026/07/CCI-Recruitment.html,,,Not Applied,Application Closed,aggregator:indgovtjobs.in,2026-07-29T14:50:32,0.3,Low,Found via aggregator - needs official confirmation,"aggregator,indgovtjobs.in,assistants,management trainees,manager jobs",2026-07-16T18:44:24,2026-08-31T06:03:44,-38,Expired
cdb366ef6383,CERT In Scientist B Recruitment 2026 – Apply Online for 133 Posts | Last Date 17-08-2026,,,CERT In Scientist B,,,,,133,All India,All India,Job,,2026-08-17,,,,,https://www.indgovtjobs.in/2026/07/CERT-In-Scientist-B-Recruitment.html,,,Not Applied,Application Closed,aggregator:indgovtjobs.in,2026-08-06T03:57:34,0.3,Low,Found via aggregator - needs official confirmation,"aggregator,indgovtjobs.in,engineer jobs,gate 2026 vacancies,it jobs,new",2026-07-16T18:44:24,2026-08-31T06:03:44,-14,Expired
1a07aca555d6,"UPSC Advertisement No. 08/2026: Notification, Online Form, 48 Posts | Last Date 31-07-2026",,,"UPSC Advertisement No. 08/2026: Notification, Online Form, 4",,,,,48,All India,All India,Job,,2026-07-31,,,,,https://www.indgovtjobs.in/2026/07/UPSC-Advertisement-No-08-2026.html,,,Not Applied,Application Closed,aggregator:indgovtjobs.in,2026-08-06T15:01:44,0.3,Low,Found via aggregator - needs official confirmation,"aggregator,indgovtjobs.in,faculty jobs,medical jobs,new,officer jobs",2026-07-16T18:44:24,2026-08-31T06:03:44,-31,Expired
f225ba4927cb,MPPSC Assistant Town Planner Online Form 2026 | Last Date : 31/07/2026,,,MPPSC,,,,,,All India,All India,Job,,,,,,,https://www.sarkariresult.com/2026/mppsc-atp-july26/,,,Not Applied,Unverified,aggregator:sarkariresult.com,2026-07-26T22:00:43,0.3,Low,Found via aggregator - needs official confirmation,"aggregator,sarkariresult.com",2026-07-16T18:44:25,2026-08-31T06:03:44,,New
aad9ebbf479e,Railway NFR Apprentice Online Form 2026 | Last Date : 19/08/2026,,,Railway,,,,,,All India,All India,Apprenticeship,,,,,,,https://www.sarkariresult.com/railway/railway-nfr-apprentice-july26/,,,Not Applied,Unverified,aggregator:sarkariresult.com,2026-07-26T22:00:43,0.3,Low,Found via aggregator - needs official confirmation,"aggregator,sarkariresult.com",2026-07-16T18:44:25,2026-08-31T06:03:44,,New
37997fa799c2,Oil India Limited Lab Technician Recruitment 2026 – Apply Online for 02 Posts | Last Date 31-07-2026,,,Oil India Limited Lab Technician,,,,,02,All India,All India,Job,,2026-07-31,,,,,https://www.indgovtjobs.in/2026/07/oil-india-limited-lab-technician.html,,,Not Applied,Application Closed,aggregator:indgovtjobs.in,2026-08-06T09:29:52,0.3,Low,Found via aggregator - needs official confirmation,"aggregator,indgovtjobs.in,oil corporation jobs,technician jobs",2026-07-17T16:17:15,2026-08-31T06:03:44,-31,Expired
30f3e6c371fe,NIELIT Project Engineer Recruitment 2026 – Apply Online for 05 Posts | Last Date 31-07-2026,,,NIELIT Project Engineer,,,,,05,All India,All India,Job,,2026-07-31,,,,,https://www.indgovtjobs.in/2026/07/nielit-project-engineer-recruitment.html,,,Not Applied,Application Closed,aggregator:indgovtjobs.in,2026-08-06T15:01:44,0.3,Low,Found via aggregator - needs official confirmation,"aggregator,indgovtjobs.in,chennai jobs,engineer jobs,it jobs,nielit",2026-07-17T16:17:15,2026-08-31T06:03:44,-31,Expired
c91f23755bce,"MPRDC Manager Technical Recruitment 2026 – Apply Online for 18 Posts, Notification",,,MPRDC Manager Technical,,,,,18,Madhya Pradesh,Madhya Pradesh,Job,,,,,,,https://www.indgovtjobs.in/2026/07/mprdc-manager-technical-recruitment.html,,,Not Applied,Unverified,aggregator:indgovtjobs.in,2026-07-20T17:05:38,0.3,Low,Found via aggregator - needs official confirmation,"aggregator,indgovtjobs.in,engineer jobs,madhya pradesh jobs,manager jobs,technical jobs",2026-07-17T16:17:15,2026-08-31T06:03:44,,New
67f4c483d3d8,Bank of Baroda AVP Recruitment 2026 – Apply Online for 05 Posts | Last Date 31-07-2026,,,Bank of Baroda AVP,,,,,05,All India,All India,Job,,2026-07-31,,,,,https://www.indgovtjobs.in/2026/07/bank-of-baroda-avp-recruitment.html,,,Not Applied,Application Closed,aggregator:indgovtjobs.in,2026-08-06T15:01:44,0.3,Low,Found via aggregator - needs official confirmation,"aggregator,indgovtjobs.in,bank jobs,top level jobs",2026-07-17T16:17:15,2026-08-31T06:03:44,-31,Expired
23af97b431f9,"IIFCL Projects Limited Consultant Recruitment 2026 – Notification, Application Form",,,IIFCL Projects Limited Consultant,,,,,,Delhi,Delhi,Job,,,,,,,https://www.indgovtjobs.in/2026/07/iifcl-projects-limited-consultant.html,,,Not Applied,Unverified,aggregator:indgovtjobs.in,2026-08-04T03:57:51,0.3,Low,Found via aggregator - needs official confirmation,"aggregator,indgovtjobs.in,chennai jobs,delhi jobs,gujarat jobs",2026-07-17T16:17:15,2026-08-31T06:03:44,,New
334ab89aef3d,"NICL Assistant Recruitment 2026 – Notification for 500 Posts, Online Form | Last Date 07-08-2026",,,NICL Assistant,,,,,500,All India,All India,Job,,2026-08-07,,,,,https://www.indgovtjobs.in/2026/07/NICL-Assistant-Recruitment.html,,,Not Applied,Application Closed,aggregator:indgovtjobs.in,2026-07-20T17:05:38,0.3,Low,Found via aggregator - needs official confirmation,"aggregator,indgovtjobs.in,assistants,new,nicl",2026-07-17T16:17:15,2026-08-31T06:03:44,-24,Expired
14a36b213468,"NABARD Specialist Recruitment July 2026: Apply Online, Notification, 06 Posts | Last Date 23-07-2026",,,NABARD Specialist,,,,,06,All India,All India,Job,,2026-07-23,,,,,https://www.indgovtjobs.in/2026/07/NABARD-Specialist-Recruitment-July-2026.html,,,Not Applied,Application Closed,aggregator:indgovtjobs.in,2026-07-20T17:05:38,0.3,Low,Found via aggregator - needs official confirmation,"aggregator,indgovtjobs.in,it jobs,nabard",2026-07-17T16:17:15,2026-08-31T06:03:44,-39,Expired
abdf576e3051,"Apprentice Government Jobs 2026 (18376+ Vacancies for Fresher ITI, Diploma, Graduates)",,,Apprentice Government Jobs 2026 (18376+ Vacancies for Freshe,,,,,18376,All India,All India,Apprenticeship,,,,,,,https://www.indgovtjobs.in/2017/04/Apprentice-Jobs.html,,,Not Applied,Unverified,aggregator:indgovtjobs.in,2026-07-26T12:00:34,0.3,Low,Found via aggregator - needs official confirmation,"aggregator,indgovtjobs.in,apprenticeship training,top pages",2026-07-17T16:17:15,2026-08-31T06:03:44,,New
d8628e4fadd1,"SDSC SHAR Research Associate Recruitment 2026 – Notification, Online Form | Last Date 17-07-2026",,,SDSC SHAR Research Associate,,,,,,Andhra Pradesh,Andhra Pradesh,Job,,2026-07-17,,,,,https://www.indgovtjobs.in/2026/06/sdsc-shar-research-associate.html,,,Not Applied,Application Closed,aggregator:indgovtjobs.in,2026-07-20T17:05:38,0.3,Low,Found via aggregator - needs official confirmation,"aggregator,indgovtjobs.in,andhra pradesh,isro jobs,research jobs",2026-07-17T16:17:15,2026-08-31T06:03:44,-45,Expired
d34abf0d1b6d,Air Force Agniveer Vayu Musician Online Form 2026,,,Air,,,,,,All India,All India,Job,,,,,,,https://www.sarkariresult.com/2026/air-force-agniveervayu-musician-july26/,,,Not Applied,Unverified,aggregator:sarkariresult.com,2026-07-28T20:41:29,0.3,Low,Found via aggregator - needs official confirmation,"aggregator,sarkariresult.com",2026-07-17T16:17:16,2026-08-31T06:03:44,,New
e38d5211cbe5,"ISRO NESAC/RMT-TEMP/WI-02/2026: Research Scientists, Junior Research Fellows and Project Associate - I",,North Eastern Space Applications Centre (NESAC),ISRO,,,,,,All India,North Eastern Space Applications Centre (NESAC),Job,2026-07-17,,,,https://www.isro.gov.in/ViewAllOpportunities.html,,https://www.isro.gov.in/ViewAllOpportunities.html,,,Not Applied,Verified with Official Website,official:isro.gov.in,2026-08-31T06:03:42,0.85,Low,Advertisement NESAC/RMT-TEMP/WI-02/2026,"isro,space,central",2026-07-17T23:40:05,2026-08-31T06:03:44,,New
9046be39cca2,IGCAR Trade Apprentice Recruitment 2026 – Apply Online for 200 Posts | Last Date 19-08-2026,,,IGCAR Trade Apprentice,,,,,200,Tamil Nadu,Tamil Nadu,Apprenticeship,,2026-08-19,,,,,https://www.indgovtjobs.in/2026/07/igcar-trade-apprentice-recruitment.html,,,Not Applied,Application Closed,aggregator:indgovtjobs.in,2026-08-25T13:40:19,0.7,Low,Found via aggregator - needs official confirmation,"aggregator,indgovtjobs.in,apprenticeship training,iti jobs,tamil nadu jobs",2026-07-17T23:40:32,2026-08-31T06:03:44,-12,Expired
47d29809f6b7,"BARC Scientific Assistant Recruitment 2026 – Apply Online for 06 Posts, Notification | Last Date 18-08-2026",,,BARC Scientific Assistant,,,,,06,All India,All India,Job,,2026-08-18,,,,,https://www.indgovtjobs.in/2026/07/barc-scientific-assistant-recruitment.html,,,Not Applied,Application Closed,aggregator:indgovtjobs.in,2026-08-25T07:37:34,0.7,Low,Found via aggregator - needs official confirmation,"aggregator,indgovtjobs.in,assistants,barc",2026-07-17T23:40:32,2026-08-31T06:03:44,-13,Expired
319e0c75c5ca,NHSRC Recruitment 2026 – Apply Online for 14 Media & Creative Professional Posts | Last Date 22-07-2026,,,NHSRC,,,,,,All India,All India,Job,,2026-07-22,,,,,https://www.indgovtjobs.in/2026/07/nhsrc-recruitment.html,,,Not Applied,Application Closed,aggregator:indgovtjobs.in,2026-07-28T18:00:35,0.3,Low,Found via aggregator - needs official confirmation,"aggregator,indgovtjobs.in,",2026-07-17T23:40:32,2026-08-31T06:03:44,-40,Expired
d1abeb889dbe,"Lakshadweep Administration Lecturer Recruitment 2026 – Notification, Application Form",,,Lakshadweep Administration Lecturer,,,,,,Lakshadweep,Lakshadweep,Job,,,,,,,https://www.indgovtjobs.in/2026/07/lakshadweep-administration-lecturer.html,,,Not Applied,Unverified,aggregator:indgovtjobs.in,2026-08-12T08:06:58,0.3,Low,Found via aggregator - needs official confirmation,"aggregator,indgovtjobs.in,faculty jobs,lakshadweep",2026-07-17T23:40:32,2026-08-31T06:03:44,,New
0800d9fc359e,IOCL Panipat Refinery Apprentice Recruitment 2026: Apply Online for 1450 Posts | Last Date 31-07-2026,,,IOCL Panipat Refinery Apprentice,,,,,1450,Haryana,Haryana,Apprenticeship,,2026-07-31,,,,,https://www.indgovtjobs.in/2026/07/iocl-panipat-refinery-apprentice.html,,,Not Applied,Application Closed,aggregator:indgovtjobs.in,2026-07-20T17:05:38,0.3,Low,Found via aggregator - needs official confirmation,"aggregator,indgovtjobs.in,apprenticeship training,diploma jobs,haryana jobs,iocl",2026-07-17T23:40:32,2026-08-31T06:03:44,-31,Expired
9db7b1a76ec5,RITES Assistant Manager Mechanical Recruitment 2026 – Apply Online for 24 Posts | Last Date 17-08-2026,,,RITES Assistant Manager Mechanical,,,,,24,All India,All India,Job,,2026-08-17,,,,,https://www.indgovtjobs.in/2026/07/rites-assistant-manager-mechanical.html,,,Not Applied,Application Closed,aggregator:indgovtjobs.in,2026-08-23T17:00:42,0.7,Low,Found via aggregator - needs official confirmation,"aggregator,indgovtjobs.in,engineer jobs,manager jobs,rites",2026-07-18T23:40:35,2026-08-31T06:03:44,-14,Expired
3d4eb96ba097,Latest Bank Jobs 2026 – Govt Banking Recruitment 9000+ Vacancies,,,Latest Bank Jobs 2026 – Govt Banking,,,,,9000,All India,All India,Job,,,,,,,https://www.indgovtjobs.in/2013/08/bank-jobs-openings-august-2013.html,,,Not Applied,Unverified,aggregator:indgovtjobs.in,2026-07-18T23:40:38,0.3,Low,Found via aggregator - needs official confirmation,"aggregator,indgovtjobs.in,top pages",2026-07-18T23:40:35,2026-08-31T06:03:44,,New
08f756f147d2,SVPUAT Non Teaching Recruitment 2026 – Apply Online for 62 Posts | Last Date 03-08-2026,,,SVPUAT Non Teaching,,,,,62,All India,All India,Job,,2026-08-03,,,,,https://www.indgovtjobs.in/2026/07/svpuat-non-teaching-recruitment.html,,,Not Applied,Application Closed,aggregator:indgovtjobs.in,2026-08-07T07:59:49,0.3,Low,Found via aggregator - needs official confirmation,"aggregator,indgovtjobs.in,assistants,computer jobs,driver jobs,institute and university jobs",2026-07-18T23:40:35,2026-08-31T06:03:44,-28,Expired
e61b1564ba88,Deendayal Port Authority Recruitment 2026 – Apply Online for 05 Assistant Manager Posts | Last Date 19-07-2026,,,Deendayal Port Authority,,,,,,Gujarat,Gujarat,Job,,2026-07-19,,,,,https://www.indgovtjobs.in/2026/06/deendayal-port-authority-recruitment.html,,,Not Applied,Application Closed,aggregator:indgovtjobs.in,2026-07-23T17:53:57,0.3,Low,Found via aggregator - needs official confirmation,"aggregator,indgovtjobs.in,gujarat jobs,manager jobs,port jobs",2026-07-18T23:40:35,2026-08-31T06:03:44,-43,Expired
9077bfaa77e8,Young Professional Recruitment 2026 – Latest 50+ YP Central Govt Job Vacancies,,,Young Professional,,,,,,All India,All India,Job,,,,,,,https://www.indgovtjobs.in/2026/07/Young-Professional-Recruitment.html,,,Not Applied,Unverified,aggregator:indgovtjobs.in,2026-07-23T17:53:56,0.3,Low,Found via aggregator - needs official confirmation,"aggregator,indgovtjobs.in,top pages",2026-07-18T23:40:35,2026-08-31T06:03:44,,New
00fd7802c21c,NaBFID Business Analyst Recruitment 2026: Apply for 22 Posts,,,NaBFID Business Analyst,,,,,22,All India,All India,Job,,,,,,,https://www.indgovtjobs.in/2026/07/nabfid-business-analyst-recruitment.html,,,Not Applied,Unverified,aggregator:indgovtjobs.in,2026-07-23T17:53:57,0.3,Low,Found via aggregator - needs official confirmation,"aggregator,indgovtjobs.in,accountant",2026-07-18T23:40:35,2026-08-31T06:03:44,,New
dff4ee1eecc9,"BSNL General Manager Recruitment 2026 – Apply Online for 100 Posts, Notification | Last Date 05-08-2026",,,BSNL General Manager,,,,,100,All India,All India,Job,,2026-08-05,,,,,https://www.indgovtjobs.in/2026/07/bsnl-general-manager-recruitment.html,,,Not Applied,Application Closed,aggregator:indgovtjobs.in,2026-08-10T02:48:50,0.3,Low,Found via aggregator - needs official confirmation,"aggregator,indgovtjobs.in,bsnl jobs,engineer jobs,manager jobs",2026-07-18T23:40:35,2026-08-31T06:03:44,-26,Expired
b830ff06d417,SPMCIL Young Professional Recruitment 2026 – Apply Online for 06 Posts | Last Date 17-08-2026,,,SPMCIL Young Professional,,,,,06,All India,All India,Job,,2026-08-17,,,,,https://www.indgovtjobs.in/2026/07/spmcil-young-professional-recruitment.html,,,Not Applied,Application Closed,aggregator:indgovtjobs.in,2026-08-23T17:00:42,0.7,Low,Found via aggregator - needs official confirmation,"aggregator,indgovtjobs.in,accountant,engineer jobs,law,spmcil",2026-07-18T23:40:35,2026-08-31T06:03:44,-14,Expired
4e267f6cc482,BSNL Young Professional Recruitment 2026 – Apply Online for 07 Posts | Last Date 08-08-2026,,,BSNL Young Professional,,,,,07,All India,All India,Job,,2026-08-08,,,,,https://www.indgovtjobs.in/2026/07/bsnl-young-professional-recruitment.html,,,Not Applied,Application Closed,aggregator:indgovtjobs.in,2026-08-14T03:15:14,0.3,Low,Found via aggregator - needs official confirmation,"aggregator,indgovtjobs.in,bsnl jobs,engineer jobs,it jobs,law",2026-07-18T23:40:35,2026-08-31T06:03:44,-23,Expired
3d2ca8bdae1c,"ONGC Graduate Trainee Recruitment 2026 – Apply Online for 52 Posts, Notification | Last Date 31-07-2026",,,ONGC Graduate Trainee,,,,,52,All India,All India,Job,,2026-07-31,,,,,https://www.indgovtjobs.in/2026/07/ongc-graduate-trainee-recruitment.html,,,Not Applied,Application Closed,aggregator:indgovtjobs.in,2026-08-06T15:01:44,0.3,Low,Found via aggregator - needs official confirmation,"aggregator,indgovtjobs.in,engineer jobs,gate 2026 vacancies,geology jobs,ongc jobs",2026-07-18T23:40:35,2026-08-31T06:03:44,-31,Expired
a884a99a3e78,"WCL Mining Sirdar, Assistant Foreman Online Form 2026 | Last Date : 10/08/2026",,,WCL,,,,,,All India,All India,Job,,,,,,,https://www.sarkariresult.com/2026/wcl-various-post-july26/,,,Not Applied,Unverified,aggregator:sarkariresult.com,2026-07-28T20:41:29,0.3,Low,Found via aggregator - needs official confirmation,"aggregator,sarkariresult.com",2026-07-18T23:40:36,2026-08-31T06:03:44,,New
39cdbe4abfe1,Army JAG 125th Entry Online Form 2026 | Last Date : 17/08/2026,,,Army,,,,,,All India,All India,Job,,,,,,,https://www.sarkariresult.com/2026/join-indian-army-jag-125-entry-july26/,,,Not Applied,Unverified,aggregator:sarkariresult.com,2026-07-28T20:41:29,0.3,Low,Found via aggregator - needs official confirmation,"aggregator,sarkariresult.com",2026-07-18T23:40:36,2026-08-31T06:03:44,,New
70e76dfbeadc,Rajasthan High Court Stenographer Online Form 2026 | Last Date : 10/08/2026,,,Rajasthan,,,,,,All India,All India,Job,,,,,,,https://www.sarkariresult.com/2026/rajasthan-high-court-july26/,,,Not Applied,Unverified,aggregator:sarkariresult.com,2026-07-28T20:41:29,0.3,Low,Found via aggregator - needs official confirmation,"aggregator,sarkariresult.com",2026-07-18T23:40:36,2026-08-31T06:03:44,,New
40575873192c,MP High Court Senior Computer Programmer Assistant Recruitment 2026,,,MP,,,,,,All India,All India,Job,,,,,,,https://www.sarkariresult.com/2026/mphc-sr-computer-programmer-july26/,,,Not Applied,Unverified,aggregator:sarkariresult.com,2026-07-28T20:41:29,0.3,Low,Found via aggregator - needs official confirmation,"aggregator,sarkariresult.com",2026-07-18T23:40:36,2026-08-31T06:03:44,,New
09f917b528f5,Jharkhand JSSC Inter Level JILCCE Online form 2026 | Last Date : 19/08/2026,,,Jharkhand,,,,,,All India,All India,Job,,,,,,,https://www.sarkariresult.com/2026/jssc-jilcce-inter-level-july26/,,,Not Applied,Unverified,aggregator:sarkariresult.com,2026-07-28T20:41:29,0.3,Low,Found via aggregator - needs official confirmation,"aggregator,sarkariresult.com",2026-07-18T23:40:36,2026-08-31T06:03:44,,New
368c1c8a4ec9,ICERT Scientist B Online Form 2026 | Last Date : 17/08/2026,,,ICERT,,,,,,All India,All India,Job,,,,,,,https://www.sarkariresult.com/2026/icert-scientist-b-july26/,,,Not Applied,Unverified,aggregator:sarkariresult.com,2026-07-28T20:41:29,0.3,Low,Found via aggregator - needs official confirmation,"aggregator,sarkariresult.com",2026-07-18T23:40:36,2026-08-31T06:03:44,,New
f1318958aae9,National Insurance NICL Assistant Online Form 2026 | Last Date : 07/08/2026,,,National,,,,,,All India,All India,Job,,,,,,,https://www.sarkariresult.com/2026/nicl-assistant-july26/,,,Not Applied,Unverified,aggregator:sarkariresult.com,2026-07-28T20:41:29,0.3,Low,Found via aggregator - needs official confirmation,"aggregator,sarkariresult.com",2026-07-18T23:40:36,2026-08-31T06:03:44,,New
b61c1cef68cd,IBPS: PNB Recruitment of Local Bank Officer in JMGS I Registration From 20-Jul-2026,,Institute of Banking Personnel Selection,IBPS,,,,,,All India,All India,Exam,,,,,https://www.ibps.in/index.php/recruitment/,,https://ibpsreg.ibps.in/pnbjul26/,,,Not Applied,Verified with Official Website,official:ibps.in,2026-08-16T16:58:43,0.85,Low,,"ibps,banking,central",2026-07-20T17:05:13,2026-08-31T06:03:44,,New
d79b1b996bd4,IBPS: NIC Recruitment of 500 Assistants Registration From 18-Jul-2026,,Institute of Banking Personnel Selection,IBPS,,,,,,All India,All India,Exam,,,,,https://www.ibps.in/index.php/recruitment/,,https://ibpsreg.ibps.in/nicljul26/,,,Not Applied,Verified with Official Website,official:ibps.in,2026-08-07T17:31:41,0.85,Low,,"ibps,banking,central",2026-07-20T17:05:13,2026-08-31T06:03:44,,New
bb18117bfd10,IBPS: ONGC Recruitment of Geologists & Engineers at E1 levels Registration From 17-Jul-2026,,Institute of Banking Personnel Selection,IBPS,,,,,,All India,All India,Exam,,,,,https://www.ibps.in/index.php/recruitment/,,https://ibpsreg.ibps.in/ongcjul26/,,,Not Applied,Verified with Official Website,official:ibps.in,2026-07-31T18:13:09,0.85,Low,,"ibps,banking,central",2026-07-20T17:05:13,2026-08-31T06:03:44,,New
afe06f586307,IBPS: PNB Recruitment of Local Bank Officer in JMGS I 20-Jul-2026 09-Aug-2026,,Institute of Banking Personnel Selection,IBPS,,,,,,All India,All India,Exam,,,,,https://www.ibps.in/index.php/recruitment/,,https://ibpsreg.ibps.in/pnbjul26/,,,Not Applied,Verified with Official Website,official:ibps.in,2026-08-07T07:59:48,0.85,Low,,"ibps,banking,central",2026-07-20T17:05:15,2026-08-31T06:03:44,,New
8b883ffcb366,IBPS: NIC Recruitment of 500 Assistants 18-Jul-2026 07-Aug-2026,,Institute of Banking Personnel Selection,IBPS,,,,,,All India,All India,Exam,,,,,https://www.ibps.in/index.php/recruitment/,,https://ibpsreg.ibps.in/nicljul26/,,,Not Applied,Verified with Official Website,official:ibps.in,2026-08-07T17:31:41,0.85,Low,,"ibps,banking,central",2026-07-20T17:05:15,2026-08-31T06:03:44,,New
b9cf41b0e62b,IBPS: ONGC Recruitment of Geologists & Engineers at E1 levels 17-Jul-2026 31-Jul-2026,,Institute of Banking Personnel Selection,IBPS,,,,,,All India,All India,Exam,,,,,https://www.ibps.in/index.php/recruitment/,,https://ibpsreg.ibps.in/ongcjul26/,,,Not Applied,Verified with Official Website,official:ibps.in,2026-07-31T18:13:09,0.85,Low,,"ibps,banking,central",2026-07-20T17:05:15,2026-08-31T06:03:44,,New
9170e62afc35,"NIEPA Assistant Professor Recruitment 2026: Notification, Online Form",,,NIEPA Assistant Professor,,,,,,All India,All India,Job,,,,,,,https://www.indgovtjobs.in/2026/07/niepa-assistant-professor-recruitment.html,,,Not Applied,Unverified,aggregator:indgovtjobs.in,2026-08-12T08:06:58,0.3,Low,Found via aggregator - needs official confirmation,"aggregator,indgovtjobs.in,faculty jobs,institute and university jobs",2026-07-20T17:05:33,2026-08-31T06:03:44,,New
c145c956e397,Sainik School Balachadi Recruitment 2026 – Apply 16 Teaching and Non-Teaching Posts | Last Date 10-08-2026,,,Sainik School Balachadi,,,,,,Gujarat,Gujarat,Job,,2026-08-10,,,,,https://www.indgovtjobs.in/2026/07/sainik-school-balachadi-recruitment.html,,,Not Applied,Application Closed,aggregator:indgovtjobs.in,2026-08-17T07:40:01,0.3,Low,Found via aggregator - needs official confirmation,"aggregator,indgovtjobs.in,clerk jobs,gujarat jobs,nurse jobs,officer jobs",2026-07-20T17:05:33,2026-08-31T06:03:44,-21,Expired
3cfc3f4721f5,"NBT India Young Professional Recruitment 2026 – Apply for Fresher Graduates, Notification, Application Form",,,NBT India Young Professional,,,,,,Delhi,Delhi,Job,,,,,,,https://www.indgovtjobs.in/2026/07/nbt-india-young-professional.html,,,Not Applied,Unverified,aggregator:indgovtjobs.in,2026-07-26T22:00:43,0.3,Low,Found via aggregator - needs official confirmation,"aggregator,indgovtjobs.in,delhi jobs,young professionals",2026-07-20T17:05:33,2026-08-31T06:03:44,,New
cfea1a1d83ad,DGQA Technician Recruitment 2026 – Notification for 15 Posts | Last Date 14-08-2026,,,DGQA Technician,,,,,15,All India,All India,Job,,2026-08-14,,,,,https://www.indgovtjobs.in/2026/07/dgqa-technician-recruitment.html,,,Not Applied,Application Closed,aggregator:indgovtjobs.in,2026-08-09T07:40:41,0.3,Low,Found via aggregator - needs official confirmation,"aggregator,indgovtjobs.in,chennai jobs,defence jobs,iti jobs,technician jobs",2026-07-20T17:05:33,2026-08-31T06:03:44,-17,Expired
efe1ee1f388e,"IUAC Apprentice Recruitment 2026 - Apply Online for 10 Posts, Notification | Last Date 27-07-2026",,,IUAC Apprentice,,,,,10,All India,All India,Apprenticeship,,2026-07-27,,,,,https://www.indgovtjobs.in/2026/07/IUAC-Apprentice-Recruitment.html,,,Not Applied,Application Closed,aggregator:indgovtjobs.in,2026-08-04T03:57:51,0.3,Low,Found via aggregator - needs official confirmation,"aggregator,indgovtjobs.in,apprenticeship training,diploma jobs,engineer jobs,iti jobs",2026-07-20T17:05:33,2026-08-31T06:03:44,-35,Expired
cef3a64a395c,"CWC Young Professional Recruitment 2026 Apply Online for 06 Posts, Notification | Last Date 05-08-2026",,,CWC Young Professional,,,,,06,Delhi,Delhi,Job,,2026-08-05,,,,,https://www.indgovtjobs.in/2026/07/cwc-young-professional-recruitment.html,,,Not Applied,Application Closed,aggregator:indgovtjobs.in,2026-08-10T02:48:50,0.3,Low,Found via aggregator - needs official confirmation,"aggregator,indgovtjobs.in,agriculture,delhi jobs,young professionals",2026-07-20T17:05:33,2026-08-31T06:03:44,-26,Expired
de4a6198aaac,GATE 2026 Score based PSU Recruitment List,,,GATE 2026 Score based PSU,,,,,,All India,All India,Exam,,,,,,,https://www.indgovtjobs.in/2026/03/GATE-2026-Jobs.html,,,Not Applied,Unverified,aggregator:indgovtjobs.in,2026-07-26T22:00:43,0.3,Low,Found via aggregator - needs official confirmation,"aggregator,indgovtjobs.in,top pages",2026-07-20T17:05:33,2026-08-31T06:03:44,,New
a8db4b4ea99c,DRDO SAG Recruitment 2026 - Walk in Interview for 11 JRF Posts,,,DRDO SAG,,,,,,Delhi,Delhi,Job,,,,,,,https://www.indgovtjobs.in/2026/07/drdo-sag-recruitment.html,,,Not Applied,Unverified,aggregator:indgovtjobs.in,2026-07-26T22:00:43,0.3,Low,Found via aggregator - needs official confirmation,"aggregator,indgovtjobs.in,defence jobs,delhi jobs,engineer jobs,gate 2026 vacancies",2026-07-20T17:05:33,2026-08-31T06:03:44,,New
fb3db2ba0bbf,HPCL Experienced Professionals Recruitment 2026 – Apply Online for 62 Officer Posts | Last Date 20-07-2026,,,HPCL Experienced Professionals,,,,,,All India,All India,Job,,2026-07-20,,,,,https://www.indgovtjobs.in/2026/07/hpcl-experienced-professionals.html,,,Not Applied,Application Closed,aggregator:indgovtjobs.in,2026-07-26T18:00:42,0.3,Low,Found via aggregator - needs official confirmation,"aggregator,indgovtjobs.in,engineer jobs,hpcl",2026-07-20T17:05:33,2026-08-31T06:03:44,-42,Expired
08f7b358e399,"HPCL Junior Executive Recruitment 2026 – Apply Online for 54 Posts, Notification | Last Date 20-07-2026",,,HPCL Junior Executive,,,,,54,All India,All India,Job,,2026-07-20,,,,,https://www.indgovtjobs.in/2026/07/hpcl-junior-executive-recruitment.html,,,Not Applied,Application Closed,aggregator:indgovtjobs.in,2026-07-26T18:00:42,0.3,Low,Found via aggregator - needs official confirmation,"aggregator,indgovtjobs.in,diploma jobs,fire and safety,hpcl",2026-07-20T17:05:33,2026-08-31T06:03:44,-42,Expired
4fdaa522106e,"BOI Credit Officer Recruitment 2026: Notification, Online Form, 779 Posts | Last Date 20-07-2026",,,BOI Credit Officer,,,,,779,All India,All India,Job,,2026-07-20,,,,,https://www.indgovtjobs.in/2026/06/boi-credit-officer-recruitment.html,,,Not Applied,Application Closed,aggregator:indgovtjobs.in,2026-07-26T18:00:42,0.3,Low,Found via aggregator - needs official confirmation,"aggregator,indgovtjobs.in,bank jobs,officer jobs",2026-07-20T17:05:33,2026-08-31T06:03:44,-42,Expired
57174ad2bd1b,IIM Shillong Administrative Posts Recruitment 2026 - Apply Online for 07 Various Posts | Last Date 20-07-2026,,,IIM Shillong Administrative Posts,,,,,,Meghalaya,Meghalaya,Job,,2026-07-20,,,,,https://www.indgovtjobs.in/2026/07/iim-shillong-administrative-posts.html,,,Not Applied,Application Closed,aggregator:indgovtjobs.in,2026-07-26T09:42:54,0.3,Low,Found via aggregator - needs official confirmation,"aggregator,indgovtjobs.in,institute and university jobs,it jobs,manager jobs,meghalaya jobs",2026-07-20T17:05:33,2026-08-31T06:03:44,-42,Expired
143dff2bb3a6,RBI Site Engineer Recruitment 2026: Apply Online for 08 Posts | Last Date 20-07-2026,,,RBI Site Engineer,,,,,08,All India,All India,Job,,2026-07-20,,,,,https://www.indgovtjobs.in/2026/06/rbi-site-engineer-recruitment.html,,,Not Applied,Application Closed,aggregator:indgovtjobs.in,2026-07-25T16:51:33,0.3,Low,Found via aggregator - needs official confirmation,"aggregator,indgovtjobs.in,engineer jobs,rbi",2026-07-20T17:05:33,2026-08-31T06:03:44,-42,Expired
51a9ba497ede,UPSSSC Forest Guard Recruitment 2026 - Apply Online for 708 Posts | Last Date 20-07-2026,,,UPSSSC Forest Guard,,,,,708,Uttar Pradesh,Uttar Pradesh,Job,,2026-07-20,,,,,https://www.indgovtjobs.in/2026/04/upsssc-forest-guard-recruitment.html,,,Not Applied,Application Closed,aggregator:indgovtjobs.in,2026-07-25T16:51:33,0.3,Low,Found via aggregator - needs official confirmation,"aggregator,indgovtjobs.in,forest jobs,uttar pradesh jobs",2026-07-20T17:05:33,2026-08-31T06:03:44,-42,Expired
73e36ab7db9d,"ISRO ISTRAC Recruitment 2026: Notification, Online Form, 26 Posts | Last Date 20-07-2026",,,ISRO ISTRAC,,,,,26,All India,All India,Job,,2026-07-20,,,,,https://www.indgovtjobs.in/2026/06/isro-istrac-recruitment.html,,,Not Applied,Application Closed,aggregator:indgovtjobs.in,2026-07-25T16:51:33,0.3,Low,Found via aggregator - needs official confirmation,"aggregator,indgovtjobs.in,computer jobs,cook jobs,diploma jobs,iti jobs",2026-07-20T17:05:33,2026-08-31T06:03:44,-42,Expired
dc1c42c9e0b8,IIM Shillong Administrative Recruitment 2026 – Apply Online for 06 Posts | Last Date 20-07-2026,,,IIM Shillong Administrative,,,,,06,Meghalaya,Meghalaya,Job,,2026-07-20,,,,,https://www.indgovtjobs.in/2026/06/iim-shillong-administrative-recruitment.html,,,Not Applied,Application Closed,aggregator:indgovtjobs.in,2026-07-25T16:51:33,0.3,Low,Found via aggregator - needs official confirmation,"aggregator,indgovtjobs.in,engineer jobs,institute and university jobs,it jobs,manager jobs",2026-07-20T17:05:33,2026-08-31T06:03:44,-42,Expired
0543dbbbf925,"IBPS Recruitment 2026 - Upcoming Notifications, Imporant Dates, Exam Calendar",,,IBPS,,,,,,All India,All India,Exam,,,,,,,https://www.indgovtjobs.in/2015/03/ibps-recruitment.html,,,Not Applied,Unverified,aggregator:indgovtjobs.in,2026-07-25T15:28:18,0.3,Low,Found via aggregator - needs official confirmation,"aggregator,indgovtjobs.in,ibps,top pages",2026-07-20T17:05:33,2026-08-31T06:03:44,,New
4d06d1e8f916,IBPS: Apply Online for Common Recruitment Process under CRP- SPL -XVI,,Institute of Banking Personnel Selection,IBPS,,,,,,All India,All India,Exam,,,,,https://www.ibps.in/index.php/recruitment/,,https://www.ibps.in/index.php/specialist-officers-xvi/,,,Not Applied,Verified with Official Website,official:ibps.in,2026-07-26T22:00:42,0.85,Low,,"ibps,banking,central",2026-07-23T17:53:32,2026-08-31T06:03:44,,New
6862b79e91c7,"ISRO 242 Assistant, UDC and More Posts Online Form 2026",,,,,,,,,,,Job,,,,,,,https://www.freejobalert.com/articles/isro-recruitment-2026-assistant-udc-jpa-stenographer-3059587,,,Not Applied,Unverified,aggregator:freejobalert.com,2026-07-26T22:00:42,0.3,Low,Found via aggregator - needs official confirmation,aggregator,2026-07-23T17:53:49,2026-08-31T06:03:44,,New
518c6666f6bb,"BEL Graduate Apprentice Recruitment 2026: Walk in Interview, Notification",,,BEL Graduate Apprentice,,,,,,All India,All India,Apprenticeship,,,,,,,https://www.indgovtjobs.in/2026/07/bel-graduate-apprentice-recruitment.html,,,Not Applied,Unverified,aggregator:indgovtjobs.in,2026-07-30T18:04:34,0.3,Low,Found via aggregator - needs official confirmation,"aggregator,indgovtjobs.in,apprenticeship training,bel jobs,engineer jobs",2026-07-23T17:53:51,2026-08-31T06:03:44,,New
20ba2e709c8b,ICAI Executive Assistant Recruitment 2026: Apply Online for 20 Posts | Last Date 12-08-2026,,,ICAI Executive Assistant,,,,,20,All India,All India,Job,,2026-08-12,,,,,https://www.indgovtjobs.in/2026/07/icai-executive-assistant-recruitment.html,,,Not Applied,Application Closed,aggregator:indgovtjobs.in,2026-08-18T13:31:39,0.7,Low,Found via aggregator - needs official confirmation,"aggregator,indgovtjobs.in,assistants,icai",2026-07-23T17:53:51,2026-08-31T06:03:44,-19,Expired
74f3846a41ea,"South Indian Bank PO Recruitment 2026: Notification, Online Form | Last Date 29-07-2026",,,South Indian Bank PO,,,,,,All India,All India,Job,,2026-07-29,,,,,https://www.indgovtjobs.in/2026/07/south-indian-bank-po-recruitment.html,,,Not Applied,Application Closed,aggregator:indgovtjobs.in,2026-08-06T03:57:34,0.3,Low,Found via aggregator - needs official confirmation,"aggregator,indgovtjobs.in,",2026-07-23T17:53:51,2026-08-31T06:03:44,-33,Expired
a4dc06505bef,Union Bank of India SO Recruitment 2026: Apply Online for 395 Posts | Last Date 10-08-2026,,,Union Bank of India SO,,,,,395,All India,All India,Job,,2026-08-10,,,,,https://www.indgovtjobs.in/2026/07/union-bank-of-india-so-recruitment.html,,,Not Applied,Application Closed,aggregator:indgovtjobs.in,2026-08-11T07:53:48,0.3,Low,Found via aggregator - needs official confirmation,"aggregator,indgovtjobs.in,bank jobs,officer jobs",2026-07-23T17:53:51,2026-08-31T06:03:44,-21,Expired
e247883de37f,"Bank of Baroda CTO Recruitment 2026 – Apply Online, Notification | Last Date 23-07-2026",,,Bank of Baroda CTO,,,,,,All India,All India,Job,,2026-07-23,,,,,https://www.indgovtjobs.in/2026/07/bank-of-baroda-cto-recruitment.html,,,Not Applied,Application Closed,aggregator:indgovtjobs.in,2026-07-29T14:50:32,0.3,Low,Found via aggregator - needs official confirmation,"aggregator,indgovtjobs.in,bank jobs,officer jobs",2026-07-23T17:53:51,2026-08-31T06:03:44,-39,Expired
3e63ed18499a,"NABARD Specialist Recruitment 2026: Apply Online, Notification, 06 Posts | Last Date 23-07-2026",,,NABARD Specialist,,,,,06,All India,All India,Job,,2026-07-23,,,,,https://www.indgovtjobs.in/2026/07/NABARD-Specialist-Recruitment-July-2026.html,,,Not Applied,Application Closed,aggregator:indgovtjobs.in,2026-07-29T14:50:32,0.3,Low,Found via aggregator - needs official confirmation,"aggregator,indgovtjobs.in,it jobs,nabard",2026-07-23T17:53:51,2026-08-31T06:03:44,-39,Expired
a405e748ccd1,NBA India Professional Recruitment 2026 – Apply for 03 Officer Posts | Last Date 24-07-2026,,,NBA India Professional,,,,,,Delhi,Delhi,Job,,2026-07-24,,,,,https://www.indgovtjobs.in/2026/06/nba-india-professional-recruitment-2026.html,,,Not Applied,Application Closed,aggregator:indgovtjobs.in,2026-07-29T14:50:32,0.3,Low,Found via aggregator - needs official confirmation,"aggregator,indgovtjobs.in,chennai jobs,delhi jobs,officer jobs",2026-07-23T17:53:51,2026-08-31T06:03:44,-38,Expired
566cfc204c8d,"Indian Army NCC Special Entry (Men) 125th Course 2027 – Apply Online for 70 Posts, Notification",,,Indian Army NCC Special Entry (Men) 125th Course 2027 – Appl,,,,,70,All India,All India,Job,,,,,,,https://www.indgovtjobs.in/2026/07/Indian-Army-NCC-Special-Entry-Men.html,,,Not Applied,Unverified,aggregator:indgovtjobs.in,2026-07-29T14:50:32,0.3,Low,Found via aggregator - needs official confirmation,"aggregator,indgovtjobs.in,indian army",2026-07-23T17:53:51,2026-08-31T06:03:44,,New
bf8809f9547a,Indian Army NCC Special Entry Women 125 Course (April 2027) – Apply Online for 06 Women Officer Posts,,,Indian Army NCC Special Entry Women 125 Course (April 2027) ,,,,,,All India,All India,Job,,,,,,,https://www.indgovtjobs.in/2026/07/Indian-Army-NCC-Special-Entry-Women.html,,,Not Applied,Unverified,aggregator:indgovtjobs.in,2026-07-29T14:50:32,0.3,Low,Found via aggregator - needs official confirmation,"aggregator,indgovtjobs.in,indian army",2026-07-23T17:53:51,2026-08-31T06:03:44,,New
f146a12815c6,UPESSC Principal Recruitment 2026 – Apply Online for 111 Posts | Last Date 20-08-2026,,,UPESSC Principal,,,,,111,Uttar Pradesh,Uttar Pradesh,Job,,2026-08-20,,,,,https://www.indgovtjobs.in/2026/07/upessc-principal-recruitment.html,,,Not Applied,Application Closed,aggregator:indgovtjobs.in,2026-08-26T02:17:19,0.7,Low,Found via aggregator - needs official confirmation,"aggregator,indgovtjobs.in,teacher jobs,uttar pradesh jobs",2026-07-23T17:53:51,2026-08-31T06:03:44,-11,Expired
25dfc16ef523,"ISRO Assistant JPA UDC Steno Recruitment 2026 – Apply Online 242 Posts, Notification | Last Date 16-08-2026",,,ISRO Assistant JPA UDC Steno,,,,,242,All India,All India,Job,,2026-08-16,,,,,https://www.indgovtjobs.in/2026/07/isro-assistant-jpa-udc-steno.html,,,Not Applied,Application Closed,aggregator:indgovtjobs.in,2026-08-06T03:57:34,0.3,Low,Found via aggregator - needs official confirmation,"aggregator,indgovtjobs.in,assistants,clerk jobs,isro jobs,new",2026-07-23T17:53:51,2026-08-31T06:03:44,-15,Expired
c8961e595118,UKSSSC Assistant Accountant Recruitment 2026 – Apply Online for 339 Posts | Last Date 15-08-2026,,,UKSSSC Assistant Accountant,,,,,339,Uttarakhand,Uttarakhand,Job,,2026-08-15,,,,,https://www.indgovtjobs.in/2026/07/uksssc-assistant-accountant-recruitment.html,,,Not Applied,Application Closed,aggregator:indgovtjobs.in,2026-08-20T13:35:19,0.7,Low,Found via aggregator - needs official confirmation,"aggregator,indgovtjobs.in,accountant,uttarakhand jobs",2026-07-23T17:53:51,2026-08-31T06:03:44,-16,Expired
a56f14a10674,UPSC Principal and Vice Principal Recruitment 2026 – Notification for 828 Posts | Last Date 14-08-2026,,,UPSC Principal and Vice Principal,,,,,828,All India,All India,Job,,2026-08-14,,,,,https://www.indgovtjobs.in/2026/07/upsc-principal-Recruitment.html,,,Not Applied,Application Closed,aggregator:indgovtjobs.in,2026-07-23T17:53:56,0.3,Low,Found via aggregator - needs official confirmation,"aggregator,indgovtjobs.in,teacher jobs,upsc notifications",2026-07-23T17:53:51,2026-08-31T06:03:44,-17,Expired
c52011401359,"IAF Agniveervayu Musician Recruitment 2026 – Notification, Online Form",,,IAF Agniveervayu Musician,,,,,,All India,All India,Job,,,,,,,https://www.indgovtjobs.in/2026/07/iaf-agniveervayu-musician-recruitment.html,,,Not Applied,Unverified,aggregator:indgovtjobs.in,2026-07-23T17:53:56,0.3,Low,Found via aggregator - needs official confirmation,"aggregator,indgovtjobs.in,indian air force jobs,music jobs",2026-07-23T17:53:51,2026-08-31T06:03:44,,New
d884cd6b3cb7,"MP High Court SCPA Recruitment 2026 – Apply Online for 130 Posts, Notification | Last Date 10-08-2026",,,MP High Court SCPA,,,,,130,Madhya Pradesh,Madhya Pradesh,Job,,2026-08-10,,,,,https://www.indgovtjobs.in/2026/07/mp-high-court-scpa-recruitment.html,,,Not Applied,Application Closed,aggregator:indgovtjobs.in,2026-08-17T02:11:32,0.3,Low,Found via aggregator - needs official confirmation,"aggregator,indgovtjobs.in,computer jobs,high court vacancies,madhya pradesh jobs",2026-07-23T17:53:51,2026-08-31T06:03:44,-21,Expired
e727e11ab9f6,"Rajasthan High Court Stenographer Recruitment 2026: Notification for 163 Posts, Online Form | Last Date 10-08-2026",,,Rajasthan High Court Stenographer,,,,,163,Rajasthan,Rajasthan,Job,,2026-08-10,,,,,https://www.indgovtjobs.in/2026/07/rajasthan-high-court-stenographer.html,,,Not Applied,Application Closed,aggregator:indgovtjobs.in,2026-07-29T09:30:19,0.3,Low,Found via aggregator - needs official confirmation,"aggregator,indgovtjobs.in,high court vacancies,rajasthan jobs,stenographer jobs",2026-07-23T17:53:51,2026-08-31T06:03:44,-21,Expired
9877e82c9c23,"IBPS PO MT XVI Recruitment 2026 – Apply Online 7365 Posts, Notification | Last Date 26-07-2026",,,IBPS PO MT XVI,,,,,7365,All India,All India,Job,,2026-07-26,,,,,https://www.indgovtjobs.in/2026/07/IBPS-PO-MT-XVI.html,,,Not Applied,Application Closed,aggregator:indgovtjobs.in,2026-07-26T09:42:54,0.3,Low,Found via aggregator - needs official confirmation,"aggregator,indgovtjobs.in,bank jobs,ibps,management trainees,officer jobs",2026-07-23T17:53:51,2026-08-31T06:03:44,-36,Expired
187904471510,IBPS SO Recruitment 2026 – Apply Online for 1035+ Posts | Last Date 26-07-2026,,,IBPS SO,,,,,1035,All India,All India,Job,,2026-07-26,,,,,https://www.indgovtjobs.in/2026/07/IBPS-SO-Notification.html,,,Not Applied,Application Closed,aggregator:indgovtjobs.in,2026-07-26T09:42:54,0.3,Low,Found via aggregator - needs official confirmation,"aggregator,indgovtjobs.in,agriculture,ibps,it jobs,law",2026-07-23T17:53:51,2026-08-31T06:03:44,-36,Expired
7e63a450edd1,DEAL Dehradun Apprentice Recruitment 2026 – Apply Online for 77 Posts | Last Date 22-07-2026,,,DEAL Dehradun Apprentice,,,,,77,All India,All India,Apprenticeship,,2026-07-22,,,,,https://www.indgovtjobs.in/2026/07/deal-dehradun-apprentice-recruitment.html,,,Not Applied,Application Closed,aggregator:indgovtjobs.in,2026-07-28T18:03:29,0.3,Low,Found via aggregator - needs official confirmation,"aggregator,indgovtjobs.in,apprenticeship training,defence jobs,diploma jobs,engineer jobs",2026-07-23T17:53:51,2026-08-31T06:03:44,-40,Expired
1533483d1978,Punjab National Bank LBO Recruitment 2026: Apply Online for 545 Posts | Last Date 09-08-2026,,,Punjab National Bank LBO,,,,,545,All India,All India,Job,,2026-08-09,,,,,https://www.indgovtjobs.in/2026/07/punjab-national-bank-lbo-recruitment.html,,,Not Applied,Application Closed,aggregator:indgovtjobs.in,2026-08-14T03:15:14,0.3,Low,Found via aggregator - needs official confirmation,"aggregator,indgovtjobs.in,bank jobs,officer jobs",2026-07-23T17:53:51,2026-08-31T06:03:44,-22,Expired
26862a34d5f4,RRB JE Recruitment 2026 – Notification for 4098 Posts | Apply Online up to 13-09-2026,,,RRB JE,,,,,4098,All India,All India,Job,,,,,,,https://www.indgovtjobs.in/2026/07/RRB-JE-Recruitment.html,,,Not Applied,Unverified,aggregator:indgovtjobs.in,2026-08-02T14:16:08,0.3,Low,Found via aggregator - needs official confirmation,"aggregator,indgovtjobs.in,engineer jobs,railway jobs,upcoming",2026-07-23T17:53:51,2026-08-31T06:03:44,,New
5d581d65f55c,CSIR CMERI Technician Recruitment 2026: Apply Online for 27 Posts | Last Date 03-08-2026,,,CSIR CMERI Technician,,,,,27,All India,All India,Job,,2026-08-03,,,,,https://www.indgovtjobs.in/2026/07/csir-cmeri-technician-recruitment.html,,,Not Applied,Application Closed,aggregator:indgovtjobs.in,2026-07-28T12:00:36,0.3,Low,Found via aggregator - needs official confirmation,"aggregator,indgovtjobs.in,csir,iti jobs,technician jobs",2026-07-23T17:53:51,2026-08-31T06:03:44,-28,Expired
68622f0c7142,"DPCC Various Posts Recruitment 2026 – Apply for 54 Engineer, Scientist & Assistant Posts",,,DPCC Various Posts,,,,,,Delhi,Delhi,Job,,,,,,,https://www.indgovtjobs.in/2026/07/dpcc-various-posts-recruitment.html,,,Not Applied,Verified with Official Notification,aggregator:indgovtjobs.in,2026-08-24T07:48:33,0.7,Low,Found via aggregator - needs official confirmation,"aggregator,indgovtjobs.in,delhi jobs,deputation jobs,engineer jobs,law",2026-07-23T17:53:51,2026-08-31T06:03:44,,New
89696fc396f7,"UPPRPB UP Police 81000 Recruitment 2026 – Constable, SI & Other Posts | Latest Update",,,UPPRPB UP Police 81000,,,,,,Uttar Pradesh,Uttar Pradesh,Job,,,,,,,https://www.indgovtjobs.in/2026/04/UP-Police-81000-Recruitment.html,,,Not Applied,Unverified,aggregator:indgovtjobs.in,2026-07-28T12:00:36,0.3,Low,Found via aggregator - needs official confirmation,"aggregator,indgovtjobs.in,police jobs,upcoming,uttar pradesh jobs",2026-07-23T17:53:51,2026-08-31T06:03:44,,New
f5bcfedbc879,SAIL RSP Apprentice Recruitment 2026: Notification for 1110 Posts | Apply Online up to 26-08-2026,,,SAIL RSP Apprentice,,,,,1110,All India,All India,Apprenticeship,,,,,,,https://www.indgovtjobs.in/2026/07/sail-rsp-apprentice-recruitment.html,,,Not Applied,Verified with Official Notification,aggregator:indgovtjobs.in,2026-08-31T06:03:44,0.7,Low,Found via aggregator - needs official confirmation,"aggregator,indgovtjobs.in,apprenticeship training,diploma jobs,iti jobs,sail jobs",2026-07-23T17:53:51,2026-08-31T06:03:44,,New
e59aea3388ba,HAL Barrackpore Recruitment 2026: Walk in Interview for 27 Trade Apprentice Posts | Last Date 24-07-2026,,,HAL Barrackpore,,,,,,West Bengal,West Bengal,Apprenticeship,,2026-07-24,,,,,https://www.indgovtjobs.in/2026/07/hal-barrackpore-recruitment.html,,,Not Applied,Application Closed,aggregator:indgovtjobs.in,2026-07-31T04:08:24,0.3,Low,Found via aggregator - needs official confirmation,"aggregator,indgovtjobs.in,apprenticeship training,hal jobs,iti jobs,west bengal jobs",2026-07-23T17:53:51,2026-08-31T06:03:44,-38,Expired
a939fc070c2c,HAL Engineer & Finance Officer Recruitment 2026: Notification for 30 Posts | Last Date 12-08-2026,,,HAL Engineer & Finance Officer,,,,,30,All India,All India,Job,,2026-08-12,,,,,https://www.indgovtjobs.in/2026/07/hal-engineer-finance-officer.html,,,Not Applied,Application Closed,aggregator:indgovtjobs.in,2026-07-30T18:04:34,0.3,Low,Found via aggregator - needs official confirmation,"aggregator,indgovtjobs.in,engineer jobs,finance jobs,hal jobs,manager jobs",2026-07-23T17:53:51,2026-08-31T06:03:44,-19,Expired
dc218a8516c5,Botanical Survey of India JRF Recruitment 2026: Apply for 06 Posts | Last Date 09-08-2026,,,Botanical Survey of India JRF,,,,,06,All India,All India,Job,,2026-08-09,,,,,https://www.indgovtjobs.in/2026/07/botanical-survey-of-india-jrf.html,,,Not Applied,Application Closed,aggregator:indgovtjobs.in,2026-08-15T13:15:54,0.3,Low,Found via aggregator - needs official confirmation,"aggregator,indgovtjobs.in,agriculture,kolkata jobs,research jobs",2026-07-23T17:53:51,2026-08-31T06:03:44,-22,Expired
28a11715a36e,"IOB Apprentice Recruitment 2026 – Apply Online for 750 Posts, Notification | Last Date 27-07-2026",,,IOB Apprentice,,,,,750,All India,All India,Apprenticeship,,2026-07-27,,,,,https://www.indgovtjobs.in/2026/07/IOB-Apprentice-Recruitment.html,,,Not Applied,Application Closed,aggregator:indgovtjobs.in,2026-08-04T09:28:37,0.3,Low,Found via aggregator - needs official confirmation,"aggregator,indgovtjobs.in,apprenticeship training,bank jobs",2026-07-23T17:53:51,2026-08-31T06:03:44,-35,Expired
4d588e41b03c,Sail Rourkela Apprentices Online Form 2026 | Last Date : 26/08/2026,,,Sail,,,,,,All India,All India,Apprenticeship,,,,,,,https://www.sarkariresult.com/2026/sail-rourkela-apprentice-july26/,,,Not Applied,Unverified,aggregator:sarkariresult.com,2026-07-28T20:41:29,0.3,Low,Found via aggregator - needs official confirmation,"aggregator,sarkariresult.com",2026-07-23T17:53:52,2026-08-31T06:03:44,,New
f40d87d65e83,IBPS Probationary Officer PO / MT 16th Online Form 2026 | Last Date : 26/07/2026,,,IBPS,,,,,,All India,All India,Job,,,,,,,https://www.sarkariresult.com/2026/ibps-po-xvi-mt-june26/,,,Not Applied,Unverified,aggregator:sarkariresult.com,2026-07-28T20:41:29,0.3,Low,Found via aggregator - needs official confirmation,"aggregator,sarkariresult.com",2026-07-23T17:53:52,2026-08-31T06:03:44,,New
b03a7dfef654,UPESSC Principal Online Form 2026 | Last Date : 20/08/2026,,,UPESSC,,,,,,All India,All India,Job,,,,,,,https://www.sarkariresult.com/2026/upessc-principal-02-2026/,,,Not Applied,Unverified,aggregator:sarkariresult.com,2026-07-28T20:41:29,0.3,Low,Found via aggregator - needs official confirmation,"aggregator,sarkariresult.com",2026-07-23T17:53:52,2026-08-31T06:03:44,,New
25a808c00cbb,Railway RRB Junior Engineer Online Form 2026 CEN 04/2026 | Last Date : 13/09/2026,,,Railway,,,,,,All India,All India,Job,,,,,,,https://www.sarkariresult.com/2026/railway-rrb-junior-engineer-cen-04-2026/,,,Not Applied,Unverified,aggregator:sarkariresult.com,2026-07-28T20:41:29,0.3,Low,Found via aggregator - needs official confirmation,"aggregator,sarkariresult.com",2026-07-23T17:53:52,2026-08-31T06:03:44,,New
0d5ec7cce688,Union Bank of India UBI Specialist Officer Online Form 2026 | Last Date : 10/08/2026,,,Union,,,,,,All India,All India,Job,,,,,,,https://www.sarkariresult.com/2026/union-bank-of-india-ubi-so-july26/,,,Not Applied,Unverified,aggregator:sarkariresult.com,2026-07-28T20:41:29,0.3,Low,Found via aggregator - needs official confirmation,"aggregator,sarkariresult.com",2026-07-23T17:53:52,2026-08-31T06:03:44,,New
4b4464a8663c,Army NCC 125th Special Entry Online Form 2026 | Last Date : 20/08/2026,,,Army,,,,,,All India,All India,Job,,,,,,,https://www.sarkariresult.com/2026/join-indian-army-special-entry-july26/,,,Not Applied,Unverified,aggregator:sarkariresult.com,2026-07-28T20:41:29,0.3,Low,Found via aggregator - needs official confirmation,"aggregator,sarkariresult.com",2026-07-23T17:53:52,2026-08-31T06:03:44,,New
627a611aa22a,IOB Indian Overseas Bank Apprentice 2026 Online Form for 750 Post | Last Date : 27/07/2026 Date Extended,,,IOB,,,,,,All India,All India,Apprenticeship,,,,,,,https://www.sarkariresult.com/2026/iob-apprentice-july26/,,,Not Applied,Unverified,aggregator:sarkariresult.com,2026-07-28T20:41:29,0.3,Low,Found via aggregator - needs official confirmation,"aggregator,sarkariresult.com",2026-07-23T17:53:52,2026-08-31T06:03:44,,New
d22cc99d3e6e,Punjab National Bank PNB Local Bank Officer LBO Online Form 2026 | Last Date : 09/08/2026,,,Punjab,,,,,,All India,All India,Job,,,,,,,https://www.sarkariresult.com/2026/pnb-lbo-july26/,,,Not Applied,Unverified,aggregator:sarkariresult.com,2026-07-28T20:41:29,0.3,Low,Found via aggregator - needs official confirmation,"aggregator,sarkariresult.com",2026-07-23T17:53:52,2026-08-31T06:03:44,,New
0d84033c3394,IIT GATE 2027 Online Form | Last Date : 21/09/2026,,,IIT,,,,,,All India,All India,Exam,,,,,,,https://www.sarkariresult.com/2027/gate-2027/,,,Not Applied,Unverified,aggregator:sarkariresult.com,2026-07-28T20:41:29,0.3,Low,Found via aggregator - needs official confirmation,"aggregator,sarkariresult.com",2026-07-23T17:53:52,2026-08-31T06:03:44,,New
8a85e279c0d4,IGCAR Apprentices Online Form 2026 | Last Date : 19/08/2026,,,IGCAR,,,,,,All India,All India,Apprenticeship,,,,,,,https://www.sarkariresult.com/2026/igcar-apprentice-july26/,,,Not Applied,Unverified,aggregator:sarkariresult.com,2026-07-28T20:41:29,0.3,Low,Found via aggregator - needs official confirmation,"aggregator,sarkariresult.com",2026-07-23T17:53:52,2026-08-31T06:03:44,,New
35876248b27e,"UPSC: Press Note: Combined Medical Services Examination, 2026",,Union Public Service Commission,UPSC,,,,,,All India,All India,Exam,,,,,https://upsc.gov.in/,,https://upsc.gov.in/whats-new/Combined%20Medical%20Services%20Examination%2C%202026/Press%20Note,,,Not Applied,Verified with Official Website,official:upsc.gov.in,2026-07-28T20:41:27,0.85,Low,,"upsc,central,exam",2026-07-25T15:27:53,2026-08-31T06:03:44,,New
73b54a9706c9,IBPS: UBI Recruitment of Officers Registration From 21-Jul-2026,,Institute of Banking Personnel Selection,IBPS,,,,,,All India,All India,Exam,,,,,https://www.ibps.in/index.php/recruitment/,,https://ibpsreg.ibps.in/ubijul26/,,,Not Applied,Verified with Official Website,official:ibps.in,2026-08-10T17:33:23,0.85,Low,,"ibps,banking,central",2026-07-25T15:27:55,2026-08-31T06:03:44,,New
3e684e9f386f,IBPS: UBI Recruitment of Officers 21-Jul-2026 10-Aug-2026,,Institute of Banking Personnel Selection,IBPS,,,,,,All India,All India,Exam,,,,,https://www.ibps.in/index.php/recruitment/,,https://ibpsreg.ibps.in/ubijul26/,,,Not Applied,Verified with Official Website,official:ibps.in,2026-08-10T17:33:23,0.85,Low,,"ibps,banking,central",2026-07-25T15:27:55,2026-08-31T06:03:44,,New
c8f72f2759b5,IBPS: BIP Recruitment of Various post 06-Jun-2025 03-Aug-2026,,Institute of Banking Personnel Selection,IBPS,,,,,,All India,All India,Exam,,,,,https://www.ibps.in/index.php/recruitment/,,https://ibpsreg.ibps.in/biprjan26/,,,Not Applied,Verified with Official Website,official:ibps.in,2026-08-03T18:24:29,0.85,Low,,"ibps,banking,central",2026-07-25T15:27:55,2026-08-31T06:03:44,,New
057ea88c1d94,"AIU Young Professionals & Consultant Recruitment 2026: Notification, Application Form",,,AIU Young Professionals & Consultant,,,,,,Delhi,Delhi,Job,,,,,,,https://www.indgovtjobs.in/2026/07/aiu-young-professionals-consultant.html,,,Not Applied,Unverified,aggregator:indgovtjobs.in,2026-07-26T22:00:43,0.3,Low,Found via aggregator - needs official confirmation,"aggregator,indgovtjobs.in,delhi jobs,institute and university jobs,young professionals",2026-07-25T15:28:12,2026-08-31T06:03:44,,New
593bd243ab50,"UPSC Principal and Vice Principal Recruitment 2026 – Apply Online for 828 Posts, Notification | Last Date 14-08-2026",,,UPSC Principal and Vice Principal,,,,,828,All India,All India,Job,,2026-08-14,,,,,https://www.indgovtjobs.in/2026/07/upsc-principal-Recruitment.html,,,Not Applied,Application Closed,aggregator:indgovtjobs.in,2026-08-18T02:05:46,0.7,Low,Found via aggregator - needs official confirmation,"aggregator,indgovtjobs.in,teacher jobs,upsc notifications",2026-07-25T15:28:12,2026-08-31T06:03:44,-17,Expired
15d20797edb6,UPSC Advertisement No.09/2026 – Apply Online for 39 Various Posts | Last Date 14-08-2026,,,UPSC Advertisement No.09/2026 – Apply Online for 39 Various ,,,,,,All India,All India,Job,,2026-08-14,,,,,https://www.indgovtjobs.in/2026/07/upsc-advertisement-no-09-2026.html,,,Not Applied,Application Closed,aggregator:indgovtjobs.in,2026-08-19T02:08:54,0.7,Low,Found via aggregator - needs official confirmation,"aggregator,indgovtjobs.in,faculty jobs,medical jobs,officer jobs,scientist jobs",2026-07-25T15:28:12,2026-08-31T06:03:44,-17,Expired
6962010dc2d3,RRB Recruitment 2026 – Apply Online for Latest RRB Job Vacancies,,,RRB,,,,,,All India,All India,Job,,,,,,,https://www.indgovtjobs.in/2018/12/RRB-JE-Recruitment.html,,,Not Applied,Unverified,aggregator:indgovtjobs.in,2026-08-16T13:17:03,0.3,Low,Found via aggregator - needs official confirmation,"aggregator,indgovtjobs.in,top pages",2026-07-25T15:28:12,2026-08-31T06:03:44,,New
9b8c9e52901f,"RRB Technician Recruitment 2026 –Apply Online for 6557 Posts, Notification | Last Date 29-07-2026",,,RRB Technician,,,,,6557,All India,All India,Job,,2026-07-29,,,,,https://www.indgovtjobs.in/2026/05/rrb-technician-recruitment.html,,,Not Applied,Application Closed,aggregator:indgovtjobs.in,2026-08-05T18:12:53,0.3,Low,Found via aggregator - needs official confirmation,"aggregator,indgovtjobs.in,diploma jobs,iti jobs,railway jobs,technician jobs",2026-07-25T15:28:12,2026-08-31T06:03:44,-33,Expired
f212221e6e09,"RRB Section Controller Recruitment 2026 – Apply Online for 119 Posts, Notification | Last Date 14-08-2026",,,RRB Section Controller,,,,,119,All India,All India,Job,,2026-08-14,,,,,https://www.indgovtjobs.in/2026/06/RRB-Section-Controller-Recruitment.html,,,Not Applied,Application Closed,aggregator:indgovtjobs.in,2026-08-13T03:15:18,0.3,Low,Found via aggregator - needs official confirmation,"aggregator,indgovtjobs.in,new,railway jobs",2026-07-25T15:28:12,2026-08-31T06:03:44,-17,Expired
f08d2ed875c8,"DMRC Executive Finance Recruitment 2026: Notification, Application Form | Last Date 30-07-2026",,,DMRC Executive Finance,,,,,,Delhi,Delhi,Job,,2026-07-30,,,,,https://www.indgovtjobs.in/2026/07/dmrc-executive-finance-recruitment.html,,,Not Applied,Application Closed,aggregator:indgovtjobs.in,2026-08-06T03:57:34,0.3,Low,Found via aggregator - needs official confirmation,"aggregator,indgovtjobs.in,delhi jobs,finance jobs,metro rail jobs",2026-07-25T15:28:12,2026-08-31T06:03:44,-32,Expired
4505f04ae0b2,"High Court of Uttarakhand Law Researcher Recruitment 2026: Notification, Online Form",,,High Court of Uttarakhand Law Researcher,,,,,,Uttarakhand,Uttarakhand,Job,,,,,,,https://www.indgovtjobs.in/2026/07/high-court-of-uttarakhand-law.html,,,Not Applied,Unverified,aggregator:indgovtjobs.in,2026-08-02T09:02:51,0.3,Low,Found via aggregator - needs official confirmation,"aggregator,indgovtjobs.in,high court vacancies,law,uttarakhand jobs",2026-07-25T15:28:12,2026-08-31T06:03:44,,New
0e160d9b01a1,ICAR IISS Young Professional Recruitment 2026: Walk in Interview,,,ICAR IISS Young Professional,,,,,,Madhya Pradesh,Madhya Pradesh,Job,,,,,,,https://www.indgovtjobs.in/2026/07/icar-iiss-young-professional.html,,,Not Applied,Unverified,aggregator:indgovtjobs.in,2026-08-02T09:02:51,0.3,Low,Found via aggregator - needs official confirmation,"aggregator,indgovtjobs.in,icar,madhya pradesh jobs,young professionals",2026-07-25T15:28:12,2026-08-31T06:03:44,,New
086cd08ca6b8,"TNPFC IT Personnel Recruitment 2026: Notification, Application Form | Last Date 19-08-2026",,,TNPFC IT Personnel,,,,,,Tamil Nadu,Tamil Nadu,Job,,2026-08-19,,,,,https://www.indgovtjobs.in/2026/07/tnpfc-it-personnel-recruitment.html,,,Not Applied,Application Closed,aggregator:indgovtjobs.in,2026-08-25T07:37:34,0.7,Low,Found via aggregator - needs official confirmation,"aggregator,indgovtjobs.in,it jobs,tamil nadu jobs",2026-07-25T15:28:12,2026-08-31T06:03:44,-12,Expired
3d3aa3fd9b24,Young Professional Recruitment 2026 – Latest YP Central Govt Job Vacancies,,,Young Professional,,,,,,All India,All India,Job,,,,,,,https://www.indgovtjobs.in/2026/07/Young-Professional-Recruitment.html,,,Not Applied,Verified with Official Notification,aggregator:indgovtjobs.in,2026-08-19T02:08:54,0.7,Low,Found via aggregator - needs official confirmation,"aggregator,indgovtjobs.in,top pages",2026-07-25T15:28:12,2026-08-31T06:03:44,,New
a2f64acca2f0,"NICL Assistant Recruitment 2026 – Apply Online for 500 Posts, Notification | Last Date 07-08-2026",,,NICL Assistant,,,,,500,All India,All India,Job,,2026-08-07,,,,,https://www.indgovtjobs.in/2026/07/NICL-Assistant-Recruitment.html,,,Not Applied,Application Closed,aggregator:indgovtjobs.in,2026-08-12T03:13:35,0.3,Low,Found via aggregator - needs official confirmation,"aggregator,indgovtjobs.in,assistants,insurance company jobs,nicl",2026-07-25T15:28:12,2026-08-31T06:03:44,-24,Expired
c311855f6402,"IAF Agniveervayu Musician Recruitment 2026 – Notification, Online Form | Last Date 02-08-2026",,,IAF Agniveervayu Musician,,,,,,All India,All India,Job,,2026-08-02,,,,,https://www.indgovtjobs.in/2026/07/iaf-agniveervayu-musician-recruitment.html,,,Not Applied,Application Closed,aggregator:indgovtjobs.in,2026-08-07T03:37:17,0.3,Low,Found via aggregator - needs official confirmation,"aggregator,indgovtjobs.in,indian air force jobs,music jobs",2026-07-25T15:28:12,2026-08-31T06:03:44,-29,Expired
38721b3be0f0,Jharkhand Para Teacher Recruitment 2026: Apply Online for 7299 Posts | Last Date 30-08-2026,,,Jharkhand Para Teacher,,,,,7299,Jharkhand,Jharkhand,Job,,2026-08-30,,,,,https://www.indgovtjobs.in/2026/07/jharkhand-para-teacher-recruitment.html,,,Not Applied,Application Closed,aggregator:indgovtjobs.in,2026-08-31T06:03:43,0.7,Low,Found via aggregator - needs official confirmation,"aggregator,indgovtjobs.in,jharkhand jobs,teacher jobs",2026-07-25T15:28:12,2026-08-31T06:03:44,-1,Expired
e0202df4bf77,Indian Navy SSC Officers June 2027 AT27 Online Form 2026 | Last Date : 03/08/2026,,,Indian,,,,,,All India,All India,Job,,,,,,,https://www.sarkariresult.com/2026/indian-navy-ssc-june2027-at27/,,,Not Applied,Unverified,aggregator:sarkariresult.com,2026-07-28T20:41:29,0.3,Low,Found via aggregator - needs official confirmation,"aggregator,sarkariresult.com",2026-07-25T15:28:14,2026-08-31T06:03:44,,New
8496dea83f1b,UPSSSC Forensic Science Laboratory Online Form 2026 | Last Date : 17/08/2026,,,UPSSSC,,,,,,All India,All India,Job,,,,,,,https://www.sarkariresult.com/2026/upsssc-paramedical-fsl-15-exam-2026/,,,Not Applied,Unverified,aggregator:sarkariresult.com,2026-07-28T20:41:29,0.3,Low,Found via aggregator - needs official confirmation,"aggregator,sarkariresult.com",2026-07-25T15:28:14,2026-08-31T06:03:44,,New
beda7d77d6bd,Physical Research Laboratory Recruitment 2026 – Apply Online for 05 Officer Posts | Last Date: 24-08-2026,,,Physical Research Laboratory,,,,,,Gujarat,Gujarat,Job,,2026-08-24,,,,,https://www.indgovtjobs.in/2026/07/physical-research-laboratory.html,,,Not Applied,Application Closed,aggregator:indgovtjobs.in,2026-08-30T05:48:12,0.7,Low,Found via aggregator - needs official confirmation,"aggregator,indgovtjobs.in,gujarat jobs,officer jobs",2026-07-25T16:51:29,2026-08-31T06:03:44,-7,Expired
fd444b4779a6,NIUM Recruitment 2026: Apply Online for 10 Professional Posts | Last Date 08-08-2026,,,NIUM,,,,,,Telangana,Telangana,Job,,2026-08-08,,,,,https://www.indgovtjobs.in/2026/07/nium-recruitment.html,,,Not Applied,Application Closed,aggregator:indgovtjobs.in,2026-08-14T03:15:14,0.3,Low,Found via aggregator - needs official confirmation,"aggregator,indgovtjobs.in,accountant,engineer jobs,hyderabad jobs,telangana jobs",2026-07-25T16:51:29,2026-08-31T06:03:44,-23,Expired
78b2eb6298f6,IIT ISM Dhanbad Non-Teaching Recruitment 2026: Apply Online for 09 Posts | Last Date 06-08-2026,,,IIT ISM Dhanbad Non-Teaching,,,,,09,Jharkhand,Jharkhand,Job,,2026-08-06,,,,,https://www.indgovtjobs.in/2026/07/iit-ism-dhanbad-non-teaching.html,,,Not Applied,Application Closed,aggregator:indgovtjobs.in,2026-08-11T07:53:48,0.3,Low,Found via aggregator - needs official confirmation,"aggregator,indgovtjobs.in,assistants,institute and university jobs,jharkhand jobs,technician jobs",2026-07-25T18:00:26,2026-08-31T06:03:44,-25,Expired
e37dc275ae80,NFRA Young Professional Recruitment 2026 – Notification for 09 Posts | Last Date 02-08-2026,,,NFRA Young Professional,,,,,09,Delhi,Delhi,Job,,2026-08-02,,,,,https://www.indgovtjobs.in/2026/06/nfra-young-professional-recruitment.html,,,Not Applied,Application Closed,aggregator:indgovtjobs.in,2026-08-07T03:37:17,0.3,Low,Found via aggregator - needs official confirmation,"aggregator,indgovtjobs.in,delhi jobs,young professionals",2026-07-25T18:00:26,2026-08-31T06:03:44,-29,Expired
c4fabf0a1d36,"Indian Navy SSC Officer Recruitment 2026 – Notification, Online Form, 275 Posts | Last Date 27-07-2026",,,Indian Navy SSC Officer,,,,,275,All India,All India,Job,,2026-07-27,,,,,https://www.indgovtjobs.in/2016/04/Indian-Navy-SSC-Officer-Recruitment.html,,,Not Applied,Application Closed,aggregator:indgovtjobs.in,2026-08-04T03:57:51,0.3,Low,Found via aggregator - needs official confirmation,"aggregator,indgovtjobs.in,engineer jobs,indian navy,it jobs,officer jobs",2026-07-25T18:00:26,2026-08-31T06:03:44,-35,Expired
776eea14912b,National Sports University Imphal Recruitment 2026 - Apply for 12 Teaching & Non Teaching Posts | Last Date 31-07-2026,,,National Sports University Imphal,,,,,,Manipur,Manipur,Job,,2026-07-31,,,,,https://www.indgovtjobs.in/2026/06/national-sports-university-nsu-imphal.html,,,Not Applied,Application Closed,aggregator:indgovtjobs.in,2026-08-06T15:01:44,0.3,Low,Found via aggregator - needs official confirmation,"aggregator,indgovtjobs.in,assistants,faculty jobs,manipur jobs,officer jobs",2026-07-25T18:00:26,2026-08-31T06:03:44,-31,Expired
993b58745792,"IAF Group Y Airmen Medical Assistant Recruitment 2026 – Notification, Online Form",,,IAF Group Y Airmen Medical Assistant,,,,,,All India,All India,Job,,,,,,,https://www.indgovtjobs.in/2026/06/iaf-group-y-airmen-medical-assistant.html,,,Not Applied,Unverified,aggregator:indgovtjobs.in,2026-08-03T04:14:07,0.3,Low,Found via aggregator - needs official confirmation,"aggregator,indgovtjobs.in,indian air force jobs,medical jobs",2026-07-25T18:00:26,2026-08-31T06:03:44,,New
e850fa988c85,IBPS SO Recruitment 2026 Apply Online (1035+ Posts) | Last Date 26-07-2026,,,IBPS SO,,,,,1035,All India,All India,Job,,2026-07-26,,,,,https://www.indgovtjobs.in/2026/07/IBPS-SO-Notification.html,,,Not Applied,Application Closed,aggregator:indgovtjobs.in,2026-08-03T15:33:00,0.3,Low,Found via aggregator - needs official confirmation,"aggregator,indgovtjobs.in,agriculture,ibps,it jobs,law",2026-07-26T12:00:27,2026-08-31T06:03:44,-36,Expired
f188a9f0c078,IBPS PO MT XVI 2026 Apply Online (7365 Posts) | Last Date 26-07-2026,,,IBPS PO MT XVI 2026 Apply Online (7365 Posts) | Last Date 26,,,,,7365,All India,All India,Job,,2026-07-26,,,,,https://www.indgovtjobs.in/2026/07/IBPS-PO-MT-XVI.html,,,Not Applied,Application Closed,aggregator:indgovtjobs.in,2026-08-03T10:31:53,0.3,Low,Found via aggregator - needs official confirmation,"aggregator,indgovtjobs.in,bank jobs,ibps,management trainees,officer jobs",2026-07-26T12:00:27,2026-08-31T06:03:44,-36,Expired
d818a832509f,ISRO ISRO:ICRB:02(EMC-CEPO):2026: Recruitment to the post of Scientist/Engineers 'SC',,Centralised Recruitment (ICRB),ISRO,,,,,,All India,Centralised Recruitment (ICRB),Job,2026-07-28,2026-08-17,,,https://www.isro.gov.in/ViewAllOpportunities.html,,https://www.isro.gov.in/ViewAllOpportunities.html,,,Not Applied,Application Closed,official:isro.gov.in,2026-08-31T06:03:42,0.85,Low,Advertisement ISRO:ICRB:02(EMC-CEPO):2026,"isro,space,central",2026-07-28T10:21:24,2026-08-31T06:03:44,-14,Expired
a430858e87d5,"ISRO PRL:01/2026: Recruitment to the post of Administrative Officer, Accounts Officer, Purchase and Stores Officer",,"Physical Research Laboratory (PRL) , Ahmedabad",ISRO,,,,,,All India,"Physical Research Laboratory (PRL) , Ahmedabad",Job,2026-07-25,2026-08-24,,,https://www.isro.gov.in/ViewAllOpportunities.html,,https://www.isro.gov.in/ViewAllOpportunities.html,,,Not Applied,Application Closed,official:isro.gov.in,2026-08-31T06:03:42,0.85,Low,Advertisement PRL:01/2026,"isro,space,central",2026-07-28T10:21:24,2026-08-31T06:03:44,-7,Expired
97a5cc26c0b0,"ISRO ISRO:ICRB:01(A-JPA):2026: Recruitment to the post of Assistants, Junior Personal Assistants, Upper Division Clerk and Stenographers",,Centralised Recruitment (ICRB),ISRO,,,,,,All India,Centralised Recruitment (ICRB),Job,2026-07-27,2026-08-20,,,https://www.isro.gov.in/ViewAllOpportunities.html,,https://www.isro.gov.in/ViewAllOpportunities.html,,,Not Applied,Application Closed,official:isro.gov.in,2026-08-31T06:03:42,0.85,Low,Advertisement ISRO:ICRB:01(A-JPA):2026,"isro,space,central",2026-07-28T10:21:24,2026-08-31T06:03:44,-11,Expired
31d1f7cd3d6e,IBPS: Important Notice for Edit Window for Candidates to Modify/ Correct Application Form for CRP PO/MTs XVI and SPL XVI,,Institute of Banking Personnel Selection,IBPS,,,,,,All India,All India,Exam,,,,,https://www.ibps.in/index.php/recruitment/,https://www.ibps.in/wp-content/uploads/IMPORTANT-NOTICE_Edit_Window_28.07.26.pdf,https://www.ibps.in/wp-content/uploads/IMPORTANT-NOTICE_Edit_Window_28.07.26.pdf,,,Not Applied,Verified with Official PDF,official:ibps.in,2026-07-30T18:04:33,0.95,Low,,"ibps,banking,central",2026-07-28T10:21:27,2026-08-31T06:03:44,,New
0163ed523954,RITES Limited Recruitment 2026 – Apply Online for 04 Manager & Assistant Manager Posts | Last Date 16 August 2026,,,RITES Limited,,,,,,All India,All India,Job,,,,,,,https://www.indgovtjobs.in/2026/07/rites-limited-recruitment.html,,,Not Applied,Unverified,aggregator:indgovtjobs.in,2026-08-05T03:51:37,0.3,Low,Found via aggregator - needs official confirmation,"aggregator,indgovtjobs.in,environment & forests jobs,manager jobs,rites",2026-07-28T10:21:47,2026-08-31T06:03:44,,New
18258f03025b,"HAL DT MT Recruitment 2026: Notification Out, Apply Online for 120 Posts | Last Date 14-08-2026",,,HAL DT MT,,,,,120,All India,All India,Job,,2026-08-14,,,,,https://www.indgovtjobs.in/2026/07/HAL-DT-MT-Recruitment.html,,,Not Applied,Application Closed,aggregator:indgovtjobs.in,2026-07-30T03:49:11,0.3,Low,Found via aggregator - needs official confirmation,"aggregator,indgovtjobs.in,engineer jobs,hal jobs,management trainees,new",2026-07-28T10:21:47,2026-08-31T06:03:44,-17,Expired
0b2df62e6cb1,IBPS Clerk Notification 2026: Apply Online for 10000+ CSA Posts | Last Date 21-08-2026,,,IBPS Clerk Notification 2026: Apply Online for 10000+ CSA Po,,,,,,All India,All India,Job,,2026-08-21,,,,,https://www.indgovtjobs.in/2026/07/IBPS-Clerk-Notification.html,,,Not Applied,Application Closed,aggregator:indgovtjobs.in,2026-07-31T18:13:09,0.3,Low,Found via aggregator - needs official confirmation,"aggregator,indgovtjobs.in,bank jobs,clerk jobs,ibps,new",2026-07-28T10:21:47,2026-08-31T06:03:44,-10,Expired
1329197d10a9,AIU Young Professionals & Consultant Recruitment 2026: Notification for 06 Posts | Last Date 23-08-2026,,,AIU Young Professionals & Consultant,,,,,06,Delhi,Delhi,Job,,2026-08-23,,,,,https://www.indgovtjobs.in/2026/07/aiu-young-professionals-consultant.html,,,Not Applied,Application Closed,aggregator:indgovtjobs.in,2026-08-05T03:51:37,0.3,Low,Found via aggregator - needs official confirmation,"aggregator,indgovtjobs.in,delhi jobs,institute and university jobs,young professionals",2026-07-28T10:21:47,2026-08-31T06:03:44,-8,Expired
f1f28ab7af85,"Northeast Frontier Railway Sports Quota Recruitment 2026: Apply Online for 56 Posts, Notification | Last Date 24-08-2026",,,Northeast Frontier Railway Sports Quota,,,,,56,All India,All India,Job,,2026-08-24,,,,,https://www.indgovtjobs.in/2026/07/northeast-frontier-railway-sports-quota.html,,,Not Applied,Application Closed,aggregator:indgovtjobs.in,2026-08-05T03:51:37,0.3,Low,Found via aggregator - needs official confirmation,"aggregator,indgovtjobs.in,railway jobs,sports vacancies",2026-07-28T10:21:47,2026-08-31T06:03:44,-7,Expired
f6a82e4f37ea,"Rail Wheel Factory Sports Quota Recruitment 2026: Notification for 15 Posts, Application Form",,,Rail Wheel Factory Sports Quota,,,,,15,All India,All India,Job,,,,,,,https://www.indgovtjobs.in/2026/07/rail-wheel-factory-sports-quota.html,,,Not Applied,Unverified,aggregator:indgovtjobs.in,2026-08-05T03:51:37,0.3,Low,Found via aggregator - needs official confirmation,"aggregator,indgovtjobs.in,railway jobs,sports vacancies",2026-07-28T10:21:47,2026-08-31T06:03:44,,New
50bc60ad6573,"IOCL Apprentice Recruitment 2026 – Apply Online for 3913 Posts, Notifications",,,IOCL Apprentice,,,,,3913,All India,All India,Apprenticeship,,,,,,,https://www.indgovtjobs.in/2026/06/iocl-apprentice-recruitment.html,,,Not Applied,Unverified,aggregator:indgovtjobs.in,2026-08-04T18:18:52,0.3,Low,Found via aggregator - needs official confirmation,"aggregator,indgovtjobs.in,apprenticeship training,diploma jobs,iocl,iti jobs",2026-07-28T10:21:47,2026-08-31T06:03:44,,New
15e4acf24dc0,ISRO ICRB Various Post Online Form 2026 | Last Date : 16/08/2026,,,ISRO,,,,,,All India,All India,Job,,,,,,,https://www.sarkariresult.com/2026/isro-various-post-jul26/,,,Not Applied,Unverified,aggregator:sarkariresult.com,2026-07-28T20:41:29,0.3,Low,Found via aggregator - needs official confirmation,"aggregator,sarkariresult.com",2026-07-28T10:21:50,2026-08-31T06:03:44,,New
77d9560ca1e3,IBPS Clerk CRP CSA 16th Online Form 2026 | Last Date : 21/08/2026,,,IBPS,,,,,,All India,All India,Job,,,,,,,https://www.sarkariresult.com/2026/ibps-clerk-16th-august26/,,,Not Applied,Unverified,aggregator:sarkariresult.com,2026-07-28T20:41:29,0.3,Low,Found via aggregator - needs official confirmation,"aggregator,sarkariresult.com",2026-07-28T10:21:50,2026-08-31T06:03:44,,New
607028698f27,Notification No.HCLC 31/2026 Dated:09.06.2026,,Karnataka Judiciary,High Court of Karnataka,,,,,,Karnataka,Bengaluru,Job,,,,,https://judiciary.karnataka.gov.in/,https://judiciary.karnataka.gov.in/common_folder/notification//HCLC31_2026.pdf,https://judiciary.karnataka.gov.in/common_folder/notification//HCLC31_2026.pdf,,,Not Applied,Verified with Official PDF,official:judiciary.karnataka.gov.in,2026-07-28T20:41:27,0.95,Low,,"karnataka,high court,state",2026-07-28T12:00:12,2026-08-31T06:03:44,,New
842923231390,Notification No. HCLC 18/2023 Dated: 23.06.2023,,Karnataka Judiciary,High Court of Karnataka,,,,,,Karnataka,Bengaluru,Job,,,,,https://judiciary.karnataka.gov.in/,https://judiciary.karnataka.gov.in/common_folder/notification//HCLC18_2023.pdf,https://judiciary.karnataka.gov.in/common_folder/notification//HCLC18_2023.pdf,,,Not Applied,Verified with Official PDF,official:judiciary.karnataka.gov.in,2026-07-28T20:41:27,0.95,Low,,"karnataka,high court,state",2026-07-28T12:00:12,2026-08-31T06:03:44,,New
07379ce0058d,Notification No.HCLC 83/23 Dated: 22.08.2023,,Karnataka Judiciary,High Court of Karnataka,,,,,,Karnataka,Bengaluru,Job,,,,,https://judiciary.karnataka.gov.in/,https://judiciary.karnataka.gov.in/common_folder/notification//HCLC83_2023.pdf,https://judiciary.karnataka.gov.in/common_folder/notification//HCLC83_2023.pdf,,,Not Applied,Verified with Official PDF,official:judiciary.karnataka.gov.in,2026-07-28T20:41:27,0.95,Low,,"karnataka,high court,state",2026-07-28T12:00:12,2026-08-31T06:03:44,,New
54d15cb5bf2b,ISRO Scientist Engineer Recruitment 2026 – Apply Online for 93 Posts | Last Date 17-08-2026,,,ISRO Scientist Engineer,,,,,93,All India,All India,Job,,2026-08-17,,,,,https://www.indgovtjobs.in/2026/07/isro-scientist-engineer-recruitment.html,,,Not Applied,Application Closed,aggregator:indgovtjobs.in,2026-08-21T02:15:37,0.7,Low,Found via aggregator - needs official confirmation,"aggregator,indgovtjobs.in,engineer jobs,isro jobs,new,scientist jobs",2026-07-28T12:00:32,2026-08-31T06:03:44,-14,Expired
cf5d06925b20,JKSSB Warder Recruitment 2026: Apply Online for 288 Posts | Last Date 25-08-2026,,,JKSSB Warder,,,,,288,Jammu Kashmir,Jammu Kashmir,Job,,2026-08-25,,,,,https://www.indgovtjobs.in/2026/07/jkssb-warder-recruitment.html,,,Not Applied,Application Closed,aggregator:indgovtjobs.in,2026-08-31T06:03:44,0.7,Low,Found via aggregator - needs official confirmation,"aggregator,indgovtjobs.in,jammu kashmir jobs,police jobs",2026-07-28T18:00:31,2026-08-31T06:03:44,-6,Expired
f1b607b8615d,High Court of Patna Assistant Recruitment 2026 Apply Online (68 Posts) | Last Date 27-08-2026,,,High Court of Patna Assistant,,,,,68,All India,All India,Job,,2026-08-27,,,,,https://www.indgovtjobs.in/2026/07/high-court-of-patna-assistant.html,,,Not Applied,Application Closed,aggregator:indgovtjobs.in,2026-08-17T02:11:32,0.3,Low,Found via aggregator - needs official confirmation,"aggregator,indgovtjobs.in,assistants,court jobs,patna jobs",2026-07-28T18:00:31,2026-08-31T06:03:44,-4,Expired
124271e3c37a,ISRO URSC:03:2026: Recruitment to the posts of Graduate Apprentice Trainee and Diploma Apprentice Trainee,,"U R Rao Satellite Centre,(URSC)",ISRO,,,,,,All India,Bengaluru,Apprenticeship,2026-07-29,2026-08-28,,,https://www.isro.gov.in/ViewAllOpportunities.html,,https://www.isro.gov.in/ViewAllOpportunities.html,,,Not Applied,Application Closed,official:isro.gov.in,2026-08-31T06:03:42,0.85,Low,Advertisement URSC:03:2026,"isro,space,central,bengaluru",2026-07-28T20:26:30,2026-08-31T06:03:44,-3,Expired
0f8ea3aac0c0,"ISRO 244 Assistant, JPA, UDC & Stenographer Online Form 2026",,,"ISRO 244 Assistant, JPA, UDC & Stenographer Online Form 2026",,,,,244,Karnataka,Karnataka,Job,,,,,,,https://www.freejobalert.com/articles/isro-recruitment-2026-assistant-udc-jpa-stenographer-3059587,,,Not Applied,Unverified,aggregator:freejobalert.com,2026-08-12T03:13:35,0.3,Low,Found via aggregator - needs official confirmation,"aggregator,freejobalert",2026-07-28T20:26:49,2026-08-31T06:03:44,,New
486c1a1acc37,"Belagavi DCC Bank SDA, Peon and Gunman Online Form 2026",,,"Belagavi DCC Bank SDA, Peon and Gunman Online Form 2026",,,,,,Karnataka,Karnataka,Job,,,,,,,https://www.freejobalert.com/articles/belagavi-dcc-bank-recruitment-2026-apply-online-for-104-sda-peon-and-gunman-posts-3060058,,,Not Applied,Unverified,aggregator:freejobalert.com,2026-08-27T10:15:43,0.3,Low,Found via aggregator - needs official confirmation,"aggregator,freejobalert,karnataka",2026-07-28T20:26:49,2026-08-31T06:03:44,,New
d6075bb4c30f,HAL Various Posts Online Form 2026,,,HAL,,,,,,Karnataka,Karnataka,Job,,,,,,,https://www.freejobalert.com/articles/hal-recruitment-2026-apply-online-for-30-finance-officer-deputy-manager-and-more-posts-3059616,,,Not Applied,Unverified,aggregator:freejobalert.com,2026-08-07T03:37:17,0.3,Low,Found via aggregator - needs official confirmation,"aggregator,freejobalert",2026-07-28T20:26:49,2026-08-31T06:03:44,,New
5a0be0e80642,KEA KREIS 1087 Teacher Online Form 2026,,,KEA KREIS 1087 Teacher Online Form 2026,,,,,1087,Karnataka,Karnataka,Job,,,,,,,https://www.freejobalert.com/articles/kea-kreis-teacher-recruitment-2026-apply-online-for-1087-posts-3057838,,,Not Applied,Unverified,aggregator:freejobalert.com,2026-08-17T17:03:34,0.3,Low,Found via aggregator - needs official confirmation,"aggregator,freejobalert,karnataka",2026-07-28T20:26:49,2026-08-31T06:03:44,,New
40a572bfef9d,KEA KSRP 2314 Police Constable Online Form 2026,,,KEA KSRP 2314 Police Constable Online Form 2026,,,,,2314,Karnataka,Karnataka,Job,,,,,,,https://www.freejobalert.com/articles/kea-ksrp-police-constable-recruitment-2026-apply-online-for-2314-posts-3057919,,,Not Applied,Unverified,aggregator:freejobalert.com,2026-08-01T04:08:41,0.3,Low,Found via aggregator - needs official confirmation,"aggregator,freejobalert,karnataka",2026-07-28T20:26:49,2026-08-31T06:03:44,,New
591c43a10984,KEA 750 Land Surveyor Online Form 2026,,,KEA 750 Land Surveyor Online Form 2026,,,,,750,Karnataka,Karnataka,Job,,,,,,,https://www.freejobalert.com/articles/kea-land-surveyor-recruitment-2026-apply-online-for-750-posts-3057813,,,Not Applied,Unverified,aggregator:freejobalert.com,2026-08-20T17:09:09,0.3,Low,Found via aggregator - needs official confirmation,"aggregator,freejobalert,karnataka",2026-07-28T20:26:49,2026-08-31T06:03:44,,New
f1692735e2ef,High Court of Karnataka Group D Online Form 2026,,,High Court of Karnataka Group D Online Form 2026,,,,,,Karnataka,Karnataka,Job,,,,,,,https://www.freejobalert.com/articles/karnataka-high-court-group-d-recruitment-2026-apply-online-for-106-peon-watchman-and-sweeper-posts-3056476,,,Not Applied,Unverified,aggregator:freejobalert.com,2026-07-29T09:30:19,0.3,Low,Found via aggregator - needs official confirmation,"aggregator,freejobalert,karnataka",2026-07-28T20:26:49,2026-08-31T06:03:44,,New
2535a9b8f15f,Karnataka High Court Assistant Court Secretary Online Form 2026,,,Karnataka High Court Assistant Court Secretary Online Form 2,,,,,,Karnataka,Karnataka,Job,,,,,,,https://www.freejobalert.com/articles/karnataka-high-court-assistant-court-secretary-recruitment-2026-apply-online-for-73-posts-3056299,,,Not Applied,Unverified,aggregator:freejobalert.com,2026-07-29T03:57:30,0.3,Low,Found via aggregator - needs official confirmation,"aggregator,freejobalert,karnataka",2026-07-28T20:26:49,2026-08-31T06:03:44,,New
bac9fb6a6009,HAL Vacancy 2026 - 120 Management Trainee & Design Trainee Posts,,,HAL,,,,,120,Karnataka,Karnataka,Job,,,,,,,https://www.freejobalert.com/articles/hal-management-and-design-trainee-recruitment-2026-apply-online-for-120-posts-3060593,,,Not Applied,Unverified,aggregator:freejobalert.com,2026-08-05T09:26:38,0.3,Low,Found via aggregator - needs official confirmation,"aggregator,freejobalert,karnataka",2026-07-28T20:26:49,2026-08-31T06:03:44,,New
9c989e440de3,ISRO Vacancy 2026 - 92 Scientist/ Engineer Posts,,,ISRO,,,,,92,Karnataka,Karnataka,Job,,,,,,,https://www.freejobalert.com/articles/isro-scientist-engineer-recruitment-2026-notification-out-apply-online-for-92-posts-3060552,,,Not Applied,Unverified,aggregator:freejobalert.com,2026-08-05T09:26:38,0.3,Low,Found via aggregator - needs official confirmation,"aggregator,freejobalert,karnataka",2026-07-28T20:26:49,2026-08-31T06:03:44,,New
c812a7d4775d,"District Court Tumkur Vacancy 2026 - 24 Stenographer, Typist Posts",,,District Court Tumkur,,,,,24,Karnataka,Karnataka,Job,,,,,,,https://www.freejobalert.com/articles/district-court-tumkur-recruitment-2026-apply-online-for-24-stenographer-and-typist-posts-3060545,,,Not Applied,Unverified,aggregator:freejobalert.com,2026-08-05T09:26:38,0.3,Low,Found via aggregator - needs official confirmation,"aggregator,freejobalert,karnataka",2026-07-28T20:26:49,2026-08-31T06:03:44,,New
ebac2c590bc5,"AVNL Vacancy 2026 - 1213 Junior Technician, Junior Manager and More Posts",,,AVNL,,,,,1213,Karnataka,Karnataka,Job,,,,,,,https://www.freejobalert.com/articles/avnl-executive-and-non-executive-recruitment-2026-apply-online-for-1213-posts-3055808,,,Not Applied,Unverified,aggregator:freejobalert.com,2026-07-31T18:13:09,0.3,Low,Found via aggregator - needs official confirmation,"aggregator,freejobalert,karnataka",2026-07-28T20:26:49,2026-08-31T06:03:44,,New
23cd4d9461ee,"ISRO Vacancy 2026 - 244 UDC, Steno and More Posts",,,ISRO,,,,,244,Karnataka,Karnataka,Job,,,,,,,https://www.freejobalert.com/articles/isro-recruitment-2026-assistant-udc-jpa-stenographer-3059587,,,Not Applied,Unverified,aggregator:freejobalert.com,2026-08-05T09:26:38,0.3,Low,Found via aggregator - needs official confirmation,"aggregator,freejobalert,karnataka",2026-07-28T20:26:49,2026-08-31T06:03:44,,New
5dbe815c5eb7,KVAFSU Vacancy 2026 - 1 Assistant Professor Posts,,,KVAFSU,,,,,,Karnataka,Karnataka,Job,,,,,,,https://www.freejobalert.com/articles/kvafsu-assistant-professor-recruitment-2026-walkin-3060430,,,Not Applied,Unverified,aggregator:freejobalert.com,2026-07-30T18:04:33,0.3,Low,Found via aggregator - needs official confirmation,"aggregator,freejobalert,karnataka",2026-07-28T20:26:49,2026-08-31T06:03:44,,New
facf8fe97437,ISRO MCF Hassan Vacancy 2026 - 45 Graduate and Technician Apprentice Trainee Posts,,,ISRO MCF Hassan,,,,,45,Karnataka,Karnataka,Apprenticeship,,,,,,,https://www.freejobalert.com/articles/isro-mcf-hassan-gat-and-tat-recruitment-2026-apply-online-for-45-graduate-and-technician-apprentice-trainee-posts-3060403,,,Not Applied,Unverified,aggregator:freejobalert.com,2026-08-03T18:24:29,0.3,Low,Found via aggregator - needs official confirmation,"aggregator,freejobalert,karnataka",2026-07-28T20:26:49,2026-08-31T06:03:44,,New
2b25c8af68d6,IISc Vacancy 2026 - 5 Program Assistant Posts,,,IISc,,,,,,Karnataka,Karnataka,Job,,,,,,,https://www.freejobalert.com/articles/iisc-program-assistant-recruitment-2026-apply-online-3060333,,,Not Applied,Unverified,aggregator:freejobalert.com,2026-08-05T09:26:38,0.3,Low,Found via aggregator - needs official confirmation,"aggregator,freejobalert,karnataka",2026-07-28T20:26:49,2026-08-31T06:03:44,,New
be6d72096715,"Belagavi DCC Bank Vacancy 2026 - 104 Second Division Assistant, Peon and Gunman Posts",,,Belagavi DCC Bank,,,,,104,Karnataka,Karnataka,Job,,,,,,,https://www.freejobalert.com/articles/belagavi-dcc-bank-recruitment-2026-apply-online-for-104-sda-peon-and-gunman-posts-3060058,,,Not Applied,Unverified,aggregator:freejobalert.com,2026-08-05T09:26:38,0.3,Low,Found via aggregator - needs official confirmation,"aggregator,freejobalert,karnataka",2026-07-28T20:26:49,2026-08-31T06:03:44,,New
694eca179859,"HAL Vacancy 2026 - 30 Finance Officer, Deputy Manager and More Posts",,,HAL,,,,,30,Karnataka,Karnataka,Job,,,,,,,https://www.freejobalert.com/articles/hal-recruitment-2026-apply-online-for-30-finance-officer-deputy-manager-and-more-posts-3059616,,,Not Applied,Unverified,aggregator:freejobalert.com,2026-08-05T09:26:38,0.3,Low,Found via aggregator - needs official confirmation,"aggregator,freejobalert,karnataka",2026-07-28T20:26:49,2026-08-31T06:03:44,,New
d5a13d76f651,CSIR CFTRI Vacancy 2026 - 1 Project Assistant Posts,,,CSIR CFTRI,,,,,,Karnataka,Karnataka,Job,,,,,,,https://www.freejobalert.com/articles/csir-cftri-project-assistant-recruitment-2026-apply-online-3059805,,,Not Applied,Unverified,aggregator:freejobalert.com,2026-07-30T18:04:33,0.3,Low,Found via aggregator - needs official confirmation,"aggregator,freejobalert,karnataka",2026-07-28T20:26:49,2026-08-31T06:03:44,,New
fd5ecef0c989,BEL Vacancy 2026 - Graduate Apprentice Posts,,,BEL,,,,,,Karnataka,Karnataka,Apprenticeship,,,,,,,https://www.freejobalert.com/articles/bel-graduate-apprenticeship-gapp-recruitment-2026-walk-in-written-test-3059692,,,Not Applied,Unverified,aggregator:freejobalert.com,2026-08-05T09:26:38,0.3,Low,Found via aggregator - needs official confirmation,"aggregator,freejobalert,karnataka",2026-07-28T20:26:49,2026-08-31T06:03:44,,New
f5f5356e7cab,"DHFWS Kolar Vacancy 2026 - 15 Medical Officer, Junior Lab Technician and More Posts",,,DHFWS Kolar,,,,,15,Karnataka,Karnataka,Job,,,,,,,https://www.freejobalert.com/articles/dhfws-kolar-recruitment-2026-walkin-for-15medical-officer-junior-lab-technician-and-more-posts-3059653,,,Not Applied,Unverified,aggregator:freejobalert.com,2026-07-28T18:03:29,0.3,Low,Found via aggregator - needs official confirmation,"aggregator,freejobalert,karnataka",2026-07-28T20:26:49,2026-08-31T06:03:44,,New
e35806f026a5,"KSMCL Vacancy 2026 - 50 Assistant Manager, Engineer and More Posts",,,KSMCL,,,,,50,Karnataka,Karnataka,Job,,,,,,,https://www.freejobalert.com/articles/ksmcl-recruitment-2026-walk-in-interview-50-posts-3059638,,,Not Applied,Unverified,aggregator:freejobalert.com,2026-07-31T18:13:09,0.3,Low,Found via aggregator - needs official confirmation,"aggregator,freejobalert,karnataka",2026-07-28T20:26:49,2026-08-31T06:03:44,,New
301e7f1f7a5e,"Indian Army Vacancy 2026 - 06 SSC (Non-Tech), Women Posts",,,Indian Army,,,,,06,Karnataka,Karnataka,Job,,,,,,,https://www.freejobalert.com/articles/indian-army-ncc-special-entry-125-course-women-2027-3059623,,,Not Applied,Unverified,aggregator:freejobalert.com,2026-08-05T09:26:38,0.3,Low,Found via aggregator - needs official confirmation,"aggregator,freejobalert,karnataka",2026-07-28T20:26:49,2026-08-31T06:03:44,,New
bb64aa8589ad,PNB Vacancy 2026 - 545 Local Bank Officer Posts,,,PNB,,,,,545,Karnataka,Karnataka,Job,,,,,,,https://www.freejobalert.com/articles/pnb-local-bank-officer-recruitment-2026-apply-online-for-545-posts-3059463,,,Not Applied,Unverified,aggregator:freejobalert.com,2026-08-05T09:26:38,0.3,Low,Found via aggregator - needs official confirmation,"aggregator,freejobalert,karnataka",2026-07-28T20:26:49,2026-08-31T06:03:44,,New
ca1df3bb9643,RITES Vacancy 2026 - 24 Assistant Manager Posts,,,RITES,,,,,24,Karnataka,Karnataka,Job,,,,,,,https://www.freejobalert.com/articles/rites-assistant-manager-recruitment-2026-apply-online-for-24-posts-3059190,,,Not Applied,Unverified,aggregator:freejobalert.com,2026-08-05T09:26:38,0.3,Low,Found via aggregator - needs official confirmation,"aggregator,freejobalert,karnataka",2026-07-28T20:26:49,2026-08-31T06:03:44,,New
3f591901c43d,KEA KREIS Vacancy 2026 - 1087 Teacher Posts,,,KEA KREIS,,,,,1087,Karnataka,Karnataka,Job,,,,,,,https://www.freejobalert.com/articles/kea-kreis-teacher-recruitment-2026-apply-online-for-1087-posts-3057838,,,Not Applied,Unverified,aggregator:freejobalert.com,2026-08-05T09:26:38,0.3,Low,Found via aggregator - needs official confirmation,"aggregator,freejobalert,karnataka",2026-07-28T20:26:49,2026-08-31T06:03:44,,New
14e2a114aff5,NCBS Vacancy 2026 - 1 Facility Assistant Posts,,,NCBS,,,,,,Karnataka,Karnataka,Job,,,,,,,https://www.freejobalert.com/articles/ncbs-facility-assistant-mgef-recruitment-2026-apply-online-3058730,,,Not Applied,Unverified,aggregator:freejobalert.com,2026-07-31T18:13:09,0.3,Low,Found via aggregator - needs official confirmation,"aggregator,freejobalert,karnataka",2026-07-28T20:26:49,2026-08-31T06:03:44,,New
729380614379,"CMTI Vacancy 2026 - 71 Project Assistant, Data Entry Operator cum Assistant and More Posts",,,CMTI,,,,,71,Karnataka,Karnataka,Job,,,,,,,https://www.freejobalert.com/articles/cmti-bengaluru-recruitment-2026-walk-in-interview-3058713,,,Not Applied,Unverified,aggregator:freejobalert.com,2026-08-05T09:26:38,0.3,Low,Found via aggregator - needs official confirmation,"aggregator,freejobalert,karnataka",2026-07-28T20:26:49,2026-08-31T06:03:44,,New
53873a072840,Karnataka Lokayukta Vacancy 2026 - 26 Clerk Cum Typist Posts,,,Karnataka Lokayukta,,,,,26,Karnataka,Karnataka,Job,,,,,,,https://www.freejobalert.com/articles/karnataka-lokayukta-karya-kam-typist-recruitment-2026-3058706,,,Not Applied,Unverified,aggregator:freejobalert.com,2026-08-05T09:26:38,0.3,Low,Found via aggregator - needs official confirmation,"aggregator,freejobalert,karnataka",2026-07-28T20:26:49,2026-08-31T06:03:44,,New
0dae49f0a7ce,HLL Vacancy 2026 - Apprenticeship Trainee Posts,,,HLL,,,,,,Karnataka,Karnataka,Apprenticeship,,,,,,,https://www.freejobalert.com/articles/hll-apprenticeship-trainee-recruitment-2026-apply-offline-3058561,,,Not Applied,Unverified,aggregator:freejobalert.com,2026-07-30T18:04:34,0.3,Low,Found via aggregator - needs official confirmation,"aggregator,freejobalert,karnataka",2026-07-28T20:26:49,2026-08-31T06:03:44,,New
8a0800b91469,KEA Vacancy 2026 - 572 Village Administrative Officer Posts,,,KEA,,,,,572,Karnataka,Karnataka,Job,,,,,,,https://www.freejobalert.com/articles/kea-vao-recruitment-2026-apply-online-for-572-posts-3057860,,,Not Applied,Unverified,aggregator:freejobalert.com,2026-08-05T09:26:38,0.3,Low,Found via aggregator - needs official confirmation,"aggregator,freejobalert,karnataka",2026-07-28T20:26:49,2026-08-31T06:03:44,,New
fcde6f5ff2a2,KEA KSRP Vacancy 2026 - 2314 Police Constable Posts,,,KEA KSRP,,,,,2314,Karnataka,Karnataka,Job,,,,,,,https://www.freejobalert.com/articles/kea-ksrp-police-constable-recruitment-2026-apply-online-for-2314-posts-3057919,,,Not Applied,Unverified,aggregator:freejobalert.com,2026-08-05T09:26:38,0.3,Low,Found via aggregator - needs official confirmation,"aggregator,freejobalert,karnataka",2026-07-28T20:26:49,2026-08-31T06:03:44,,New
8f6c547b80f2,KEA Vacancy 2026 - 750 Land Surveyor Posts,,,KEA,,,,,750,Karnataka,Karnataka,Job,,,,,,,https://www.freejobalert.com/articles/kea-land-surveyor-recruitment-2026-apply-online-for-750-posts-3057813,,,Not Applied,Unverified,aggregator:freejobalert.com,2026-08-05T09:26:38,0.3,Low,Found via aggregator - needs official confirmation,"aggregator,freejobalert,karnataka",2026-07-28T20:26:49,2026-08-31T06:03:44,,New
60336debb369,Indian Army Vacancy 2026 - 350 SSC (Tech)-68 Men Posts,,,Indian Army,,,,,350,Karnataka,Karnataka,Job,,,,,,,https://www.freejobalert.com/articles/indian-army-ssc-tech-68-men-recruitment-2026-3057473,,,Not Applied,Unverified,aggregator:freejobalert.com,2026-08-05T09:26:38,0.3,Low,Found via aggregator - needs official confirmation,"aggregator,freejobalert,karnataka",2026-07-28T20:26:49,2026-08-31T06:03:44,,New
ac6097797fbf,"Army Canteen Bangalore Vacancy 2026 - 52 Assistant Manager, Storekeeper and More Posts",,,Army Canteen Bangalore,,,,,52,Karnataka,Karnataka,Job,,,,,,,https://www.freejobalert.com/articles/army-canteen-bangalore-recruitment-2026-apply-online-for-52-assistant-manager-storekeeper-and-more-posts-3057205,,,Not Applied,Unverified,aggregator:freejobalert.com,2026-07-31T18:13:09,0.3,Low,Found via aggregator - needs official confirmation,"aggregator,freejobalert,karnataka",2026-07-28T20:26:49,2026-08-31T06:03:44,,New
0e4fc1cc5aa6,"Karnataka High Court Vacancy 2026 - 106 Peons, Watchman and More Posts",,,Karnataka High Court,,,,,106,Karnataka,Karnataka,Job,,,,,,,https://www.freejobalert.com/articles/karnataka-high-court-group-d-recruitment-2026-apply-online-for-106-peon-watchman-and-sweeper-posts-3056476,,,Not Applied,Unverified,aggregator:freejobalert.com,2026-07-31T18:13:09,0.3,Low,Found via aggregator - needs official confirmation,"aggregator,freejobalert,karnataka",2026-07-28T20:26:49,2026-08-31T06:03:44,,New
1ffad868d7d6,Karnataka High Court Vacancy 2026 - 73 Assistant Court Secretary Posts,,,Karnataka High Court,,,,,73,Karnataka,Karnataka,Job,,,,,,,https://www.freejobalert.com/articles/karnataka-high-court-assistant-court-secretary-recruitment-2026-apply-online-for-73-posts-3056299,,,Not Applied,Unverified,aggregator:freejobalert.com,2026-07-30T18:04:34,0.3,Low,Found via aggregator - needs official confirmation,"aggregator,freejobalert,karnataka",2026-07-28T20:26:49,2026-08-31T06:03:44,,New
368d4c771908,"RRI Vacancy 2026 - 22 Engineer, Engineering Assistant, Tradesman Posts",,,RRI,,,,,22,Karnataka,Karnataka,Job,,,,,,,https://www.freejobalert.com/articles/rri-recruitment-2026-apply-online-for-22-engineer-tradesman-and-more-posts-3056257,,,Not Applied,Unverified,aggregator:freejobalert.com,2026-07-31T18:13:09,0.3,Low,Found via aggregator - needs official confirmation,"aggregator,freejobalert,karnataka",2026-07-28T20:26:49,2026-08-31T06:03:44,,New
114be150d5e7,Karnataka High Court Vacancy 2026 - 28 Data Entry Assistant Posts,,,Karnataka High Court,,,,,28,Karnataka,Karnataka,Job,,,,,,,https://www.freejobalert.com/articles/karnataka-high-court-data-entry-assistant-recruitment-2026-apply-online-for-21-posts-3055891,,,Not Applied,Unverified,aggregator:freejobalert.com,2026-07-28T18:03:29,0.3,Low,Found via aggregator - needs official confirmation,"aggregator,freejobalert,karnataka",2026-07-28T20:26:49,2026-08-31T06:03:44,,New
fb0f3ed2ae3b,ISRO ISTRAC Vacancy 2026 - 95 Apprentices Posts,,,ISRO ISTRAC,,,,,95,Karnataka,Karnataka,Apprenticeship,,,,,,,https://www.freejobalert.com/articles/isro-istrac-apprentices-recruitment-2026-apply-online-for-95-posts-3055101,,,Not Applied,Unverified,aggregator:freejobalert.com,2026-07-31T18:13:09,0.3,Low,Found via aggregator - needs official confirmation,"aggregator,freejobalert,karnataka",2026-07-28T20:26:49,2026-08-31T06:03:44,,New
d9326befa9a9,"TSLPRB 7437 Constable, Warder, SI Online Form 2026",,,"TSLPRB 7437 Constable, Warder, SI Online Form 2026",,,,,7437,Karnataka,Karnataka,Job,,,,,,,https://www.freejobalert.com/articles/telangana-police-tslprb-recruitment-2026-apply-online-for-7437-police-constable-warder-si-and-more-posts-3056807,,,Not Applied,Unverified,aggregator:freejobalert.com,2026-08-05T03:51:37,0.3,Low,Found via aggregator - needs official confirmation,"aggregator,freejobalert",2026-07-28T20:26:49,2026-08-31T06:03:44,,New
bc58197aedac,JSSC JTAACCE 7299 Para Teacher Online Form 2026,,,JSSC JTAACCE 7299 Para Teacher Online Form 2026,,,,,7299,Karnataka,Karnataka,Job,,,,,,,https://www.freejobalert.com/articles/jssc-jtaacce-para-teacher-recruitment-2026-3059915,,,Not Applied,Unverified,aggregator:freejobalert.com,2026-08-22T02:05:20,0.3,Low,Found via aggregator - needs official confirmation,"aggregator,freejobalert,karnataka",2026-07-28T20:26:49,2026-08-31T06:03:44,,New
3e1501a657b4,NFR 6777 Act Apprentice Online Form 2026,,,NFR 6777 Act Apprentice Online Form 2026,,,,,6777,Karnataka,Karnataka,Apprenticeship,,,,,,,https://www.freejobalert.com/articles/nfr-act-apprentice-recruitment-2026-apply-online-for-6777-posts-3058432,,,Not Applied,Unverified,aggregator:freejobalert.com,2026-08-11T07:53:48,0.3,Low,Found via aggregator - needs official confirmation,"aggregator,freejobalert,karnataka",2026-07-28T20:26:49,2026-08-31T06:03:44,,New
fd1654bdbe8a,RRB 6557 Technician Online Form 2026,,,RRB 6557 Technician Online Form 2026,,,,,6557,Karnataka,Karnataka,Job,,,,,,,https://www.freejobalert.com/articles/rrb-technician-recruitment-2026-apply-online-for-6565-posts-3049539,,,Not Applied,Unverified,aggregator:freejobalert.com,2026-07-29T17:55:53,0.3,Low,Found via aggregator - needs official confirmation,"aggregator,freejobalert,karnataka",2026-07-28T20:26:49,2026-08-31T06:03:44,,New
fb99b6728acb,28 JUL IOCL 1524 Apprentice Online Form 2026 Closing Soon,,,28 JUL IOCL 1524 Apprentice Online Form 2026 Closing Soon,,,,,28,Karnataka,Karnataka,Apprenticeship,,,,,,,https://www.freejobalert.com/articles/iocl-apprentice-recruitment-2026-apply-online-for-1524-trade-technician-apprentice-posts-3055739,,,Not Applied,Unverified,aggregator:freejobalert.com,2026-07-28T18:03:29,0.3,Low,Found via aggregator - needs official confirmation,"aggregator,freejobalert,karnataka",2026-07-28T20:26:49,2026-08-31T06:03:44,,New
6dbd5077b6d2,29 JUL RRB 6557 Technician Online Form 2026 Closing Soon,,,29 JUL RRB 6557 Technician Online Form 2026 Closing Soon,,,,,29,Karnataka,Karnataka,Job,,,,,,,https://www.freejobalert.com/articles/rrb-technician-recruitment-2026-apply-online-for-6565-posts-3049539,,,Not Applied,Unverified,aggregator:freejobalert.com,2026-07-29T17:55:53,0.3,Low,Found via aggregator - needs official confirmation,"aggregator,freejobalert,karnataka",2026-07-28T20:26:49,2026-08-31T06:03:44,,New
39527d461fc6,"31 JUL TSLPRB 7437 Constable, Warder, SI Online Form 2026 Apply Now",,,"31 JUL TSLPRB 7437 Constable, Warder, SI Online Form 2026 Ap",,,,,31,Karnataka,Karnataka,Job,,,,,,,https://www.freejobalert.com/articles/telangana-police-tslprb-recruitment-2026-apply-online-for-7437-police-constable-warder-si-and-more-posts-3056807,,,Not Applied,Unverified,aggregator:freejobalert.com,2026-07-28T18:03:29,0.3,Low,Found via aggregator - needs official confirmation,"aggregator,freejobalert,karnataka",2026-07-28T20:26:49,2026-08-31T06:03:44,,New
e709dbec6a2c,AAI Eastern Region 140 Apprentice Online Form 2026,,,AAI Eastern Region 140 Apprentice Online Form 2026,,,,,140,Karnataka,Karnataka,Apprenticeship,,,,,,,https://www.freejobalert.com/articles/aai-eastern-region-apprentice-recruitment-2026-apply-online-for-140-posts-3060637,,,Not Applied,Unverified,aggregator:freejobalert.com,2026-08-08T02:35:47,0.3,Low,Found via aggregator - needs official confirmation,"aggregator,freejobalert",2026-07-28T20:26:49,2026-08-31T06:03:44,,New
3990b0b35c33,HAL 120 Management & Design Trainee Online Form 2026,,,HAL 120 Management & Design Trainee Online Form 2026,,,,,120,Karnataka,Karnataka,Job,,,,,,,https://www.freejobalert.com/articles/hal-management-and-design-trainee-recruitment-2026-apply-online-for-120-posts-3060593,,,Not Applied,Unverified,aggregator:freejobalert.com,2026-08-14T17:36:44,0.3,Low,Found via aggregator - needs official confirmation,"aggregator,freejobalert",2026-07-28T20:26:49,2026-08-31T06:03:44,,New
192fb2a90fe1,ISRO Scientist Online Form 2026,,,ISRO Scientist Online Form 2026,,,,,,Karnataka,Karnataka,Job,,,,,,,https://www.freejobalert.com/articles/isro-scientist-engineer-recruitment-2026-notification-out-apply-online-for-92-posts-3060552,,,Not Applied,Unverified,aggregator:freejobalert.com,2026-08-11T02:43:53,0.3,Low,Found via aggregator - needs official confirmation,"aggregator,freejobalert",2026-07-28T20:26:49,2026-08-31T06:03:44,,New
b35e8efc0740,Indian Navy 275 SSC Officer Online Form 2026,,,Indian Navy 275 SSC Officer Online Form 2026,,,,,275,Karnataka,Karnataka,Job,,,,,,,https://www.freejobalert.com/articles/indian-navy-ssc-officer-recruitment-2026-notification-out-apply-online-for-257-posts-3055149,,,Not Applied,Unverified,aggregator:freejobalert.com,2026-08-03T18:24:30,0.3,Low,Found via aggregator - needs official confirmation,"aggregator,freejobalert",2026-07-28T20:26:49,2026-08-31T06:03:44,,New
c93f20b24d48,"UPSC Agricultural Engineer, Scientist & Other Posts Online Form 2026",,,"UPSC Agricultural Engineer, Scientist & Other Posts Online F",,,,,,Karnataka,Karnataka,Job,,,,,,,https://www.freejobalert.com/articles/upsc-recruitment-2026-apply-online-for-41-agricultural-engineer-scientist-and-more-posts-3060202,,,Not Applied,Unverified,aggregator:freejobalert.com,2026-08-07T07:59:48,0.3,Low,Found via aggregator - needs official confirmation,"aggregator,freejobalert",2026-07-28T20:26:49,2026-08-31T06:03:44,,New
036eb643f8bd,UPSC 828 Principal and Vice-Principal Online Form 2026,,,UPSC 828 Principal and Vice-Principal Online Form 2026,,,,,828,Karnataka,Karnataka,Job,,,,,,,https://www.freejobalert.com/articles/upsc-principal-vice-principal-recruitment-2026-3059573,,,Not Applied,Unverified,aggregator:freejobalert.com,2026-08-07T03:37:17,0.3,Low,Found via aggregator - needs official confirmation,"aggregator,freejobalert",2026-07-28T20:26:49,2026-08-31T06:03:44,,New
c1f8f70d8364,RRC Eastern Railway Scouts & Guides Quota Online Form 2026,,,RRC Eastern Railway Scouts & Guides Quota Online Form 2026,,,,,,Karnataka,Karnataka,Job,,,,,,,https://www.freejobalert.com/articles/rrc-eastern-railway-scouts-guides-recruitment-2026-3060185,,,Not Applied,Unverified,aggregator:freejobalert.com,2026-08-07T03:37:17,0.3,Low,Found via aggregator - needs official confirmation,"aggregator,freejobalert",2026-07-28T20:26:49,2026-08-31T06:03:44,,New
8b5e40a549cd,AAI NSCBI Airport Apprentice Online Form 2026,,,AAI NSCBI Airport Apprentice Online Form 2026,,,,,,Karnataka,Karnataka,Apprenticeship,,,,,,,https://www.freejobalert.com/articles/aai-nscbi-airport-apprentice-recruitment-2026-apply-online-for-38-posts-3060594,,,Not Applied,Unverified,aggregator:freejobalert.com,2026-08-04T03:57:51,0.3,Low,Found via aggregator - needs official confirmation,"aggregator,freejobalert",2026-07-28T20:26:49,2026-08-31T06:03:44,,New
3a1bc51052a4,RTMNU Assistant Professor Online Form 2026,,,RTMNU Assistant Professor Online Form 2026,,,,,,Karnataka,Karnataka,Job,,,,,,,https://www.freejobalert.com/articles/rtmnu-assistant-professor-recruitment-2026-apply-online-for-139-posts-3060569,,,Not Applied,Unverified,aggregator:freejobalert.com,2026-08-04T03:57:51,0.3,Low,Found via aggregator - needs official confirmation,"aggregator,freejobalert",2026-07-28T20:26:49,2026-08-31T06:03:44,,New
15418f55adbb,ISRO MCF Hassan GAT & TAT Online Form 2026,,,ISRO MCF Hassan GAT & TAT Online Form 2026,,,,,,Karnataka,Karnataka,Job,,,,,,,https://www.freejobalert.com/articles/isro-mcf-hassan-gat-and-tat-recruitment-2026-apply-online-for-45-graduate-and-technician-apprentice-trainee-posts-3060403,,,Not Applied,Unverified,aggregator:freejobalert.com,2026-08-03T18:24:30,0.3,Low,Found via aggregator - needs official confirmation,"aggregator,freejobalert",2026-07-28T20:26:49,2026-08-31T06:03:44,,New
892f628e359d,CGSSB 2292 Assistant Teacher Online Form 2026,,,CGSSB 2292 Assistant Teacher Online Form 2026,,,,,2292,Karnataka,Karnataka,Job,,,,,,,https://www.freejobalert.com/articles/cgssb-assistant-teacher-recruitment-2026-lsat26-exam-dates-application-fee-and-instructions-3060269,,,Not Applied,Unverified,aggregator:freejobalert.com,2026-08-03T10:31:52,0.3,Low,Found via aggregator - needs official confirmation,"aggregator,freejobalert",2026-07-28T20:26:49,2026-08-31T06:03:44,,New
c2fe2ab2a276,"SPMCIL Assistant Manager, Deputy Manager Online Form 2026",,,"SPMCIL Assistant Manager, Deputy Manager Online Form 2026",,,,,,Karnataka,Karnataka,Job,,,,,,,https://www.freejobalert.com/articles/spmcil-assistant-manager-deputy-manager-recruitment-2026-3060221,,,Not Applied,Unverified,aggregator:freejobalert.com,2026-08-26T02:17:19,0.3,Low,Found via aggregator - needs official confirmation,"aggregator,freejobalert,karnataka",2026-07-28T20:26:49,2026-08-31T06:03:44,,New
bbe03c6778a5,UPSSSC FSL 208 Scientific Assistant & Lab Assistant Posts Online Form 2026,,,UPSSSC FSL 208 Scientific Assistant & Lab Assistant Posts On,,,,,208,Karnataka,Karnataka,Job,,,,,,,https://www.freejobalert.com/articles/upsssc-fsl-recruitment-2026-3060250,,,Not Applied,Unverified,aggregator:freejobalert.com,2026-08-03T04:14:07,0.3,Low,Found via aggregator - needs official confirmation,"aggregator,freejobalert",2026-07-28T20:26:49,2026-08-31T06:03:44,,New
483f93c7ce9a,IBPS Clerk Online Form 2026 (Short Notice),,,IBPS Clerk Online Form 2026 (Short Notice),,,,,,,,Job,,,,,,,https://www.freejobalert.com/articles/ibps-clerk-recruitment-2026-apply-online-for-crp-csa-xvi-posts-3060464,,,Not Applied,Unverified,aggregator:freejobalert.com,2026-08-01T04:08:41,0.3,Low,Found via aggregator - needs official confirmation,"aggregator,freejobalert",2026-07-28T20:26:50,2026-08-31T06:03:44,,New
7991746a5e3f,RRB 4098 JE Online Form 2026,,,RRB 4098 JE Online Form 2026,,,,,4098,Karnataka,Karnataka,Job,,,,,,,https://www.freejobalert.com/articles/rrb-je-recruitment-2026-apply-online-for-4098-junior-engineer-posts-3059556,,,Not Applied,Unverified,aggregator:freejobalert.com,2026-08-14T03:15:13,0.3,Low,Found via aggregator - needs official confirmation,"aggregator,freejobalert",2026-07-28T20:26:50,2026-08-31T06:03:44,,New
eff7f53fab09,BDL 147 Apprentices Online Form 2026,,,BDL 147 Apprentices Online Form 2026,,,,,147,,,Apprenticeship,,,,,,,https://www.freejobalert.com/articles/bharat-dynamics-limited-bdl-apprentices-2026-3060127,,,Not Applied,Unverified,aggregator:freejobalert.com,2026-08-06T03:57:34,0.3,Low,Found via aggregator - needs official confirmation,"aggregator,freejobalert",2026-07-28T20:26:50,2026-08-31T06:03:44,,New
c4bdbbea0bed,South Indian Bank PO Online Form 2026,,,South Indian Bank PO Online Form 2026,,,,,,,,Job,,,,,,,https://www.freejobalert.com/articles/south-indian-bank-po-recruitment-2026-3059848,,,Not Applied,Unverified,aggregator:freejobalert.com,2026-07-29T17:55:53,0.3,Low,Found via aggregator - needs official confirmation,"aggregator,freejobalert",2026-07-28T20:26:50,2026-08-31T06:03:44,,New
5900edb7c346,ICSI Executive Assistant Online Form 2026,,,ICSI Executive Assistant Online Form 2026,,,,,,,,Job,,,,,,,https://www.freejobalert.com/articles/icsi-executive-assistant-recruitment-2026-notification-apply-online-3059702,,,Not Applied,Unverified,aggregator:freejobalert.com,2026-08-06T03:57:34,0.3,Low,Found via aggregator - needs official confirmation,"aggregator,freejobalert",2026-07-28T20:26:50,2026-08-31T06:03:44,,New
49c882d1011f,Indian Army NCC Special Entry 125 Course (Women) Online Form 2026,,,Indian Army NCC Special Entry 125 Course (Women) Online Form,,,,,125,,,Job,,,,,,,https://www.freejobalert.com/articles/indian-army-ncc-special-entry-125-course-women-2027-3059623,,,Not Applied,Unverified,aggregator:freejobalert.com,2026-08-06T03:57:34,0.3,Low,Found via aggregator - needs official confirmation,"aggregator,freejobalert",2026-07-28T20:26:50,2026-08-31T06:03:44,,New
c74c5203780d,APCOB 338 Staff Assistant and AM Online form 2026,,,APCOB 338 Staff Assistant and AM Online form 2026,,,,,338,Karnataka,Karnataka,Job,,,,,,,https://www.freejobalert.com/articles/apcob-staff-assistant-and-am-recruitment-2026-3060189,,,Not Applied,Unverified,aggregator:freejobalert.com,2026-08-07T17:31:42,0.3,Low,Found via aggregator - needs official confirmation,"aggregator,freejobalert",2026-07-28T20:26:50,2026-08-31T06:03:44,,New
d8be582c011c,Andaman and Nicobar Administration 714 CHSL Online Form 2026,,,Andaman and Nicobar Administration 714 CHSL Online Form 2026,,,,,714,,,Exam,,,,,,,https://www.freejobalert.com/articles/andaman-and-nicobar-administration-chsl-recruitment-2026-apply-online-for-716-depot-clerk-storekeeper-and-more-posts-3052911,,,Not Applied,Unverified,aggregator:freejobalert.com,2026-07-30T18:04:34,0.3,Low,Found via aggregator - needs official confirmation,"aggregator,freejobalert",2026-07-28T20:26:50,2026-08-31T06:03:44,,New
d07ca92e9965,FCRI Research Engineer & Junior Research Engineer Online Form 2026,,,FCRI Research Engineer & Junior Research Engineer Online For,,,,,,,,Job,,,,,,,https://www.freejobalert.com/articles/fcri-research-engineer-and-junior-research-engineer-recruitment-2026-3060150,,,Not Applied,Unverified,aggregator:freejobalert.com,2026-08-01T08:48:06,0.3,Low,Found via aggregator - needs official confirmation,"aggregator,freejobalert",2026-07-28T20:26:50,2026-08-31T06:03:44,,New
a5a908f136cf,Union Bank of India 395 SO Online Form 2026,,,Union Bank of India 395 SO Online Form 2026,,,,,395,Karnataka,Karnataka,Job,,,,,,,https://www.freejobalert.com/articles/union-bank-of-india-so-recruitment-2026-apply-online-for-395-specialist-officers-general-banking-officers-and-officers-posts-3059262,,,Not Applied,Unverified,aggregator:freejobalert.com,2026-08-15T16:58:32,0.3,Low,Found via aggregator - needs official confirmation,"aggregator,freejobalert",2026-07-28T20:26:50,2026-08-31T06:03:44,,New
1496f058ca6d,Indian Army Officer Online Form 2026,,,Indian Army Officer Online Form 2026,,,,,,,,Job,,,,,,,https://www.freejobalert.com/articles/indian-army-officer-recruitment-2026-apply-online-3057822,,,Not Applied,Unverified,aggregator:freejobalert.com,2026-08-06T03:57:34,0.3,Low,Found via aggregator - needs official confirmation,"aggregator,freejobalert",2026-07-28T20:26:50,2026-08-31T06:03:44,,New
77cefb084b6c,CWC Young Professional Online Form 2026,,,CWC Young Professional Online Form 2026,,,,,,,,Job,,,,,,,https://www.freejobalert.com/articles/cwc-young-professional-recruitment-2026-3057392,,,Not Applied,Unverified,aggregator:freejobalert.com,2026-08-04T03:57:51,0.3,Low,Found via aggregator - needs official confirmation,"aggregator,freejobalert",2026-07-28T20:26:50,2026-08-31T06:03:44,,New
71953eb596fc,IAF Agniveervayu Musician Online Form 2026,,,IAF Agniveervayu Musician Online Form 2026,,,,,,,,Job,,,,,,,https://www.freejobalert.com/articles/iaf-agniveervayu-musician-recruitment-2026-3058762,,,Not Applied,Unverified,aggregator:freejobalert.com,2026-08-02T17:39:59,0.3,Low,Found via aggregator - needs official confirmation,"aggregator,freejobalert",2026-07-28T20:26:50,2026-08-31T06:03:44,,New
315c206b283a,RITES Assistant Manager (Mechanical) Online Form 2026,,,RITES Assistant Manager (Mechanical) Online Form 2026,,,,,,Karnataka,Karnataka,Job,,,,,,,https://www.freejobalert.com/articles/rites-assistant-manager-recruitment-2026-apply-online-for-24-posts-3059190,,,Not Applied,Unverified,aggregator:freejobalert.com,2026-08-17T17:03:35,0.3,Low,Found via aggregator - needs official confirmation,"aggregator,freejobalert",2026-07-28T20:26:50,2026-08-31T06:03:44,,New
8226ab1f359a,SAIL RSP 1110 Apprentice Online Form 2026,,,SAIL RSP 1110 Apprentice Online Form 2026,,,,,1110,,,Apprenticeship,,,,,,,https://www.freejobalert.com/articles/sail-rsp-apprentice-recruitment-2026-apply-online-for-1110-posts-3059166,,,Not Applied,Unverified,aggregator:freejobalert.com,2026-08-04T03:57:51,0.3,Low,Found via aggregator - needs official confirmation,"aggregator,freejobalert",2026-07-28T20:26:50,2026-08-31T06:03:44,,New
4841c773674c,NICL 500 Assistant Online Form 2026,,,NICL 500 Assistant Online Form 2026,,,,,500,Karnataka,Karnataka,Job,,,,,,,https://www.freejobalert.com/articles/nicl-assistant-recruitment-2026-apply-online-for-500-posts-3058949,,,Not Applied,Unverified,aggregator:freejobalert.com,2026-08-07T17:31:42,0.3,Low,Found via aggregator - needs official confirmation,"aggregator,freejobalert",2026-07-28T20:26:50,2026-08-31T06:03:44,,New
e39ab1b48b5a,BARC Scientific Assistant Online Form 2026,,,BARC Scientific Assistant Online Form 2026,,,,,,,,Job,,,,,,,https://www.freejobalert.com/articles/barc-scientific-assistant-recruitment-2026-apply-online-for-06-posts-3059006,,,Not Applied,Unverified,aggregator:freejobalert.com,2026-08-03T04:14:07,0.3,Low,Found via aggregator - needs official confirmation,"aggregator,freejobalert",2026-07-28T20:26:50,2026-08-31T06:03:44,,New
7b8f43da6772,ONGC Graduate Trainee Online Form 2026,,,ONGC Graduate Trainee Online Form 2026,,,,,,,,Job,,,,,,,https://www.freejobalert.com/articles/ongc-graduate-trainee-recruitment-2026-apply-online-for-geologists-engineers-posts-3057609,,,Not Applied,Unverified,aggregator:freejobalert.com,2026-07-31T04:08:24,0.3,Low,Found via aggregator - needs official confirmation,"aggregator,freejobalert",2026-07-28T20:26:50,2026-08-31T06:03:44,,New
2547cae3afec,HPCL 358 Graduate Apprentice Trainee Online Form 2026,,,HPCL 358 Graduate Apprentice Trainee Online Form 2026,,,,,358,,,Apprenticeship,,,,,,,https://www.freejobalert.com/articles/hpcl-graduate-apprentice-recruitment-2026-3058199,,,Not Applied,Unverified,aggregator:freejobalert.com,2026-07-30T09:22:13,0.3,Low,Found via aggregator - needs official confirmation,"aggregator,freejobalert",2026-07-28T20:26:50,2026-08-31T06:03:44,,New
5e16b637e58a,RRC Central Railway Sports Quota Posts Online Form 2026,,,RRC Central Railway Sports Quota Posts Online Form 2026,,,,,,,,Job,,,,,,,https://www.freejobalert.com/articles/rrc-central-railway-sports-quota-recruitment-2026-apply-online-for-59-group-c-d-posts-3057882,,,Not Applied,Unverified,aggregator:freejobalert.com,2026-07-30T09:22:13,0.3,Low,Found via aggregator - needs official confirmation,"aggregator,freejobalert",2026-07-28T20:26:50,2026-08-31T06:03:44,,New
235ac1e5cf48,RRB Section Controller Online Form 2026,,,RRB Section Controller Online Form 2026,,,,,,,,Job,,,,,,,https://www.freejobalert.com/articles/rrb-section-controller-recruitment-2026-apply-online-for-119-posts-3055121,,,Not Applied,Unverified,aggregator:freejobalert.com,2026-07-30T03:49:11,0.3,Low,Found via aggregator - needs official confirmation,"aggregator,freejobalert",2026-07-28T20:26:50,2026-08-31T06:03:44,,New
c403a9b5da8e,"BTSC Technician, Assistant Bacteriologist Online Form 2026",,,"BTSC Technician, Assistant Bacteriologist Online Form 2026",,,,,,,,Job,,,,,,,https://www.freejobalert.com/articles/btsc-technician-assistant-bacteriologist-recruitment-2026-3060053,,,Not Applied,Unverified,aggregator:freejobalert.com,2026-08-01T04:08:41,0.3,Low,Found via aggregator - needs official confirmation,"aggregator,freejobalert",2026-07-28T20:26:50,2026-08-31T06:03:44,,New
a237fb2391f0,Manipur SSC Special Primary Teacher Online Form 2026,,,Manipur SSC Special Primary Teacher Online Form 2026,,,,,,Karnataka,Karnataka,Job,,,,,,,https://www.freejobalert.com/articles/manipur-ssc-special-primary-teacher-recruitment-2026-3060112,,,Not Applied,Unverified,aggregator:freejobalert.com,2026-08-06T09:29:52,0.3,Low,Found via aggregator - needs official confirmation,"aggregator,freejobalert",2026-07-28T20:26:50,2026-08-31T06:03:44,,New
091f55a7a197,Yadadri Bhuvanagiri Anganwadi Teacher & Helper / Ayah Online Form 2026,,,Yadadri Bhuvanagiri Anganwadi Teacher & Helper / Ayah Online,,,,,,,,Job,,,,,,,https://www.freejobalert.com/articles/telangana-anganwadi-recruitment-2026-apply-online-for-79-anganwadi-helper-ayah-posts-in-yadadri-bhuvanagiri-district-3060025,,,Not Applied,Unverified,aggregator:freejobalert.com,2026-07-31T04:08:24,0.3,Low,Found via aggregator - needs official confirmation,"aggregator,freejobalert",2026-07-28T20:26:50,2026-08-31T06:03:44,,New
dd8f03303702,HPRCA 312 Assistant Staff Nurse Online Form 2026,,,HPRCA 312 Assistant Staff Nurse Online Form 2026,,,,,312,,,Job,,,,,,,https://www.freejobalert.com/articles/hprca-assistant-staff-nurse-recruitment-2026-3060019,,,Not Applied,Unverified,aggregator:freejobalert.com,2026-07-30T09:22:13,0.3,Low,Found via aggregator - needs official confirmation,"aggregator,freejobalert",2026-07-28T20:26:50,2026-08-31T06:03:44,,New
5dda866c3906,GSSSB Municipal Engineer Online Form 2026,,,GSSSB Municipal Engineer Online Form 2026,,,,,,,,Job,,,,,,,https://www.freejobalert.com/articles/gsssb-municipal-engineer-recruitment-2026-3059913,,,Not Applied,Unverified,aggregator:freejobalert.com,2026-07-30T03:49:11,0.3,Low,Found via aggregator - needs official confirmation,"aggregator,freejobalert",2026-07-28T20:26:50,2026-08-31T06:03:44,,New
db56ae8c586e,SPMCIL Advertisement No.02/2026: Apply Online for 24 Assistant Manager Posts | Last Date 24-08-2026,,,SPMCIL Advertisement No.02/2026: Apply Online for 24 Assista,,,,,,All India,All India,Job,,2026-08-24,,,,,https://www.indgovtjobs.in/2026/07/SPMCIL-Advertisement-No.02-2026.html,,,Not Applied,Application Closed,aggregator:indgovtjobs.in,2026-08-30T05:48:12,0.7,Low,Found via aggregator - needs official confirmation,"aggregator,indgovtjobs.in,diploma jobs,engineer jobs,finance jobs,it jobs",2026-07-28T20:27:00,2026-08-31T06:03:44,-7,Expired
32630554c03d,UPSSSC Scientific Assistant & Lab Assistant Recruitment 2026: Apply Online for 208 Posts | Last Date 17-08-2026,,,UPSSSC Scientific Assistant & Lab Assistant,,,,,208,Uttar Pradesh,Uttar Pradesh,Job,,2026-08-17,,,,,https://www.indgovtjobs.in/2026/07/upsssc-scientific-assistant.html,,,Not Applied,Application Closed,aggregator:indgovtjobs.in,2026-08-24T07:48:33,0.7,Low,Found via aggregator - needs official confirmation,"aggregator,indgovtjobs.in,assistants,uttar pradesh jobs",2026-07-28T20:27:00,2026-08-31T06:03:44,-14,Expired
a7d95fafce37,"31 JUL TSLPRB 7437 Constable, Warder, SI Online Form 2026 Closing Soon",,,"31 JUL TSLPRB 7437 Constable, Warder, SI Online Form 2026 Cl",,,,,31,Karnataka,Karnataka,Job,,,,,,,https://www.freejobalert.com/articles/telangana-police-tslprb-recruitment-2026-apply-online-for-7437-police-constable-warder-si-and-more-posts-3056807,,,Not Applied,Unverified,aggregator:freejobalert.com,2026-07-30T03:49:11,0.3,Low,Found via aggregator - needs official confirmation,"aggregator,freejobalert,karnataka",2026-07-29T03:56:58,2026-08-31T06:03:44,,New
6845afdfc210,IBPS: Edit Window for Candidates to Modify/ Correct Application Form for CRP PO/MTs-XVI,,Institute of Banking Personnel Selection,IBPS,,,,,,All India,All India,Exam,,,,,https://www.ibps.in/index.php/recruitment/,,https://ibpsreg.ibps.in/crppoxvijun26,,,Not Applied,Verified with Official Website,official:ibps.in,2026-07-30T18:04:33,0.85,Low,,"ibps,banking,central",2026-07-29T09:27:42,2026-08-31T06:03:44,,New
f3a831335bdb,IBPS: Edit Window for Candidates to Modify/ Correct Application Form for CRP SPL-XVI,,Institute of Banking Personnel Selection,IBPS,,,,,,All India,All India,Exam,,,,,https://www.ibps.in/index.php/recruitment/,,https://ibpsreg.ibps.in/crpspxvimy26/,,,Not Applied,Verified with Official Website,official:ibps.in,2026-07-30T18:04:33,0.85,Low,,"ibps,banking,central",2026-07-29T09:27:42,2026-08-31T06:03:44,,New
b461b75e3ab2,ISRO URSC 410 Apprentice Online Form 2026,,,ISRO URSC 410 Apprentice Online Form 2026,,,,,410,Karnataka,Karnataka,Apprenticeship,,,,,,,https://www.freejobalert.com/articles/isro-ursc-apprentice-recruitment-2026-apply-online-for-410-posts-3060668,,,Not Applied,Unverified,aggregator:freejobalert.com,2026-08-28T11:47:13,0.3,Low,Found via aggregator - needs official confirmation,"aggregator,freejobalert,karnataka",2026-07-29T09:29:46,2026-08-31T06:03:44,,New
249724f8d03c,BEL Vacancy 2026 - 01 Probationary Legal Officer Posts,,,BEL,,,,,01,Karnataka,Karnataka,Job,,,,,,,https://www.freejobalert.com/articles/bel-probationary-legal-officer-recruitment-2026-apply-offline-3060719,,,Not Applied,Unverified,aggregator:freejobalert.com,2026-08-05T09:26:38,0.3,Low,Found via aggregator - needs official confirmation,"aggregator,freejobalert,karnataka",2026-07-29T09:29:46,2026-08-31T06:03:44,,New
c77e3462a130,JNCASR Vacancy 2026 - 1 Research Associate Posts,,,JNCASR,,,,,,Karnataka,Karnataka,Job,,,,,,,https://www.freejobalert.com/articles/jncasr-research-associate-recruitment-2026-apply-online-3060713,,,Not Applied,Unverified,aggregator:freejobalert.com,2026-08-05T09:26:38,0.3,Low,Found via aggregator - needs official confirmation,"aggregator,freejobalert,karnataka",2026-07-29T09:29:46,2026-08-31T06:03:44,,New
c7271faf5747,ISRO URSC Vacancy 2026 - 410 Apprentice Posts,,,ISRO URSC,,,,,410,Karnataka,Karnataka,Apprenticeship,,,,,,,https://www.freejobalert.com/articles/isro-ursc-apprentice-recruitment-2026-apply-online-for-410-posts-3060668,,,Not Applied,Unverified,aggregator:freejobalert.com,2026-08-05T09:26:38,0.3,Low,Found via aggregator - needs official confirmation,"aggregator,freejobalert,karnataka",2026-07-29T09:29:46,2026-08-31T06:03:44,,New
69abc14fe2a6,NLC India 1235 Apprentice Online Form 2026,,,NLC India 1235 Apprentice Online Form 2026,,,,,1235,Karnataka,Karnataka,Apprenticeship,,,,,,,https://www.freejobalert.com/articles/nlc-india-apprentice-recruitment-2026-apply-online-for-1235-posts-3060734,,,Not Applied,Unverified,aggregator:freejobalert.com,2026-08-04T09:28:37,0.3,Low,Found via aggregator - needs official confirmation,"aggregator,freejobalert",2026-07-29T09:29:46,2026-08-31T06:03:44,,New
b084c0f36c83,TNSTC 1518 Apprentice Online Form 2026,,,TNSTC 1518 Apprentice Online Form 2026,,,,,1518,Karnataka,Karnataka,Apprenticeship,,,,,,,https://www.freejobalert.com/articles/tnstc-apprentice-recruitment-2026-apply-online-for-1518-graduate-and-diploma-apprentice-posts-3060678,,,Not Applied,Unverified,aggregator:freejobalert.com,2026-08-13T03:15:18,0.3,Low,Found via aggregator - needs official confirmation,"aggregator,freejobalert",2026-07-29T09:29:46,2026-08-31T06:03:44,,New
fab82bc81a9e,BPCL 154 Technician & Operator Online Form 2026,,,BPCL 154 Technician & Operator Online Form 2026,,,,,154,Karnataka,Karnataka,Job,,,,,,,https://www.freejobalert.com/articles/bpcl-non-management-recruitment-2026-apply-online-for-154-technician-and-operator-posts-3060670,,,Not Applied,Unverified,aggregator:freejobalert.com,2026-08-19T17:04:00,0.3,Low,Found via aggregator - needs official confirmation,"aggregator,freejobalert",2026-07-29T09:29:46,2026-08-31T06:03:44,,New
5f2017c0421f,HPCL Biofuels Limited Recruitment 2026: Apply for 58 Management & Non-Management Posts | Last Date 27-08-2026,,,HPCL Biofuels Limited,,,,,,All India,All India,Job,,2026-08-27,,,,,https://www.indgovtjobs.in/2026/07/hpcl-biofuels-limited-recruitment.html,,,Not Applied,Application Closed,aggregator:indgovtjobs.in,2026-08-06T03:57:34,0.3,Low,Found via aggregator - needs official confirmation,"aggregator,indgovtjobs.in,diploma jobs,engineer jobs,hpcl,iti jobs",2026-07-29T09:29:48,2026-08-31T06:03:44,-4,Expired
0c588a7d2d96,"SKAU Kurukshetra Recruitment 2026 – Apply Online for 60 Nurse, Pharmacist & Clerk Posts | Last Date 21-08-2026",,,SKAU Kurukshetra,,,,,,Haryana,Haryana,Job,,2026-08-21,,,,,https://www.indgovtjobs.in/2026/07/skau-kurukshetra-recruitment.html,,,Not Applied,Application Closed,aggregator:indgovtjobs.in,2026-08-28T11:47:13,0.7,Low,Found via aggregator - needs official confirmation,"aggregator,indgovtjobs.in,clerk jobs,haryana jobs,institute and university jobs,nurse jobs",2026-07-29T09:29:48,2026-08-31T06:03:44,-10,Expired
288e12335bb9,BPSSC Company Commander Recruitment 2026 - Apply Online for 65 Posts | Last Date 30-07-2026,,,BPSSC Company Commander,,,,,65,Bihar,Bihar,Job,,2026-07-30,,,,,https://www.indgovtjobs.in/2026/07/bpssc-company-commander-recruitment.html,,,Not Applied,Application Closed,aggregator:indgovtjobs.in,2026-08-06T03:57:34,0.3,Low,Found via aggregator - needs official confirmation,"aggregator,indgovtjobs.in,bihar jobs",2026-07-29T14:50:01,2026-08-31T06:03:44,-32,Expired
0cbb93d30591,IOCL Panipat Refinery Apprentice Recruitment 2026: Apply Online for 1450 Posts,,,IOCL Panipat Refinery Apprentice,,,,,1450,Haryana,Haryana,Apprenticeship,,,,,,,https://www.indgovtjobs.in/2026/07/iocl-panipat-refinery-apprentice.html,,,Not Applied,Unverified,aggregator:indgovtjobs.in,2026-08-06T09:29:52,0.3,Low,Found via aggregator - needs official confirmation,"aggregator,indgovtjobs.in,apprenticeship training,diploma jobs,haryana jobs,iocl",2026-07-29T17:55:22,2026-08-31T06:03:44,,New
9d03d8a3fbef,OSSSC 5989 Nursing Officer Online Form 2026,,,OSSSC 5989 Nursing Officer Online Form 2026,,,,,5989,Karnataka,Karnataka,Job,,,,,,,https://www.freejobalert.com/articles/osssc-nursing-officer-recruitment-2026-apply-online-for-5989-posts-3053639,,,Not Applied,Unverified,aggregator:freejobalert.com,2026-08-16T16:58:43,0.3,Low,Found via aggregator - needs official confirmation,"aggregator,freejobalert",2026-07-30T03:48:40,2026-08-31T06:03:44,,New
11931c792718,JNCASR Vacancy 2026 - 1 Project Research Scientist I Posts,,,JNCASR,,,,,,Karnataka,Karnataka,Job,,,,,,,https://www.freejobalert.com/articles/jncasr-project-research-scientist-i-recruitment-2026-apply-online-3060851,,,Not Applied,Unverified,aggregator:freejobalert.com,2026-08-05T09:26:38,0.3,Low,Found via aggregator - needs official confirmation,"aggregator,freejobalert,karnataka",2026-07-30T09:21:41,2026-08-31T06:03:44,,New
6f69701a7a10,TSLPRB 7112 Police Constable Online Form 2026,,,TSLPRB 7112 Police Constable Online Form 2026,,,,,7112,Karnataka,Karnataka,Job,,,,,,,https://www.freejobalert.com/articles/tslprb-police-constable-recruitment-2026-apply-online-for-7112-posts-3060836,,,Not Applied,Unverified,aggregator:freejobalert.com,2026-08-14T08:05:07,0.3,Low,Found via aggregator - needs official confirmation,"aggregator,freejobalert",2026-07-30T09:21:41,2026-08-31T06:03:44,,New
29debda8063a,30 JUL Andaman and Nicobar Administration 714 CHSL Online Form 2026 Closing Soon,,,30 JUL Andaman and Nicobar Administration 714 CHSL Online Fo,,,,,30,Karnataka,Karnataka,Exam,,,,,,,https://www.freejobalert.com/articles/andaman-and-nicobar-administration-chsl-recruitment-2026-apply-online-for-716-depot-clerk-storekeeper-and-more-posts-3052911,,,Not Applied,Unverified,aggregator:freejobalert.com,2026-07-30T18:04:34,0.3,Low,Found via aggregator - needs official confirmation,"aggregator,freejobalert,karnataka",2026-07-30T09:21:41,2026-08-31T06:03:44,,New
14521e2e4a43,Rajanna Sircilla Anganwadi Teacher Online Form 2026,,,Rajanna Sircilla Anganwadi Teacher Online Form 2026,,,,,,Karnataka,Karnataka,Job,,,,,,,https://www.freejobalert.com/articles/telangana-anganwadi-recruitment-2026-apply-online-for-55-anganwadi-teacher-posts-in-rajanna-sircilla-district-3060894,,,Not Applied,Unverified,aggregator:freejobalert.com,2026-08-03T10:31:52,0.3,Low,Found via aggregator - needs official confirmation,"aggregator,freejobalert,karnataka",2026-07-30T09:21:41,2026-08-31T06:03:44,,New
386d73f5290a,"HAL DT MT Recruitment 2026: Apply Online for 120 Posts, Notification | Last Date 14-08-2026",,,HAL DT MT,,,,,120,All India,All India,Job,,2026-08-14,,,,,https://www.indgovtjobs.in/2026/07/HAL-DT-MT-Recruitment.html,,,Not Applied,Application Closed,aggregator:indgovtjobs.in,2026-08-20T07:30:30,0.7,Low,Found via aggregator - needs official confirmation,"aggregator,indgovtjobs.in,engineer jobs,hal jobs,management trainees",2026-07-30T09:21:42,2026-08-31T06:03:44,-17,Expired
b65771ae0738,RailTel Apprentice Online Form 2026,,,RailTel Apprentice Online Form 2026,,,,,,Karnataka,Karnataka,Apprenticeship,,,,,,,https://www.freejobalert.com/articles/railtel-apprentice-recruitment-2026-apply-online-for-40-posts-3060952,,,Not Applied,Unverified,aggregator:freejobalert.com,2026-08-11T02:43:53,0.3,Low,Found via aggregator - needs official confirmation,"aggregator,freejobalert",2026-07-30T14:49:28,2026-08-31T06:03:44,,New
c50421331665,Hartron 530 Junior Programmer Online Form 2026,,,Hartron 530 Junior Programmer Online Form 2026,,,,,530,Karnataka,Karnataka,Job,,,,,,,https://www.freejobalert.com/articles/hartron-junior-programmer-recruitment-2026-apply-online-for-530-posts-3060959,,,Not Applied,Unverified,aggregator:freejobalert.com,2026-08-09T17:12:58,0.3,Low,Found via aggregator - needs official confirmation,"aggregator,freejobalert",2026-07-30T14:49:28,2026-08-31T06:03:44,,New
6509a10688f3,Telangana Anganwadi Teacher Online Form 2026,,,Telangana Anganwadi Teacher Online Form 2026,,,,,,Karnataka,Karnataka,Job,,,,,,,https://www.freejobalert.com/articles/telangana-anganwadi-teacher-recruitment-2026-apply-online-for-181-posts-in-hyderabad-district-3060922,,,Not Applied,Unverified,aggregator:freejobalert.com,2026-08-05T03:51:37,0.3,Low,Found via aggregator - needs official confirmation,"aggregator,freejobalert",2026-07-30T14:49:28,2026-08-31T06:03:44,,New
42088c5887b5,03 AUG UPSSSC 1829 Auditor and Assistant Accountant Online form 2026 Apply Now,,,03 AUG UPSSSC 1829 Auditor and Assistant Accountant Online f,,,,,03,Karnataka,Karnataka,Job,,,,,,,https://www.freejobalert.com/articles/upsssc-recruitment-2026-apply-online-for-1829-auditor-and-assistant-accountant-posts-3052601,,,Not Applied,Unverified,aggregator:freejobalert.com,2026-07-31T18:13:09,0.3,Low,Found via aggregator - needs official confirmation,"aggregator,freejobalert,karnataka",2026-07-31T04:07:53,2026-08-31T06:03:44,,New
05b9f837e042,IVRI Young Professionals Recruitment 2026 – Walk in Interview for 05 Posts,,,IVRI Young Professionals,,,,,05,Uttar Pradesh,Uttar Pradesh,Job,,,,,,,https://www.indgovtjobs.in/2026/07/ivri-young-professionals-recruitment.html,,,Not Applied,Unverified,aggregator:indgovtjobs.in,2026-08-06T15:01:44,0.3,Low,Found via aggregator - needs official confirmation,"aggregator,indgovtjobs.in,computer jobs,icar,it jobs,uttar pradesh jobs",2026-07-31T04:07:54,2026-08-31T06:03:44,,New
fd857edb7791,"DHFWS Vijayapura Vacancy 2026 - 26 Staff Nurse, Lab Technician and More Posts Posts",,,DHFWS Vijayapura,,,,,26,Karnataka,Karnataka,Job,,,,,,,https://www.freejobalert.com/articles/dhfws-vijayapura-recruitment-2026-apply-offline-for-26-staff-nurse-lab-technician-and-more-posts-3061051,,,Not Applied,Unverified,aggregator:freejobalert.com,2026-08-05T09:26:38,0.3,Low,Found via aggregator - needs official confirmation,"aggregator,freejobalert,karnataka",2026-07-31T09:32:01,2026-08-31T06:03:44,,New
ffa8725482b8,DRDO DYSL AI Vacancy 2026 - 4 Junior Research Fellow Posts,,,DRDO DYSL AI,,,,,,Karnataka,Karnataka,Job,,,,,,,https://www.freejobalert.com/articles/drdo-dysl-ai-junior-research-fellow-recruitment-2026-apply-offline-3061024,,,Not Applied,Unverified,aggregator:freejobalert.com,2026-08-05T09:26:38,0.3,Low,Found via aggregator - needs official confirmation,"aggregator,freejobalert,karnataka",2026-07-31T09:32:01,2026-08-31T06:03:44,,New
71a89f2341cb,SJICSR Vacancy 2026 - 34 Assistant Professor Posts,,,SJICSR,,,,,34,Karnataka,Karnataka,Job,,,,,,,https://www.freejobalert.com/articles/sjicsr-assistant-professor-recruitment-2026-apply-offline-for-34-posts-3060994,,,Not Applied,Unverified,aggregator:freejobalert.com,2026-08-05T09:26:38,0.3,Low,Found via aggregator - needs official confirmation,"aggregator,freejobalert,karnataka",2026-07-31T09:32:01,2026-08-31T06:03:44,,New
22656008c5f9,IAF Agniveervayu Non-Combatant Online Form 2026,,,IAF Agniveervayu Non-Combatant Online Form 2026,,,,,,Karnataka,Karnataka,Job,,,,,,,https://www.freejobalert.com/articles/iaf-agniveervayu-non-combatant-recruitment-2026-3061009,,,Not Applied,Unverified,aggregator:freejobalert.com,2026-08-11T02:43:53,0.3,Low,Found via aggregator - needs official confirmation,"aggregator,freejobalert",2026-07-31T09:32:01,2026-08-31T06:03:44,,New
4b725aec732b,"Thane Municipal Corporation 61 Staff Nurse, MPW Posts Online Form 2026",,,"Thane Municipal Corporation 61 Staff Nurse, MPW Posts Online",,,,,61,Karnataka,Karnataka,Job,,,,,,,https://www.freejobalert.com/articles/thane-municipal-corporation-recruitment-2026-apply-online-for-61-staff-nurse-mpw-posts-3060997,,,Not Applied,Unverified,aggregator:freejobalert.com,2026-08-06T03:57:34,0.3,Low,Found via aggregator - needs official confirmation,"aggregator,freejobalert",2026-07-31T09:32:01,2026-08-31T06:03:44,,New
06637e4886ea,IAF Agniveervayu NonCombatant Online Form 2026,,,IAF Agniveervayu NonCombatant Online Form 2026,,,,,,,,Job,,,,,,,https://www.freejobalert.com/articles/iaf-agniveervayu-non-combatant-recruitment-2026-3061009,,,Not Applied,Unverified,aggregator:freejobalert.com,2026-08-05T09:26:38,0.3,Low,Found via aggregator - needs official confirmation,"aggregator,freejobalert",2026-07-31T09:32:01,2026-08-31T06:03:44,,New
d374b977a0e9,ISRO URSC Apprentice Recruitment 2026: Apply Online for 410 Posts | Last Date 28-08-2026,,,ISRO URSC Apprentice,,,,,410,All India,All India,Apprenticeship,,2026-08-28,,,,,https://www.indgovtjobs.in/2026/07/isro-ursc-apprentice-recruitment-2026.html,,,Not Applied,Application Closed,aggregator:indgovtjobs.in,2026-08-31T06:03:44,0.7,Low,Found via aggregator - needs official confirmation,"aggregator,indgovtjobs.in,apprenticeship training,diploma jobs,engineer jobs,isro jobs",2026-07-31T09:32:02,2026-08-31T06:03:44,-3,Expired
ed0c335c6376,HARTRON Junior Programmer Recruitment 2026: Apply Online for 530 Posts | Last Date 09-08-2026,,,HARTRON Junior Programmer,,,,,530,Haryana,Haryana,Job,,2026-08-09,,,,,https://www.indgovtjobs.in/2026/07/hartron-junior-programmer-recruitment.html,,,Not Applied,Application Closed,aggregator:indgovtjobs.in,2026-08-15T13:15:54,0.3,Low,Found via aggregator - needs official confirmation,"aggregator,indgovtjobs.in,haryana jobs,it jobs",2026-07-31T09:32:02,2026-08-31T06:03:44,-22,Expired
f0dd0ef2fa1e,"RVUNL Junior Engineer, Assistant & Accountant Recruitment 2026: Apply Online for 2005 Posts | Last Date 25-08-2026",,,"RVUNL Junior Engineer, Assistant & Accountant",,,,,2005,Rajasthan,Rajasthan,Job,,2026-08-25,,,,,https://www.indgovtjobs.in/2026/07/rvunl-junior-engineer-assistant.html,,,Not Applied,Application Closed,aggregator:indgovtjobs.in,2026-08-31T06:03:44,0.7,Low,Found via aggregator - needs official confirmation,"aggregator,indgovtjobs.in,accountant,assistants,engineer jobs,rajasthan jobs",2026-07-31T09:32:02,2026-08-31T06:03:44,-6,Expired
f61d93dce84b,SJVN LIMITED Recruitment 2026: Apply Online for 21 Experienced Engineer Professional Posts,,,SJVN LIMITED,,,,,,All India,All India,Job,,,,,,,https://www.indgovtjobs.in/2026/07/sjvn-limited-recruitment.html,,,Not Applied,Unverified,aggregator:indgovtjobs.in,2026-07-31T15:07:13,0.3,Low,Found via aggregator - needs official confirmation,"aggregator,indgovtjobs.in,engineer jobs,manager jobs,sjvn",2026-07-31T09:32:02,2026-08-31T06:03:44,,New
6bb79569283c,"Apprentice Government Jobs 2026 (11803+ Vacancies for Fresher ITI, Diploma, Graduates)",,,Apprentice Government Jobs 2026 (11803+ Vacancies for Freshe,,,,,11803,All India,All India,Apprenticeship,,,,,,,https://www.indgovtjobs.in/2017/04/Apprentice-Jobs.html,,,Not Applied,Unverified,aggregator:indgovtjobs.in,2026-08-03T15:33:00,0.3,Low,Found via aggregator - needs official confirmation,"aggregator,indgovtjobs.in,apprenticeship training,top pages",2026-07-31T15:06:45,2026-08-31T06:03:44,,New
c1c240e55ec0,IBPS: Notification for CRP-CSA-XVI,,Institute of Banking Personnel Selection,IBPS,,,,,,All India,All India,Exam,,,,,https://www.ibps.in/index.php/recruitment/,,https://www.ibps.in/index.php/clerical-cadre-xvi/,,,Not Applied,Verified with Official Website,official:ibps.in,2026-07-31T18:13:09,0.85,Low,,"ibps,banking,central",2026-07-31T18:09:14,2026-08-31T06:03:44,,New
4b34229704b4,SJVN Limited Recruitment 2026: Apply Online for 21 Experienced Engineer Professional Posts | Last Date 26-08-2026,,,SJVN Limited,,,,,,All India,All India,Job,,2026-08-26,,,,,https://www.indgovtjobs.in/2026/07/sjvn-limited-recruitment.html,,,Not Applied,Application Closed,aggregator:indgovtjobs.in,2026-08-07T03:37:17,0.3,Low,Found via aggregator - needs official confirmation,"aggregator,indgovtjobs.in,engineer jobs,manager jobs,sjvn",2026-07-31T18:11:12,2026-08-31T06:03:44,-5,Expired
ce55e6e296bf,IBPS: Notification for Common Recruitment Process for CRP-CSA-XVI,,Institute of Banking Personnel Selection,IBPS,,,,,,All India,All India,Exam,,,,,https://www.ibps.in/index.php/recruitment/,https://www.ibps.in/wp-content/uploads/Notification_CRP_CSA_XVI-Final.pdf,https://www.ibps.in/wp-content/uploads/Notification_CRP_CSA_XVI-Final.pdf,,,Not Applied,Verified with Official PDF,official:ibps.in,2026-08-20T07:30:30,0.95,Low,,"ibps,banking,central",2026-08-01T04:06:24,2026-08-31T06:03:44,,New
87f89f80acc6,IBPS: Apply Online for Common Recruitment Process under CRP-CSA-XVI,,Institute of Banking Personnel Selection,IBPS,,,,,,All India,All India,Exam,,,,,https://www.ibps.in/index.php/recruitment/,,https://www.ibps.in/index.php/clerical-cadre-xvi/,,,Not Applied,Verified with Official Website,official:ibps.in,2026-08-28T11:47:13,0.85,Low,,"ibps,banking,central",2026-08-01T04:06:24,2026-08-31T06:03:44,,New
bb7d465b6277,IBPS: Window Notification for CRP-CSA-XVI,,Institute of Banking Personnel Selection,IBPS,,,,,,All India,All India,Exam,,,,,https://www.ibps.in/index.php/recruitment/,https://www.ibps.in/wp-content/uploads/Window-Advt_CRP_CSA_XVI_for_Website.pdf,https://www.ibps.in/wp-content/uploads/Window-Advt_CRP_CSA_XVI_for_Website.pdf,,,Not Applied,Verified with Official PDF,official:ibps.in,2026-08-17T07:40:01,0.95,Low,,"ibps,banking,central",2026-08-01T04:06:24,2026-08-31T06:03:44,,New
7d79718cb104,03 AUG UPSSSC 1829 Auditor and Assistant Accountant Online form 2026 Closing Soon,,,03 AUG UPSSSC 1829 Auditor and Assistant Accountant Online f,,,,,03,Karnataka,Karnataka,Job,,,,,,,https://www.freejobalert.com/articles/upsssc-recruitment-2026-apply-online-for-1829-auditor-and-assistant-accountant-posts-3052601,,,Not Applied,Unverified,aggregator:freejobalert.com,2026-08-03T18:24:30,0.3,Low,Found via aggregator - needs official confirmation,"aggregator,freejobalert,karnataka",2026-08-01T04:08:09,2026-08-31T06:03:44,,New
a720afed2b12,IBPS Clerk Notification 2026: Apply Online for 11403+ CSA Posts | Last Date 21-08-2026,,,IBPS Clerk Notification 2026: Apply Online for 11403+ CSA Po,,,,,,All India,All India,Job,,2026-08-21,,,,,https://www.indgovtjobs.in/2026/07/IBPS-Clerk-Notification.html,,,Not Applied,Application Closed,aggregator:indgovtjobs.in,2026-08-12T14:05:28,0.3,Low,Found via aggregator - needs official confirmation,"aggregator,indgovtjobs.in,bank jobs,clerk jobs,ibps,new",2026-08-01T04:08:11,2026-08-31T06:03:44,-10,Expired
f6d85205f39a,ISRO NRSC Research Personnel Online Form 2026,,,ISRO NRSC Research Personnel Online Form 2026,,,,,,Karnataka,Karnataka,Job,,,,,,,https://www.freejobalert.com/articles/isro-nrsc-recruitment-2026-apply-online-for-48-research-scientist-project-associate-and-more-posts-3061137,,,Not Applied,Unverified,aggregator:freejobalert.com,2026-08-19T02:08:54,0.3,Low,Found via aggregator - needs official confirmation,"aggregator,freejobalert",2026-08-01T08:47:35,2026-08-31T06:03:44,,New
e026989bf8f8,KPSC KAS 319 Gazetted Probationers Online Form 2026,,,KPSC KAS 319 Gazetted Probationers Online Form 2026,,,,,319,Karnataka,Karnataka,Job,,,,,,,https://www.freejobalert.com/articles/kpsc-kas-gazetted-probationers-recruitment-2026-3061131,,,Not Applied,Unverified,aggregator:freejobalert.com,2026-08-31T06:03:42,0.3,Low,Found via aggregator - needs official confirmation,"aggregator,freejobalert,karnataka",2026-08-01T08:47:35,2026-08-31T06:03:44,,New
defeb55df0e4,IBPS 11403 Clerk Online Form 2026,,,IBPS 11403 Clerk Online Form 2026,,,,,11403,Karnataka,Karnataka,Job,,,,,,,https://www.freejobalert.com/articles/ibps-clerk-recruitment-2026-apply-online-for-crp-csa-xvi-posts-3060464,,,Not Applied,Unverified,aggregator:freejobalert.com,2026-08-28T11:47:13,0.3,Low,Found via aggregator - needs official confirmation,"aggregator,freejobalert,karnataka",2026-08-01T08:47:35,2026-08-31T06:03:44,,New
a0ea5f1dfd3c,"ISRO NRSC Vacancy 2026 - 48 Research Scientist, Project Associate and More Posts",,,ISRO NRSC,,,,,48,Karnataka,Karnataka,Job,,,,,,,https://www.freejobalert.com/articles/isro-nrsc-recruitment-2026-apply-online-for-48-research-scientist-project-associate-and-more-posts-3061137,,,Not Applied,Unverified,aggregator:freejobalert.com,2026-08-05T09:26:38,0.3,Low,Found via aggregator - needs official confirmation,"aggregator,freejobalert,karnataka",2026-08-01T08:47:35,2026-08-31T06:03:44,,New
adddf6762e6b,KPSC Vacancy 2026 - 319 Gazetted Probationers Posts,,,KPSC,,,,,319,Karnataka,Karnataka,Job,,,,,,,https://www.freejobalert.com/articles/kpsc-kas-gazetted-probationers-recruitment-2026-3061131,,,Not Applied,Unverified,aggregator:freejobalert.com,2026-08-05T09:26:38,0.3,Low,Found via aggregator - needs official confirmation,"aggregator,freejobalert,karnataka",2026-08-01T08:47:35,2026-08-31T06:03:44,,New
79dd4b065baa,IBPS Vacancy 2026 - 11403 Customer Service Associate / Clerk Posts,,,IBPS,,,,,11403,Karnataka,Karnataka,Job,,,,,,,https://www.freejobalert.com/articles/ibps-clerk-recruitment-2026-apply-online-for-crp-csa-xvi-posts-3060464,,,Not Applied,Unverified,aggregator:freejobalert.com,2026-08-05T09:26:38,0.3,Low,Found via aggregator - needs official confirmation,"aggregator,freejobalert,karnataka",2026-08-01T08:47:35,2026-08-31T06:03:44,,New
d03acecac76b,"Konkan Railway 201 JE, Technician and More Post Online Form 2026",,,"Konkan Railway 201 JE, Technician and More Post Online Form ",,,,,201,Karnataka,Karnataka,Job,,,,,,,https://www.freejobalert.com/articles/konkan-railway-recruitment-2026-apply-online-for-201-junior-engineer-technician-and-more-posts-3061184,,,Not Applied,Unverified,aggregator:freejobalert.com,2026-08-19T02:08:54,0.3,Low,Found via aggregator - needs official confirmation,"aggregator,freejobalert",2026-08-01T14:13:42,2026-08-31T06:03:44,,New
59da9e54e3a7,"KRCL Vacancy 2026 - 201 Junior Engineer, Technician and More Posts",,,KRCL,,,,,201,Karnataka,Karnataka,Job,,,,,,,https://www.freejobalert.com/articles/konkan-railway-recruitment-2026-apply-online-for-201-junior-engineer-technician-and-more-posts-3061184,,,Not Applied,Unverified,aggregator:freejobalert.com,2026-08-05T09:26:38,0.3,Low,Found via aggregator - needs official confirmation,"aggregator,freejobalert,karnataka",2026-08-01T14:13:42,2026-08-31T06:03:44,,New
114535706c62,UPSSSC PET Online Form 2026,,,UPSSSC PET Online Form 2026,,,,,,Karnataka,Karnataka,Job,,,,,,,https://www.freejobalert.com/articles/upsssc-pet-2026-notification-apply-online-syllabus-3061194,,,Not Applied,Unverified,aggregator:freejobalert.com,2026-08-06T03:57:34,0.3,Low,Found via aggregator - needs official confirmation,"aggregator,freejobalert",2026-08-01T14:13:42,2026-08-31T06:03:44,,New
d7f0703b1d9e,JKSSB Divisional Cadre Online Form 2026,,,JKSSB Divisional Cadre Online Form 2026,,,,,,Karnataka,Karnataka,Job,,,,,,,https://www.freejobalert.com/articles/jkssb-divisional-cadre-recruitment-2026-3061170,,,Not Applied,Unverified,aggregator:freejobalert.com,2026-08-04T03:57:51,0.3,Low,Found via aggregator - needs official confirmation,"aggregator,freejobalert,karnataka",2026-08-01T14:13:42,2026-08-31T06:03:44,,New
1392e0b02e9f,05 AUG OSSSC 5989 Nursing Officer Online Form 2026 Apply Now,,,05 AUG OSSSC 5989 Nursing Officer Online Form 2026 Apply Now,,,,,05,Karnataka,Karnataka,Job,,,,,,,https://www.freejobalert.com/articles/osssc-nursing-officer-recruitment-2026-apply-online-for-5989-posts-3053639,,,Not Applied,Unverified,aggregator:freejobalert.com,2026-08-02T17:39:59,0.3,Low,Found via aggregator - needs official confirmation,"aggregator,freejobalert,karnataka",2026-08-02T04:11:12,2026-08-31T06:03:44,,New
cda9994d95b3,IHMCL Systems Engineer Recruitment 2026: Apply Online for 30 Posts | Last Date 02-08-2026,,,IHMCL Systems Engineer,,,,,30,All India,All India,Job,,2026-08-02,,,,,https://www.indgovtjobs.in/2026/07/IHMCL-Systems-Engineer-Recruitment.html,,,Not Applied,Application Closed,aggregator:indgovtjobs.in,2026-08-07T03:37:17,0.3,Low,Found via aggregator - needs official confirmation,"aggregator,indgovtjobs.in,engineer jobs,gate 2026 vacancies",2026-08-02T09:02:23,2026-08-31T06:03:44,-29,Expired
7e102d4e8d54,CSIR CMERI Technician Recruitment 2026: Apply Online for 27 Posts | Last Date 14-08-2026,,,CSIR CMERI Technician,,,,,27,All India,All India,Job,,2026-08-14,,,,,https://www.indgovtjobs.in/2026/07/csir-cmeri-technician-recruitment.html,,,Not Applied,Application Closed,aggregator:indgovtjobs.in,2026-08-07T07:59:49,0.3,Low,Found via aggregator - needs official confirmation,"aggregator,indgovtjobs.in,csir,iti jobs,technician jobs",2026-08-02T14:15:38,2026-08-31T06:03:44,-17,Expired
c8a4908a1089,NEIGRIHMS Faculty Recruitment 2026 – Apply for 52 Posts | Last Date 03-08-2026,,,NEIGRIHMS Faculty,,,,,52,Meghalaya,Meghalaya,Job,,2026-08-03,,,,,https://www.indgovtjobs.in/2026/06/neigrihms-faculty-recruitment.html,,,Not Applied,Application Closed,aggregator:indgovtjobs.in,2026-08-07T03:37:17,0.3,Low,Found via aggregator - needs official confirmation,"aggregator,indgovtjobs.in,faculty jobs,institute and university jobs,medical jobs,meghalaya jobs",2026-08-02T14:15:38,2026-08-31T06:03:44,-28,Expired
b433caf63739,"NMRC Young Professional Recruitment 2026: Notification, Application Form",,,NMRC Young Professional,,,,,,All India,All India,Job,,,,,,,https://www.indgovtjobs.in/2026/08/nmrc-young-professional-recruitment.html,,,Not Applied,Unverified,aggregator:indgovtjobs.in,2026-08-07T07:59:49,0.3,Low,Found via aggregator - needs official confirmation,"aggregator,indgovtjobs.in,metro rail jobs,noida jobs,young professionals",2026-08-02T17:39:30,2026-08-31T06:03:44,,New
e44e7ba87a25,05 AUG OSSSC 5989 Nursing Officer Online Form 2026 Closing Soon,,,05 AUG OSSSC 5989 Nursing Officer Online Form 2026 Closing S,,,,,05,Karnataka,Karnataka,Job,,,,,,,https://www.freejobalert.com/articles/osssc-nursing-officer-recruitment-2026-apply-online-for-5989-posts-3053639,,,Not Applied,Unverified,aggregator:freejobalert.com,2026-08-05T18:12:53,0.3,Low,Found via aggregator - needs official confirmation,"aggregator,freejobalert,karnataka",2026-08-03T04:13:37,2026-08-31T06:03:44,,New
4c8e3752b706,06 AUG HPPSC HP Police Constable Online Form 2026 Apply Now,,,06 AUG HPPSC HP Police Constable Online Form 2026 Apply Now,,,,,06,Karnataka,Karnataka,Job,,,,,,,https://www.freejobalert.com/articles/hppsc-police-constable-recruitment-2026-apply-online-for-734-posts-3057549,,,Not Applied,Unverified,aggregator:freejobalert.com,2026-08-03T18:24:30,0.3,Low,Found via aggregator - needs official confirmation,"aggregator,freejobalert,karnataka",2026-08-03T04:13:37,2026-08-31T06:03:44,,New
72e81c652ed0,UCSL Vacancy 2026 - 6 Graduate/ Diploma Apprentice Posts,,,UCSL,,,,,,Karnataka,Karnataka,Apprenticeship,,,,,,,https://www.freejobalert.com/articles/ucsl-recruitment-2026-apply-online-for-graduate-diploma-apprentice-posts-3061257,,,Not Applied,Unverified,aggregator:freejobalert.com,2026-08-05T09:26:38,0.3,Low,Found via aggregator - needs official confirmation,"aggregator,freejobalert,karnataka",2026-08-03T10:31:22,2026-08-31T06:03:44,,New
171d53dcda94,UCSL Vacancy 2026 - 11 Trade Apprentice (ITI) Posts,,,UCSL,,,,,11,Karnataka,Karnataka,Apprenticeship,,,,,,,https://www.freejobalert.com/articles/ucsl-trade-apprentice-recruitment-2026-apply-online-for-11-posts-3061237,,,Not Applied,Unverified,aggregator:freejobalert.com,2026-08-05T09:26:38,0.3,Low,Found via aggregator - needs official confirmation,"aggregator,freejobalert,karnataka",2026-08-03T10:31:22,2026-08-31T06:03:44,,New
559e19c6773b,Karimnagar Anganwadi Teacher Online Form 2026,,,Karimnagar Anganwadi Teacher Online Form 2026,,,,,,Karnataka,Karnataka,Job,,,,,,,https://www.freejobalert.com/articles/telangana-anganwadi-recruitment-2026-apply-online-for-60-anganwadi-teacher-posts-in-karimnagar-district-3061205,,,Not Applied,Unverified,aggregator:freejobalert.com,2026-08-06T09:29:52,0.3,Low,Found via aggregator - needs official confirmation,"aggregator,freejobalert",2026-08-03T10:31:22,2026-08-31T06:03:44,,New
9c6657f19822,JKPSC Various Posts Online Form 2026,,,JKPSC,,,,,,Karnataka,Karnataka,Job,,,,,,,https://www.freejobalert.com/articles/jkpsc-recruitment-2026-apply-online-for-205-assistant-professor-librarian-and-more-posts-3061196,,,Not Applied,Unverified,aggregator:freejobalert.com,2026-08-06T09:29:52,0.3,Low,Found via aggregator - needs official confirmation,"aggregator,freejobalert",2026-08-03T10:31:22,2026-08-31T06:03:44,,New
cc70b352163f,Konkan Railway Recruitment 2026: Apply Online for 201 Various Posts,,,Konkan Railway,,,,,,All India,All India,Job,,,,,,,https://www.indgovtjobs.in/2026/08/Konkan-Railway-Recruitment.html,,,Not Applied,Unverified,aggregator:indgovtjobs.in,2026-08-08T07:37:08,0.3,Low,Found via aggregator - needs official confirmation,"aggregator,indgovtjobs.in,diploma jobs,engineer jobs,iti jobs,konkan railway",2026-08-03T10:31:24,2026-08-31T06:03:44,,New
a9b0a8f5fb20,Sainik School Kodagu Recruitment 2026 – Apply Offline for 05 Teaching & Non-Teaching Posts | Last Date 21-08-2026,,,Sainik School Kodagu,,,,,,Karnataka,Karnataka,Job,,2026-08-21,,,,,https://www.indgovtjobs.in/2026/08/sainik-school-kodagu-recruitment-2026.html,,,Not Applied,Application Closed,aggregator:indgovtjobs.in,2026-08-27T22:36:41,0.7,Low,Found via aggregator - needs official confirmation,"aggregator,indgovtjobs.in,karnataka jobs,sainik school,teacher jobs",2026-08-03T10:31:24,2026-08-31T06:03:44,-10,Expired
1924864d106a,Sainik School Amaravathinagar Recruitment 2026 – Apply for Teaching & Non-Teaching Posts | Last Date 25-08-2026,,,Sainik School Amaravathinagar,,,,,,Tamil Nadu,Tamil Nadu,Job,,2026-08-25,,,,,https://www.indgovtjobs.in/2026/08/sainik-school-amaravathinagar.html,,,Not Applied,Application Closed,aggregator:indgovtjobs.in,2026-08-31T06:03:44,0.7,Low,Found via aggregator - needs official confirmation,"aggregator,indgovtjobs.in,sainik school,tamil nadu jobs,teacher jobs",2026-08-03T10:31:24,2026-08-31T06:03:44,-6,Expired
7e1a3f3d53c3,"IAF LDC Recruitment 2026: Notification, Application Form",,,IAF LDC,,,,,,All India,All India,Job,,,,,,,https://www.indgovtjobs.in/2026/08/iaf-ldc-recruitment.html,,,Not Applied,Unverified,aggregator:indgovtjobs.in,2026-08-08T02:35:47,0.3,Low,Found via aggregator - needs official confirmation,"aggregator,indgovtjobs.in,air force,clerk jobs",2026-08-03T10:31:24,2026-08-31T06:03:44,,New
3cee29700a6f,FCRI Research Engineer Recruitment 2026: Apply Online for 19 Posts | Last Date 24-08-2026,,,FCRI Research Engineer,,,,,19,Kerala,Kerala,Job,,2026-08-24,,,,,https://www.indgovtjobs.in/2026/08/fcri-research-engineer-recruitment.html,,,Not Applied,Application Closed,aggregator:indgovtjobs.in,2026-08-30T05:48:12,0.7,Low,Found via aggregator - needs official confirmation,"aggregator,indgovtjobs.in,engineer jobs,kerala jobs,research jobs",2026-08-03T10:31:24,2026-08-31T06:03:44,-7,Expired
060f2bc1b2ca,DRDO Paid Internship 2026 Notification – Apply for 05 Fresher Engineering Graduates,,,DRDO Paid Internship 2026 Notification – Apply for 05 Freshe,,,,,,All India,All India,Job,,,,,,,https://www.indgovtjobs.in/2026/08/DRDO-Paid-Internship.html,,,Not Applied,Unverified,aggregator:indgovtjobs.in,2026-08-03T10:31:52,0.3,Low,Found via aggregator - needs official confirmation,"aggregator,indgovtjobs.in,defence jobs,engineer jobs,internship",2026-08-03T10:31:24,2026-08-31T06:03:44,,New
e09edd4803ef,IBPS: BPCL Recruitment to Non-Management Posts Registration From 29-Jul-2026,,Institute of Banking Personnel Selection,IBPS,,,,,,All India,All India,Exam,,,,,https://www.ibps.in/index.php/recruitment/,,https://ibpsreg.ibps.in/bpclmar26/,,,Not Applied,Verified with Official Website,official:ibps.in,2026-08-13T17:36:25,0.85,Low,,"ibps,banking,central",2026-08-03T15:30:40,2026-08-31T06:03:44,,New
a90a4eb1718d,IBPS: BPCL Recruitment to Non-Management Posts 29-Jul-2026 13-Aug-2026,,Institute of Banking Personnel Selection,IBPS,,,,,,All India,All India,Exam,,,,,https://www.ibps.in/index.php/recruitment/,,https://ibpsreg.ibps.in/bpclmar26/,,,Not Applied,Verified with Official Website,official:ibps.in,2026-08-13T17:36:25,0.85,Low,,"ibps,banking,central",2026-08-03T15:30:43,2026-08-31T06:03:44,,New
5ec644c4c508,GSSSB 100 Horticulture Assistant Online Form 2026,,,GSSSB 100 Horticulture Assistant Online Form 2026,,,,,100,Karnataka,Karnataka,Job,,,,,,,https://www.freejobalert.com/articles/gsssb-horticulture-assistant-recruitment-2026-apply-online-for-100-posts-3061287,,,Not Applied,Unverified,aggregator:freejobalert.com,2026-08-07T03:37:17,0.3,Low,Found via aggregator - needs official confirmation,"aggregator,freejobalert",2026-08-03T15:32:30,2026-08-31T06:03:44,,New
95f5dea002eb,JKPSC Assistant Professor Online Form 2026,,,JKPSC Assistant Professor Online Form 2026,,,,,,Karnataka,Karnataka,Job,,,,,,,https://www.freejobalert.com/articles/jkpsc-assistant-professor-recruitment-2026-apply-online-for-70-posts-3061264,,,Not Applied,Unverified,aggregator:freejobalert.com,2026-08-06T09:29:52,0.3,Low,Found via aggregator - needs official confirmation,"aggregator,freejobalert",2026-08-03T15:32:30,2026-08-31T06:03:44,,New
08628341aaae,NPCIL Kudankulam Recruitment 2026 – Apply Online for 255 Stipendiary Trainee Posts | Last Date 04-08-2026,,,NPCIL Kudankulam,,,,,,Tamil Nadu,Tamil Nadu,Job,,2026-08-04,,,,,https://www.indgovtjobs.in/2026/07/NPCIL-Kudankulam-Recruitment.html,,,Not Applied,Application Closed,aggregator:indgovtjobs.in,2026-08-09T02:43:02,0.3,Low,Found via aggregator - needs official confirmation,"aggregator,indgovtjobs.in,iti jobs,npcil,tamil nadu jobs,technician jobs",2026-08-03T15:32:31,2026-08-31T06:03:44,-27,Expired
23d727a929ba,"IUAC Advertisement No. 06/2026 Apply Online 08 Scientist, Engineer & Assistant Posts | Last Date 04-08-2026",,,"IUAC Advertisement No. 06/2026 Apply Online 08 Scientist, En",,,,,,Delhi,Delhi,Job,,2026-08-04,,,,,https://www.indgovtjobs.in/2026/07/IUAC-Advertisement-No-06.html,,,Not Applied,Application Closed,aggregator:indgovtjobs.in,2026-08-09T02:43:02,0.3,Low,Found via aggregator - needs official confirmation,"aggregator,indgovtjobs.in,assistants,delhi jobs,engineer jobs,scientist jobs",2026-08-03T15:32:31,2026-08-31T06:03:44,-27,Expired
85c53a55a20f,BPCL Diploma Recruitment 2026: Apply Online for 154 Technician & Operator Posts | Last Date 14-08-2026,,,BPCL Diploma,,,,,,Kerala,Kerala,Job,,2026-08-14,,,,,https://www.indgovtjobs.in/2026/08/bpcl-diploma-recruitment.html,,,Not Applied,Application Closed,aggregator:indgovtjobs.in,2026-08-13T08:08:46,0.3,Low,Found via aggregator - needs official confirmation,"aggregator,indgovtjobs.in,bpcl,diploma jobs,engineer jobs,kerala jobs",2026-08-03T15:32:31,2026-08-31T06:03:44,-17,Expired
0df0c5373f2b,DRDO Paid Internship 2026 Notification – Apply for 05 Fresher Engineering Graduates | Last Date 10-08-2026,,,DRDO Paid Internship 2026 Notification – Apply for 05 Freshe,,,,,,All India,All India,Job,,2026-08-10,,,,,https://www.indgovtjobs.in/2026/08/DRDO-Paid-Internship.html,,,Not Applied,Application Closed,aggregator:indgovtjobs.in,2026-08-17T07:40:01,0.3,Low,Found via aggregator - needs official confirmation,"aggregator,indgovtjobs.in,defence jobs,engineer jobs,internship",2026-08-03T15:32:31,2026-08-31T06:03:44,-21,Expired
52a76df14176,"Apprentice Government Jobs 2026 (12152+ Vacancies for Fresher ITI, Diploma, Graduates)",,,Apprentice Government Jobs 2026 (12152+ Vacancies for Freshe,,,,,12152,All India,All India,Apprenticeship,,,,,,,https://www.indgovtjobs.in/2017/04/Apprentice-Jobs.html,,,Not Applied,Unverified,aggregator:indgovtjobs.in,2026-08-07T07:59:48,0.3,Low,Found via aggregator - needs official confirmation,"aggregator,indgovtjobs.in,apprenticeship training,top pages",2026-08-03T18:24:00,2026-08-31T06:03:44,,New
c2b8be87f59a,06 AUG HPPSC HP Police Constable Online Form 2026 Closing Soon,,,06 AUG HPPSC HP Police Constable Online Form 2026 Closing So,,,,,06,Karnataka,Karnataka,Job,,,,,,,https://www.freejobalert.com/articles/hppsc-police-constable-recruitment-2026-apply-online-for-734-posts-3057549,,,Not Applied,Unverified,aggregator:freejobalert.com,2026-08-06T15:01:44,0.3,Low,Found via aggregator - needs official confirmation,"aggregator,freejobalert,karnataka",2026-08-04T03:55:55,2026-08-31T06:03:44,,New
c60390ade283,07 AUG RRC NCR 1853 Apprentice Online Form 2026 Apply Now,,,07 AUG RRC NCR 1853 Apprentice Online Form 2026 Apply Now,,,,,07,Karnataka,Karnataka,Apprenticeship,,,,,,,https://www.freejobalert.com/articles/rrc-ncr-apprentice-recruitment-2026-apply-online-for-1853-posts-3057253,,,Not Applied,Unverified,aggregator:freejobalert.com,2026-08-04T18:18:52,0.3,Low,Found via aggregator - needs official confirmation,"aggregator,freejobalert,karnataka",2026-08-04T03:55:55,2026-08-31T06:03:44,,New
82c5410719a2,07 AUG KEA 750 Land Surveyor Online Form 2026 Apply Now,,,07 AUG KEA 750 Land Surveyor Online Form 2026 Apply Now,,,,,07,Karnataka,Karnataka,Job,,,,,,,https://www.freejobalert.com/articles/kea-land-surveyor-recruitment-2026-apply-online-for-750-posts-3057813,,,Not Applied,Unverified,aggregator:freejobalert.com,2026-08-04T18:18:52,0.3,Low,Found via aggregator - needs official confirmation,"aggregator,freejobalert,karnataka",2026-08-04T03:55:55,2026-08-31T06:03:44,,New
00d699de98a9,RITES Vacancy 2026 - 03 IT Professionals Posts,,,RITES,,,,,03,Karnataka,Karnataka,Job,,,,,,,https://www.freejobalert.com/articles/rites-it-professionals-recruitment-2026-3061368,,,Not Applied,Unverified,aggregator:freejobalert.com,2026-08-05T09:26:38,0.3,Low,Found via aggregator - needs official confirmation,"aggregator,freejobalert,karnataka",2026-08-04T09:28:06,2026-08-31T06:03:44,,New
1e6d95bc8900,RITES IT Professionals Online Form 2026,,,RITES IT Professionals Online Form 2026,,,,,,Karnataka,Karnataka,Job,,,,,,,https://www.freejobalert.com/articles/rites-it-professionals-recruitment-2026-3061368,,,Not Applied,Unverified,aggregator:freejobalert.com,2026-08-25T02:11:56,0.3,Low,Found via aggregator - needs official confirmation,"aggregator,freejobalert",2026-08-04T09:28:06,2026-08-31T06:03:44,,New
0e2ca9bb8b0c,AAI WR Apprentice Online Form 2026,,,AAI WR Apprentice Online Form 2026,,,,,,Karnataka,Karnataka,Apprenticeship,,,,,,,https://www.freejobalert.com/articles/aai-wr-apprentice-recruitment-2026-3061343,,,Not Applied,Unverified,aggregator:freejobalert.com,2026-08-21T02:15:37,0.3,Low,Found via aggregator - needs official confirmation,"aggregator,freejobalert",2026-08-04T09:28:06,2026-08-31T06:03:44,,New
ea9ee7b62b81,NGEL 114 Assistant Engineer & DGM Online Form 2026,,,NGEL 114 Assistant Engineer & DGM Online Form 2026,,,,,114,Karnataka,Karnataka,Job,,,,,,,https://www.freejobalert.com/articles/ngel-recruitment-2026-apply-online-for-114-deputy-general-manager-assistant-manager-posts-3055902,,,Not Applied,Unverified,aggregator:freejobalert.com,2026-08-19T02:08:54,0.3,Low,Found via aggregator - needs official confirmation,"aggregator,freejobalert",2026-08-04T09:28:06,2026-08-31T06:03:44,,New
233ec7211e9a,Nalanda University Non-Teaching Online Form 2026,,,Nalanda University Non-Teaching Online Form 2026,,,,,,Karnataka,Karnataka,Job,,,,,,,https://www.freejobalert.com/articles/nalanda-university-non-teaching-recruitment-2026-3061358,,,Not Applied,Unverified,aggregator:freejobalert.com,2026-08-10T02:48:50,0.3,Low,Found via aggregator - needs official confirmation,"aggregator,freejobalert",2026-08-04T09:28:06,2026-08-31T06:03:44,,New
87bc8471e85c,CSIR CMERI Technician Online Form 2026,,,CSIR CMERI Technician Online Form 2026,,,,,,Karnataka,Karnataka,Job,,,,,,,https://www.freejobalert.com/articles/csir-cmeri-recruitment-2026-apply-online-for-27-fitter-electrician-and-more-posts-3056106,,,Not Applied,Unverified,aggregator:freejobalert.com,2026-08-24T07:48:32,0.3,Low,Found via aggregator - needs official confirmation,"aggregator,freejobalert",2026-08-04T09:28:06,2026-08-31T06:03:44,,New
05977acda66e,ADA Project Assistant Recruitment 2026 – Apply Online for 111 Project Assistant-I Posts | Last Date 13-08-2026,,,ADA Project Assistant,,,,,,Karnataka,Karnataka,Job,,2026-08-13,,,,,https://www.indgovtjobs.in/2026/08/ada-project-assistant-recruitment.html,,,Not Applied,Application Closed,aggregator:indgovtjobs.in,2026-08-05T03:51:37,0.3,Low,Found via aggregator - needs official confirmation,"aggregator,indgovtjobs.in,assistants,defence jobs,karnataka jobs",2026-08-04T09:28:08,2026-08-31T06:03:44,-18,Expired
bc6ff49aad75,IARI Young Professional Recruitment 2026: Apply for 04 Posts | Last Date 25-08-2026,,,IARI Young Professional,,,,,04,Delhi,Delhi,Job,,2026-08-25,,,,,https://www.indgovtjobs.in/2026/04/IARI-Young-Professional.html,,,Not Applied,Application Closed,aggregator:indgovtjobs.in,2026-08-31T06:03:44,0.7,Low,Found via aggregator - needs official confirmation,"aggregator,indgovtjobs.in,agriculture,delhi jobs,icar,young professionals",2026-08-04T15:09:08,2026-08-31T06:03:44,-6,Expired
073e58430f10,RITES Limited IT Professionals Recruitment 2026: Apply Online for 03 Posts | Last Date 24-08-2026,,,RITES Limited IT Professionals,,,,,03,All India,All India,Job,,2026-08-24,,,,,https://www.indgovtjobs.in/2026/08/rites-limited-it-professionals.html,,,Not Applied,Application Closed,aggregator:indgovtjobs.in,2026-08-19T07:28:28,0.7,Low,Found via aggregator - needs official confirmation,"aggregator,indgovtjobs.in,it jobs,rites",2026-08-04T15:09:08,2026-08-31T06:03:44,-7,Expired
9540e5ca8486,07 AUG RRC NCR 1853 Apprentice Online Form 2026 Closing Soon,,,07 AUG RRC NCR 1853 Apprentice Online Form 2026 Closing Soon,,,,,07,Karnataka,Karnataka,Apprenticeship,,,,,,,https://www.freejobalert.com/articles/rrc-ncr-apprentice-recruitment-2026-apply-online-for-1853-posts-3057253,,,Not Applied,Unverified,aggregator:freejobalert.com,2026-08-07T17:31:42,0.3,Low,Found via aggregator - needs official confirmation,"aggregator,freejobalert,karnataka",2026-08-05T03:51:05,2026-08-31T06:03:44,,New
3901ffc7494d,07 AUG KEA 750 Land Surveyor Online Form 2026 Closing Soon,,,07 AUG KEA 750 Land Surveyor Online Form 2026 Closing Soon,,,,,07,Karnataka,Karnataka,Job,,,,,,,https://www.freejobalert.com/articles/kea-land-surveyor-recruitment-2026-apply-online-for-750-posts-3057813,,,Not Applied,Unverified,aggregator:freejobalert.com,2026-08-06T03:57:34,0.3,Low,Found via aggregator - needs official confirmation,"aggregator,freejobalert,karnataka",2026-08-05T03:51:05,2026-08-31T06:03:44,,New
5b69c2d3444a,"RBI Medical Consultant Recruitment 2026: Latest Vacancies, Notification, Application Form",,,RBI Medical Consultant,,,,,,All India,All India,Job,,,,,,,https://www.indgovtjobs.in/2020/01/RBI-Medical-Consultant-Recruitment.html,,,Not Applied,Unverified,aggregator:indgovtjobs.in,2026-08-10T02:48:50,0.3,Low,Found via aggregator - needs official confirmation,"aggregator,indgovtjobs.in,medical jobs,rbi",2026-08-05T03:51:07,2026-08-31T06:03:44,,New
075042da4f67,MAHATRANSCO Electrician Apprentice Online Form 2026,,,MAHATRANSCO Electrician Apprentice Online Form 2026,,,,,,Karnataka,Karnataka,Apprenticeship,,,,,,,https://www.freejobalert.com/articles/mahatransco-electrician-apprentice-recruitment-2026-3061526,,,Not Applied,Unverified,aggregator:freejobalert.com,2026-08-11T07:53:48,0.3,Low,Found via aggregator - needs official confirmation,"aggregator,freejobalert",2026-08-05T09:26:07,2026-08-31T06:03:44,,New
079de65125bb,PDCC Bank 289 Peon Online Form 2026,,,PDCC Bank 289 Peon Online Form 2026,,,,,289,Karnataka,Karnataka,Job,,,,,,,https://www.freejobalert.com/articles/pdcc-bank-peon-recruitment-2026-apply-online-for-289-posts-3061451,,,Not Applied,Unverified,aggregator:freejobalert.com,2026-08-10T17:33:23,0.3,Low,Found via aggregator - needs official confirmation,"aggregator,freejobalert",2026-08-05T09:26:07,2026-08-31T06:03:44,,New
e30d2bd39709,ONGC Medical Officer Online Form 2026,,,ONGC Medical Officer Online Form 2026,,,,,,Karnataka,Karnataka,Job,,,,,,,https://www.freejobalert.com/articles/ongc-medical-officer-recruitment-2026-apply-online-for-24-posts-3061516,,,Not Applied,Unverified,aggregator:freejobalert.com,2026-08-11T02:43:53,0.3,Low,Found via aggregator - needs official confirmation,"aggregator,freejobalert",2026-08-05T09:26:07,2026-08-31T06:03:44,,New
4d8409204ee2,HVPNL 114 Apprentice Online Form 2026,,,HVPNL 114 Apprentice Online Form 2026,,,,,114,Karnataka,Karnataka,Apprenticeship,,,,,,,https://www.freejobalert.com/articles/hvpnl-apprentice-recruitment-2026-3061483,,,Not Applied,Unverified,aggregator:freejobalert.com,2026-08-11T02:43:53,0.3,Low,Found via aggregator - needs official confirmation,"aggregator,freejobalert",2026-08-05T09:26:07,2026-08-31T06:03:44,,New
561f866e665e,"TSLPRB 325 Constable, Warder, SI Online Form 2026",,,"TSLPRB 325 Constable, Warder, SI Online Form 2026",,,,,325,Karnataka,Karnataka,Job,,,,,,,https://www.freejobalert.com/articles/telangana-police-tslprb-recruitment-2026-apply-online-for-7437-police-constable-warder-si-and-more-posts-3056807,,,Not Applied,Unverified,aggregator:freejobalert.com,2026-08-17T02:11:32,0.3,Low,Found via aggregator - needs official confirmation,"aggregator,freejobalert",2026-08-05T09:26:07,2026-08-31T06:03:44,,New
90c9dcdbe48f,CIHCS Assistant Professor Recruitment 2026 - Apply for 03 Posts | Last Date 06-08-2026,,,CIHCS Assistant Professor,,,,,03,Arunachal Pradesh,Arunachal Pradesh,Job,,2026-08-06,,,,,https://www.indgovtjobs.in/2026/06/cihcs-assistant-professor-recruitment.html,,,Not Applied,Application Closed,aggregator:indgovtjobs.in,2026-08-11T02:43:53,0.3,Low,Found via aggregator - needs official confirmation,"aggregator,indgovtjobs.in,arunachal pradesh,faculty jobs,institute and university jobs",2026-08-05T09:26:08,2026-08-31T06:03:44,-25,Expired
4b01c6005690,"OSSSC Nursing Officer Recruitment 2026 – Notification, Online Form, 5989 Posts | Last Date 05-08-2026",,,OSSSC Nursing Officer,,,,,5989,Odisha,Odisha,Job,,2026-08-05,,,,,https://www.indgovtjobs.in/2026/06/OSSSC-Nursing-Officer.html,,,Not Applied,Application Closed,aggregator:indgovtjobs.in,2026-08-10T14:03:35,0.3,Low,Found via aggregator - needs official confirmation,"aggregator,indgovtjobs.in,nurse jobs,odisha jobs",2026-08-05T09:26:08,2026-08-31T06:03:44,-26,Expired
df970fc5eb09,ADA Consultant Recruitment 2026: Apply for Technical & Non Technical Posts | Last Date 08-08-2026,,,ADA Consultant,,,,,,Karnataka,Karnataka,Job,,2026-08-08,,,,,https://www.indgovtjobs.in/2026/08/ada-consultant-recruitment.html,,,Not Applied,Application Closed,aggregator:indgovtjobs.in,2026-08-10T08:21:09,0.3,Low,Found via aggregator - needs official confirmation,"aggregator,indgovtjobs.in,defence jobs,karnataka jobs",2026-08-05T09:26:08,2026-08-31T06:03:44,-23,Expired
cbe7dd65466c,ADA Project Assistant Recruitment 2026 – Apply Online for 111 Posts | Last Date 13-08-2026,,,ADA Project Assistant,,,,,111,Karnataka,Karnataka,Job,,2026-08-13,,,,,https://www.indgovtjobs.in/2026/08/ada-project-assistant-recruitment.html,,,Not Applied,Application Closed,aggregator:indgovtjobs.in,2026-08-19T02:08:54,0.7,Low,Found via aggregator - needs official confirmation,"aggregator,indgovtjobs.in,assistants,defence jobs,karnataka jobs",2026-08-05T09:26:08,2026-08-31T06:03:44,-18,Expired
cee4dd6d9450,PDCC Bank Peon Recruitment 2026: Apply Online for 289 Posts | Last Date 10-08-2026,,,PDCC Bank Peon,,,,,289,All India,All India,Job,,2026-08-10,,,,,https://www.indgovtjobs.in/2026/08/pdcc-bank-peon-recruitment.html,,,Not Applied,Application Closed,aggregator:indgovtjobs.in,2026-08-17T02:11:32,0.3,Low,Found via aggregator - needs official confirmation,"aggregator,indgovtjobs.in,bank jobs,peon jobs,pune jobs",2026-08-05T09:26:08,2026-08-31T06:03:44,-21,Expired
fc80dfc00762,IBPS: RRVUN Common Recruitment of Junior Engineers-I & Junior Accountant and Junior Assistant/Commercial Assistant-II Registration From 05-Aug-2026,,Institute of Banking Personnel Selection,IBPS,,,,,,All India,All India,Exam,,,,,https://www.ibps.in/index.php/recruitment/,,https://ibpsreg.ibps.in/rrvunljun26/,,,Not Applied,Verified with Official Website,official:ibps.in,2026-08-25T17:15:24,0.85,Low,,"ibps,banking,central",2026-08-05T15:00:26,2026-08-31T06:03:44,,New
b541aa70ae19,IBPS: RRVUN Common Recruitment of Junior Engineers-I & Junior Accountant and Junior Assistant/Commercial Assistant-II 05-Aug-2026 25-Aug-2026,,Institute of Banking Personnel Selection,IBPS,,,,,,All India,All India,Exam,,,,,https://www.ibps.in/index.php/recruitment/,,https://ibpsreg.ibps.in/rrvunljun26/,,,Not Applied,Verified with Official Website,official:ibps.in,2026-08-25T17:15:24,0.85,Low,,"ibps,banking,central",2026-08-05T15:00:28,2026-08-31T06:03:44,,New
94569bb62d7d,"Chamarajanagar District Court Vacancy 2026 - 25 Peon, Stenographer and More PostsChamarajanagar District Court Vacancy 2026",,,Chamarajanagar District Court,,,,,25,Karnataka,Karnataka,Job,,,,,,,https://www.freejobalert.com/articles/chamarajanagar-district-court-recruitment-2026-apply-online-for-25-peon-stenographer-and-more-posts-3061641,,,Not Applied,Unverified,aggregator:freejobalert.com,2026-08-27T10:15:43,0.3,Low,Found via aggregator - needs official confirmation,"aggregator,freejobalert,karnataka",2026-08-05T15:02:15,2026-08-31T06:03:44,,New
5de8e430ed7c,IBPS Vacancy 2026 - 11403 Customer Service Associate / Clerk PostsIBPS Customer Service Associate / Clerk Vacancy 2026,,,IBPS,,,,,11403,Karnataka,Karnataka,Job,,,,,,,https://www.freejobalert.com/articles/ibps-clerk-recruitment-2026-apply-online-for-crp-csa-xvi-posts-3060464,,,Not Applied,Unverified,aggregator:freejobalert.com,2026-08-28T11:47:13,0.3,Low,Found via aggregator - needs official confirmation,"aggregator,freejobalert,karnataka",2026-08-05T15:02:15,2026-08-31T06:03:44,,New
7fc3fca85de1,"ISRO Vacancy 2026 - 244 UDC, Steno and More PostsISRO Vacancy 2026",,,ISRO,,,,,244,Karnataka,Karnataka,Job,,,,,,,https://www.freejobalert.com/articles/isro-recruitment-2026-assistant-udc-jpa-stenographer-3059587,,,Not Applied,Unverified,aggregator:freejobalert.com,2026-08-12T03:13:35,0.3,Low,Found via aggregator - needs official confirmation,"aggregator,freejobalert,karnataka",2026-08-05T15:02:15,2026-08-31T06:03:44,,New
07450b3d2acc,PNB Vacancy 2026 - 545 Local Bank Officer PostsPNB Local Bank Officer Vacancy 2026,,,PNB,,,,,545,Karnataka,Karnataka,Job,,,,,,,https://www.freejobalert.com/articles/pnb-local-bank-officer-recruitment-2026-apply-online-for-545-posts-3059463,,,Not Applied,Unverified,aggregator:freejobalert.com,2026-08-16T16:58:43,0.3,Low,Found via aggregator - needs official confirmation,"aggregator,freejobalert,karnataka",2026-08-05T15:02:15,2026-08-31T06:03:44,,New
1b960a0ea5da,RITES Vacancy 2026 - 03 IT Professionals PostsRITES IT Professionals Vacancy 2026,,,RITES,,,,,03,Karnataka,Karnataka,Job,,,,,,,https://www.freejobalert.com/articles/rites-it-professionals-recruitment-2026-3061368,,,Not Applied,Unverified,aggregator:freejobalert.com,2026-08-30T17:02:23,0.3,Low,Found via aggregator - needs official confirmation,"aggregator,freejobalert,karnataka",2026-08-05T15:02:15,2026-08-31T06:03:44,,New
2fae658e2be4,HAL Vacancy 2026 - 120 Management Trainee & Design Trainee PostsHAL Management Trainee & Design Trainee Vacancy 2026,,,HAL,,,,,120,Karnataka,Karnataka,Job,,,,,,,https://www.freejobalert.com/articles/hal-management-and-design-trainee-recruitment-2026-apply-online-for-120-posts-3060593,,,Not Applied,Unverified,aggregator:freejobalert.com,2026-08-14T17:36:44,0.3,Low,Found via aggregator - needs official confirmation,"aggregator,freejobalert,karnataka",2026-08-05T15:02:15,2026-08-31T06:03:44,,New
f1e8bde7c76b,UCSL Vacancy 2026 - 6 Graduate/ Diploma Apprentice PostsUCSL Graduate/ Diploma Apprentice Vacancy 2026,,,UCSL,,,,,,Karnataka,Karnataka,Apprenticeship,,,,,,,https://www.freejobalert.com/articles/ucsl-recruitment-2026-apply-online-for-graduate-diploma-apprentice-posts-3061257,,,Not Applied,Unverified,aggregator:freejobalert.com,2026-08-23T17:00:42,0.3,Low,Found via aggregator - needs official confirmation,"aggregator,freejobalert,karnataka",2026-08-05T15:02:15,2026-08-31T06:03:44,,New
b2e5178ef8e2,UCSL Vacancy 2026 - 11 Trade Apprentice (ITI) PostsUCSL Trade Apprentice (ITI) Vacancy 2026,,,UCSL,,,,,11,Karnataka,Karnataka,Apprenticeship,,,,,,,https://www.freejobalert.com/articles/ucsl-trade-apprentice-recruitment-2026-apply-online-for-11-posts-3061237,,,Not Applied,Unverified,aggregator:freejobalert.com,2026-08-13T17:36:25,0.3,Low,Found via aggregator - needs official confirmation,"aggregator,freejobalert,karnataka",2026-08-05T15:02:15,2026-08-31T06:03:44,,New
109f728d10d6,"KRCL Vacancy 2026 - 201 Junior Engineer, Technician and More PostsKRCL Vacancy 2026",,,KRCL,,,,,201,Karnataka,Karnataka,Job,,,,,,,https://www.freejobalert.com/articles/konkan-railway-recruitment-2026-apply-online-for-201-junior-engineer-technician-and-more-posts-3061184,,,Not Applied,Unverified,aggregator:freejobalert.com,2026-08-31T06:03:42,0.3,Low,Found via aggregator - needs official confirmation,"aggregator,freejobalert,karnataka",2026-08-05T15:02:15,2026-08-31T06:03:44,,New
1e6ddfd2d9af,"ISRO NRSC Vacancy 2026 - 48 Research Scientist, Project Associate and More PostsISRO NRSC Vacancy 2026",,,ISRO NRSC,,,,,48,Karnataka,Karnataka,Job,,,,,,,https://www.freejobalert.com/articles/isro-nrsc-recruitment-2026-apply-online-for-48-research-scientist-project-associate-and-more-posts-3061137,,,Not Applied,Unverified,aggregator:freejobalert.com,2026-08-21T17:09:01,0.3,Low,Found via aggregator - needs official confirmation,"aggregator,freejobalert,karnataka",2026-08-05T15:02:15,2026-08-31T06:03:44,,New
26062e783e05,KPSC Vacancy 2026 - 319 Gazetted Probationers PostsKPSC Gazetted Probationers Vacancy 2026,,,KPSC,,,,,319,Karnataka,Karnataka,Job,,,,,,,https://www.freejobalert.com/articles/kpsc-kas-gazetted-probationers-recruitment-2026-3061131,,,Not Applied,Unverified,aggregator:freejobalert.com,2026-08-31T06:03:42,0.3,Low,Found via aggregator - needs official confirmation,"aggregator,freejobalert,karnataka",2026-08-05T15:02:15,2026-08-31T06:03:44,,New
d48c87203dbc,"DHFWS Vijayapura Vacancy 2026 - 26 Staff Nurse, Lab Technician and More Posts PostsDHFWS Vijayapura Vacancy 2026",,,DHFWS Vijayapura,,,,,26,Karnataka,Karnataka,Job,,,,,,,https://www.freejobalert.com/articles/dhfws-vijayapura-recruitment-2026-apply-offline-for-26-staff-nurse-lab-technician-and-more-posts-3061051,,,Not Applied,Unverified,aggregator:freejobalert.com,2026-08-07T17:31:41,0.3,Low,Found via aggregator - needs official confirmation,"aggregator,freejobalert,karnataka",2026-08-05T15:02:15,2026-08-31T06:03:44,,New
bb62fd951d61,DRDO DYSL AI Vacancy 2026 - 4 Junior Research Fellow PostsDRDO DYSL AI Junior Research Fellow Vacancy 2026,,,DRDO DYSL AI,,,,,,Karnataka,Karnataka,Job,,,,,,,https://www.freejobalert.com/articles/drdo-dysl-ai-junior-research-fellow-recruitment-2026-apply-offline-3061024,,,Not Applied,Unverified,aggregator:freejobalert.com,2026-08-14T17:36:44,0.3,Low,Found via aggregator - needs official confirmation,"aggregator,freejobalert,karnataka",2026-08-05T15:02:15,2026-08-31T06:03:44,,New
b3b17150ed11,SJICSR Vacancy 2026 - 34 Assistant Professor PostsSJICSR Assistant Professor Vacancy 2026,,,SJICSR,,,,,34,Karnataka,Karnataka,Job,,,,,,,https://www.freejobalert.com/articles/sjicsr-assistant-professor-recruitment-2026-apply-offline-for-34-posts-3060994,,,Not Applied,Unverified,aggregator:freejobalert.com,2026-08-11T17:35:52,0.3,Low,Found via aggregator - needs official confirmation,"aggregator,freejobalert,karnataka",2026-08-05T15:02:15,2026-08-31T06:03:44,,New
ebf4b9a36126,JNCASR Vacancy 2026 - 1 Project Research Scientist I PostsJNCASR Project Research Scientist I Vacancy 2026,,,JNCASR,,,,,,Karnataka,Karnataka,Job,,,,,,,https://www.freejobalert.com/articles/jncasr-project-research-scientist-i-recruitment-2026-apply-online-3060851,,,Not Applied,Unverified,aggregator:freejobalert.com,2026-08-07T17:31:42,0.3,Low,Found via aggregator - needs official confirmation,"aggregator,freejobalert,karnataka",2026-08-05T15:02:15,2026-08-31T06:03:44,,New
35d58e3a3eba,KEA Vacancy 2026 - 572 Village Administrative Officer PostsKEA Village Administrative Officer Vacancy 2026,,,KEA,,,,,572,Karnataka,Karnataka,Job,,,,,,,https://www.freejobalert.com/articles/kea-vao-recruitment-2026-apply-online-for-572-posts-3057860,,,Not Applied,Unverified,aggregator:freejobalert.com,2026-08-20T17:09:09,0.3,Low,Found via aggregator - needs official confirmation,"aggregator,freejobalert,karnataka",2026-08-05T15:02:15,2026-08-31T06:03:44,,New
f728814b2e9a,BEL Vacancy 2026 - 01 Probationary Legal Officer PostsBEL Probationary Legal Officer Vacancy 2026,,,BEL,,,,,01,Karnataka,Karnataka,Job,,,,,,,https://www.freejobalert.com/articles/bel-probationary-legal-officer-recruitment-2026-apply-offline-3060719,,,Not Applied,Unverified,aggregator:freejobalert.com,2026-08-20T17:09:09,0.3,Low,Found via aggregator - needs official confirmation,"aggregator,freejobalert,karnataka",2026-08-05T15:02:15,2026-08-31T06:03:44,,New
ea94d96b3afd,JNCASR Vacancy 2026 - 1 Research Associate PostsJNCASR Research Associate Vacancy 2026,,,JNCASR,,,,,,Karnataka,Karnataka,Job,,,,,,,https://www.freejobalert.com/articles/jncasr-research-associate-recruitment-2026-apply-online-3060713,,,Not Applied,Unverified,aggregator:freejobalert.com,2026-08-10T17:33:23,0.3,Low,Found via aggregator - needs official confirmation,"aggregator,freejobalert,karnataka",2026-08-05T15:02:15,2026-08-31T06:03:44,,New
57cadef98671,ISRO Vacancy 2026 - 92 Scientist/ Engineer PostsISRO Scientist/ Engineer Vacancy 2026,,,ISRO,,,,,92,Karnataka,Karnataka,Job,,,,,,,https://www.freejobalert.com/articles/isro-scientist-engineer-recruitment-2026-notification-out-apply-online-for-92-posts-3060552,,,Not Applied,Unverified,aggregator:freejobalert.com,2026-08-17T17:03:35,0.3,Low,Found via aggregator - needs official confirmation,"aggregator,freejobalert,karnataka",2026-08-05T15:02:15,2026-08-31T06:03:44,,New
ebc2966901e2,ISRO URSC Vacancy 2026 - 410 Apprentice PostsISRO URSC Apprentice Vacancy 2026,,,ISRO URSC,,,,,410,Karnataka,Karnataka,Apprenticeship,,,,,,,https://www.freejobalert.com/articles/isro-ursc-apprentice-recruitment-2026-apply-online-for-410-posts-3060668,,,Not Applied,Unverified,aggregator:freejobalert.com,2026-08-28T11:47:13,0.3,Low,Found via aggregator - needs official confirmation,"aggregator,freejobalert,karnataka",2026-08-05T15:02:15,2026-08-31T06:03:44,,New
247aa5868317,"District Court Tumkur Vacancy 2026 - 24 Stenographer, Typist PostsDistrict Court Tumkur Vacancy 2026",,,District Court Tumkur,,,,,24,Karnataka,Karnataka,Job,,,,,,,https://www.freejobalert.com/articles/district-court-tumkur-recruitment-2026-apply-online-for-24-stenographer-and-typist-posts-3060545,,,Not Applied,Unverified,aggregator:freejobalert.com,2026-08-24T17:13:24,0.3,Low,Found via aggregator - needs official confirmation,"aggregator,freejobalert,karnataka",2026-08-05T15:02:15,2026-08-31T06:03:44,,New
71a173acd895,IISc Vacancy 2026 - 5 Program Assistant PostsIISc Program Assistant Vacancy 2026,,,IISc,,,,,,Karnataka,Karnataka,Job,,,,,,,https://www.freejobalert.com/articles/iisc-program-assistant-recruitment-2026-apply-online-3060333,,,Not Applied,Unverified,aggregator:freejobalert.com,2026-08-14T17:36:44,0.3,Low,Found via aggregator - needs official confirmation,"aggregator,freejobalert,karnataka",2026-08-05T15:02:15,2026-08-31T06:03:44,,New
50a93d4f6d3d,"Belagavi DCC Bank Vacancy 2026 - 104 Second Division Assistant, Peon and Gunman PostsBelagavi DCC Bank Vacancy 2026",,,Belagavi DCC Bank,,,,,104,Karnataka,Karnataka,Job,,,,,,,https://www.freejobalert.com/articles/belagavi-dcc-bank-recruitment-2026-apply-online-for-104-sda-peon-and-gunman-posts-3060058,,,Not Applied,Unverified,aggregator:freejobalert.com,2026-08-27T10:15:43,0.3,Low,Found via aggregator - needs official confirmation,"aggregator,freejobalert,karnataka",2026-08-05T15:02:15,2026-08-31T06:03:44,,New
8ee65e8345be,"HAL Vacancy 2026 - 30 Finance Officer, Deputy Manager and More PostsHAL Vacancy 2026",,,HAL,,,,,30,Karnataka,Karnataka,Job,,,,,,,https://www.freejobalert.com/articles/hal-recruitment-2026-apply-online-for-30-finance-officer-deputy-manager-and-more-posts-3059616,,,Not Applied,Unverified,aggregator:freejobalert.com,2026-08-12T17:37:18,0.3,Low,Found via aggregator - needs official confirmation,"aggregator,freejobalert,karnataka",2026-08-05T15:02:15,2026-08-31T06:03:44,,New
0fe2bd81d26c,BEL Vacancy 2026 - Graduate Apprentice PostsBEL Graduate Apprentice Vacancy 2026,,,BEL,,,,,,Karnataka,Karnataka,Apprenticeship,,,,,,,https://www.freejobalert.com/articles/bel-graduate-apprenticeship-gapp-recruitment-2026-walk-in-written-test-3059692,,,Not Applied,Unverified,aggregator:freejobalert.com,2026-08-08T17:10:18,0.3,Low,Found via aggregator - needs official confirmation,"aggregator,freejobalert,karnataka",2026-08-05T15:02:15,2026-08-31T06:03:44,,New
9ebb361b2f40,"Indian Army Vacancy 2026 - 06 SSC (Non-Tech), Women PostsIndian Army Vacancy 2026",,,Indian Army,,,,,06,Karnataka,Karnataka,Job,,,,,,,https://www.freejobalert.com/articles/indian-army-ncc-special-entry-125-course-women-2027-3059623,,,Not Applied,Unverified,aggregator:freejobalert.com,2026-08-21T17:09:01,0.3,Low,Found via aggregator - needs official confirmation,"aggregator,freejobalert,karnataka",2026-08-05T15:02:15,2026-08-31T06:03:44,,New
57ff8417148b,RITES Vacancy 2026 - 24 Assistant Manager PostsRITES Assistant Manager Vacancy 2026,,,RITES,,,,,24,Karnataka,Karnataka,Job,,,,,,,https://www.freejobalert.com/articles/rites-assistant-manager-recruitment-2026-apply-online-for-24-posts-3059190,,,Not Applied,Unverified,aggregator:freejobalert.com,2026-08-17T17:03:35,0.3,Low,Found via aggregator - needs official confirmation,"aggregator,freejobalert,karnataka",2026-08-05T15:02:15,2026-08-31T06:03:44,,New
5e5f015eec80,KEA KREIS Vacancy 2026 - 1087 Teacher PostsKEA KREIS Teacher Vacancy 2026,,,KEA KREIS,,,,,1087,Karnataka,Karnataka,Job,,,,,,,https://www.freejobalert.com/articles/kea-kreis-teacher-recruitment-2026-apply-online-for-1087-posts-3057838,,,Not Applied,Unverified,aggregator:freejobalert.com,2026-08-17T17:03:34,0.3,Low,Found via aggregator - needs official confirmation,"aggregator,freejobalert,karnataka",2026-08-05T15:02:15,2026-08-31T06:03:44,,New
1571863903e8,"CMTI Vacancy 2026 - 71 Project Assistant, Data Entry Operator cum Assistant and More PostsCMTI Vacancy 2026",,,CMTI,,,,,71,Karnataka,Karnataka,Job,,,,,,,https://www.freejobalert.com/articles/cmti-bengaluru-recruitment-2026-walk-in-interview-3058713,,,Not Applied,Unverified,aggregator:freejobalert.com,2026-08-27T10:15:43,0.3,Low,Found via aggregator - needs official confirmation,"aggregator,freejobalert,karnataka",2026-08-05T15:02:15,2026-08-31T06:03:44,,New
4aabd4b27ba4,Karnataka Lokayukta Vacancy 2026 - 26 Clerk Cum Typist PostsKarnataka Lokayukta Clerk Cum Typist Vacancy 2026,,,Karnataka Lokayukta,,,,,26,Karnataka,Karnataka,Job,,,,,,,https://www.freejobalert.com/articles/karnataka-lokayukta-karya-kam-typist-recruitment-2026-3058706,,,Not Applied,Unverified,aggregator:freejobalert.com,2026-08-17T17:03:35,0.3,Low,Found via aggregator - needs official confirmation,"aggregator,freejobalert,karnataka",2026-08-05T15:02:15,2026-08-31T06:03:44,,New
6eeb73ea34d3,KEA KSRP Vacancy 2026 - 2314 Police Constable PostsKEA KSRP Police Constable Vacancy 2026,,,KEA KSRP,,,,,2314,Karnataka,Karnataka,Job,,,,,,,https://www.freejobalert.com/articles/kea-ksrp-police-constable-recruitment-2026-apply-online-for-2314-posts-3057919,,,Not Applied,Unverified,aggregator:freejobalert.com,2026-08-10T17:33:23,0.3,Low,Found via aggregator - needs official confirmation,"aggregator,freejobalert,karnataka",2026-08-05T15:02:15,2026-08-31T06:03:44,,New
56be8ece8631,KEA Vacancy 2026 - 750 Land Surveyor PostsKEA Land Surveyor Vacancy 2026,,,KEA,,,,,750,Karnataka,Karnataka,Job,,,,,,,https://www.freejobalert.com/articles/kea-land-surveyor-recruitment-2026-apply-online-for-750-posts-3057813,,,Not Applied,Unverified,aggregator:freejobalert.com,2026-08-20T17:09:09,0.3,Low,Found via aggregator - needs official confirmation,"aggregator,freejobalert,karnataka",2026-08-05T15:02:15,2026-08-31T06:03:44,,New
49a104f57d1d,Indian Army Vacancy 2026 - 350 SSC (Tech)-68 Men PostsIndian Army SSC (Tech)-68 Men Vacancy 2026,,,Indian Army,,,,,350,Karnataka,Karnataka,Job,,,,,,,https://www.freejobalert.com/articles/indian-army-ssc-tech-68-men-recruitment-2026-3057473,,,Not Applied,Unverified,aggregator:freejobalert.com,2026-08-07T17:31:41,0.3,Low,Found via aggregator - needs official confirmation,"aggregator,freejobalert,karnataka",2026-08-05T15:02:15,2026-08-31T06:03:44,,New
4dab30372d22,NHSRCL 237 Technician Online Form 2026,,,NHSRCL 237 Technician Online Form 2026,,,,,237,Karnataka,Karnataka,Job,,,,,,,https://www.freejobalert.com/articles/nhsrcl-technician-recruitment-2026-apply-online-for-237-posts-3057054,,,Not Applied,Unverified,aggregator:freejobalert.com,2026-08-05T18:12:53,0.3,Low,Found via aggregator - needs official confirmation,"aggregator,freejobalert,karnataka",2026-08-05T15:02:15,2026-08-31T06:03:44,,New
103d3c5e28d4,HVPNL Apprentice Recruitment 2026: Apply Online for 114 Posts | Last Date 14-08-2026,,,HVPNL Apprentice,,,,,114,Haryana,Haryana,Apprenticeship,,2026-08-14,,,,,https://www.indgovtjobs.in/2026/08/hvpnl-apprentice-recruitment.html,,,Not Applied,Application Closed,aggregator:indgovtjobs.in,2026-08-20T02:07:21,0.7,Low,Found via aggregator - needs official confirmation,"aggregator,indgovtjobs.in,apprenticeship training,haryana jobs,iti jobs",2026-08-05T18:12:23,2026-08-31T06:03:44,-17,Expired
0e9d5c7129f7,GSSSB Horticulture Assistant Recruitment 2026 - Apply Online for 100 Posts | Last Date 17-08-2026,,,GSSSB Horticulture Assistant,,,,,100,Gujarat,Gujarat,Job,,2026-08-17,,,,,https://www.indgovtjobs.in/2026/08/gsssb-horticulture-assistant.html,,,Not Applied,Application Closed,aggregator:indgovtjobs.in,2026-08-23T17:00:42,0.7,Low,Found via aggregator - needs official confirmation,"aggregator,indgovtjobs.in,agriculture,gujarat jobs",2026-08-05T18:12:23,2026-08-31T06:03:44,-14,Expired
2b68428b1d0d,Indian Army SSC (Tech)-68 Men Online Form 2026,,,Indian Army SSC (Tech)-68 Men Online Form 2026,,,,,68,Karnataka,Karnataka,Job,,,,,,,https://www.freejobalert.com/articles/indian-army-ssc-tech-68-men-recruitment-2026-3057473,,,Not Applied,Unverified,aggregator:freejobalert.com,2026-08-08T02:35:47,0.3,Low,Found via aggregator - needs official confirmation,"aggregator,freejobalert,karnataka",2026-08-06T09:29:21,2026-08-31T06:03:44,,New
d3cfb5a7f221,KEA KSHD Assistant Horticulture Officer and Assistant Directors Online Form 2026,,,KEA KSHD Assistant Horticulture Officer and Assistant Direct,,,,,,Karnataka,Karnataka,Job,,,,,,,https://www.freejobalert.com/articles/kshd-recruitment-2026-apply-online-for-85-assistant-horticulture-officer-and-assistant-directors-posts-3061686,,,Not Applied,Unverified,aggregator:freejobalert.com,2026-08-13T03:15:18,0.3,Low,Found via aggregator - needs official confirmation,"aggregator,freejobalert",2026-08-06T09:29:21,2026-08-31T06:03:44,,New
cb075829f753,"CSIR NAL Vacancy 2026 - 89 Project Assistant, Project Associate and More PostsCSIR NAL Vacancy 2026",,,CSIR NAL,,,,,89,Karnataka,Karnataka,Job,,,,,,,https://www.freejobalert.com/articles/csir-nal-recruitment-2026-walk-in-for-89-project-assistant-project-associate-and-more-posts-3061761,,,Not Applied,Unverified,aggregator:freejobalert.com,2026-08-25T17:15:24,0.3,Low,Found via aggregator - needs official confirmation,"aggregator,freejobalert,karnataka",2026-08-06T09:29:21,2026-08-31T06:03:44,,New
f7f8f0087dfe,NIMHANS Vacancy 2026 - 1 Technician PostsNIMHANS Technician Vacancy 2026,,,NIMHANS,,,,,,Karnataka,Karnataka,Job,,,,,,,https://www.freejobalert.com/articles/nimhans-technician-recruitment-2026-walkin-3061755,,,Not Applied,Unverified,aggregator:freejobalert.com,2026-08-19T17:04:00,0.3,Low,Found via aggregator - needs official confirmation,"aggregator,freejobalert,karnataka",2026-08-06T09:29:21,2026-08-31T06:03:44,,New
2885e5a0e7c1,Indian Army Vacancy 2026 - 10 JAG Entry Scheme 125th Course PostsIndian Army JAG Entry Scheme 125th Course Vacancy 2026,,,Indian Army,,,,,10,Karnataka,Karnataka,Job,,,,,,,https://www.freejobalert.com/articles/indian-army-jag-entry-scheme-125th-course-recruitment-2026-3059087,,,Not Applied,Unverified,aggregator:freejobalert.com,2026-08-17T17:03:35,0.3,Low,Found via aggregator - needs official confirmation,"aggregator,freejobalert,karnataka",2026-08-06T09:29:21,2026-08-31T06:03:44,,New
634a51339f4d,"IIT Dharwad Vacancy 2026 - 3 Technical Officer, Junior Technical Superintendent PostsIIT Dharwad Vacancy 2026",,,IIT Dharwad,,,,,,Karnataka,Karnataka,Job,,,,,,,https://www.freejobalert.com/articles/iit-dharwad-recruitment-2026-apply-online-for-technical-officer-junior-technical-superintendent-posts-3061736,,,Not Applied,Unverified,aggregator:freejobalert.com,2026-08-31T06:03:42,0.3,Low,Found via aggregator - needs official confirmation,"aggregator,freejobalert,karnataka",2026-08-06T09:29:21,2026-08-31T06:03:44,,New
16e21c452920,DGQA Vacancy 2026 - 14 Technician PostsDGQA Technician Vacancy 2026,,,DGQA,,,,,14,Karnataka,Karnataka,Job,,,,,,,https://www.freejobalert.com/articles/dgqa-technician-recruitment-2026-3061733,,,Not Applied,Unverified,aggregator:freejobalert.com,2026-08-28T11:47:13,0.3,Low,Found via aggregator - needs official confirmation,"aggregator,freejobalert,karnataka",2026-08-06T09:29:21,2026-08-31T06:03:44,,New
5651895bade6,KEA KSHD Vacancy 2026 - 85 Assistant Horticulture Officer and Assistant Directors PostsKEA KSHD Vacancy 2026,,,KEA KSHD,,,,,85,Karnataka,Karnataka,Job,,,,,,,https://www.freejobalert.com/articles/kshd-recruitment-2026-apply-online-for-85-assistant-horticulture-officer-and-assistant-directors-posts-3061686,,,Not Applied,Unverified,aggregator:freejobalert.com,2026-08-30T17:02:23,0.3,Low,Found via aggregator - needs official confirmation,"aggregator,freejobalert,karnataka",2026-08-06T09:29:21,2026-08-31T06:03:44,,New
b4bdf42efeb8,09 AUG Hartron 530 Junior Programmer Online Form 2026 Apply Now,,,09 AUG Hartron 530 Junior Programmer Online Form 2026 Apply ,,,,,09,Karnataka,Karnataka,Job,,,,,,,https://www.freejobalert.com/articles/hartron-junior-programmer-recruitment-2026-apply-online-for-530-posts-3060959,,,Not Applied,Unverified,aggregator:freejobalert.com,2026-08-06T15:01:44,0.3,Low,Found via aggregator - needs official confirmation,"aggregator,freejobalert,karnataka",2026-08-06T09:29:21,2026-08-31T06:03:44,,New
b1aaeca64f65,Bank of Baroda 205 Professionals Online Form 2026,,,Bank of Baroda 205 Professionals Online Form 2026,,,,,205,Karnataka,Karnataka,Job,,,,,,,https://www.freejobalert.com/articles/bank-of-baroda-recruitment-2026-apply-online-for-206-manager-technical-manager-and-more-posts-3061669,,,Not Applied,Unverified,aggregator:freejobalert.com,2026-08-07T03:37:17,0.3,Low,Found via aggregator - needs official confirmation,"aggregator,freejobalert,karnataka",2026-08-06T09:29:21,2026-08-31T06:03:44,,New
2f70a2ae081d,Telangana Anganwadi Teacher & Helper Online Form 2026,,,Telangana Anganwadi Teacher & Helper Online Form 2026,,,,,,Karnataka,Karnataka,Job,,,,,,,https://www.freejobalert.com/articles/telangana-anganwadi-recruitment-2026-apply-online-for-91-anganwadi-teacher-and-helper-posts-3061679,,,Not Applied,Unverified,aggregator:freejobalert.com,2026-08-12T08:06:58,0.3,Low,Found via aggregator - needs official confirmation,"aggregator,freejobalert",2026-08-06T09:29:21,2026-08-31T06:03:44,,New
c51973d10703,Indian Army SSC (Tech)68 Men Online Form 2026,,,Indian Army SSC (Tech)68 Men Online Form 2026,,,,,68,,,Job,,,,,,,https://www.freejobalert.com/articles/indian-army-ssc-tech-68-men-recruitment-2026-3057473,,,Not Applied,Unverified,aggregator:freejobalert.com,2026-08-07T17:31:42,0.3,Low,Found via aggregator - needs official confirmation,"aggregator,freejobalert",2026-08-06T09:29:22,2026-08-31T06:03:44,,New
50c32da9ae60,CSIR NAL Project Staff Recruitment 2026: Walk in Interview for 89 Posts,,,CSIR NAL Project Staff,,,,,89,All India,All India,Job,,,,,,,https://www.indgovtjobs.in/2026/08/csir-nal-project-staff-recruitment-2026.html,,,Not Applied,Unverified,aggregator:indgovtjobs.in,2026-08-12T08:06:58,0.3,Low,Found via aggregator - needs official confirmation,"aggregator,indgovtjobs.in,assistants,bangalore jobs,csir,diploma jobs",2026-08-06T09:29:22,2026-08-31T06:03:44,,New
0d0dc4591a6d,"BEL Legal Officer Recruitment 2026: Notification, Application Form",,,BEL Legal Officer,,,,,,Karnataka,Karnataka,Job,,,,,,,https://www.indgovtjobs.in/2026/08/bel-legal-officer-recruitment.html,,,Not Applied,Unverified,aggregator:indgovtjobs.in,2026-08-12T08:06:58,0.3,Low,Found via aggregator - needs official confirmation,"aggregator,indgovtjobs.in,bangalore jobs,bel jobs,karnataka jobs,law",2026-08-06T09:29:22,2026-08-31T06:03:44,,New
685615a0f998,BEL Project Engineer Recruitment 2026: Apply for 14 Posts in Rajasthan and Gujarat | Walk in Date 11-08-2026,,,BEL Project Engineer,,,,,14,Gujarat,Gujarat,Job,,,,,,,https://www.indgovtjobs.in/2026/08/bel-project-engineer-recruitment.html,,,Not Applied,Verified with Official Notification,aggregator:indgovtjobs.in,2026-08-18T07:27:15,0.7,Low,Found via aggregator - needs official confirmation,"aggregator,indgovtjobs.in,bel jobs,engineer jobs,gujarat jobs,rajasthan jobs",2026-08-06T09:29:22,2026-08-31T06:03:44,,New
aee77894c150,"DMRC Executive Finance Recruitment 2026: Notification, Application Form | Last Date 10-08-2026",,,DMRC Executive Finance,,,,,,Delhi,Delhi,Job,,2026-08-10,,,,,https://www.indgovtjobs.in/2026/07/dmrc-executive-finance-recruitment.html,,,Not Applied,Application Closed,aggregator:indgovtjobs.in,2026-08-12T08:06:58,0.3,Low,Found via aggregator - needs official confirmation,"aggregator,indgovtjobs.in,delhi jobs,finance jobs,metro rail jobs",2026-08-06T09:29:22,2026-08-31T06:03:44,-21,Expired
ea0bfe9d2ecf,SRCC Assistant Professor Recruitment 2026 – Apply Online for 16 Faculty Posts | Last Date 22-08-2026,,,SRCC Assistant Professor,,,,,,Delhi,Delhi,Job,,2026-08-22,,,,,https://www.indgovtjobs.in/2026/08/srcc-assistant-professor-recruitment.html,,,Not Applied,Application Closed,aggregator:indgovtjobs.in,2026-08-18T02:05:46,0.7,Low,Found via aggregator - needs official confirmation,"aggregator,indgovtjobs.in,delhi jobs,faculty jobs,institute and university jobs",2026-08-06T09:29:22,2026-08-31T06:03:44,-9,Expired
98ce65fe2825,Indian Army NCC Special Entry Men 125th Course 2027 – Apply Online for 70 Posts | Last Date 20-08-2026,,,Indian Army NCC Special Entry Men 125th Course 2027 – Apply ,,,,,70,All India,All India,Job,,2026-08-20,,,,,https://www.indgovtjobs.in/2026/07/Indian-Army-NCC-Special-Entry-Men.html,,,Not Applied,Application Closed,aggregator:indgovtjobs.in,2026-08-26T07:35:00,0.7,Low,Found via aggregator - needs official confirmation,"aggregator,indgovtjobs.in,indian army",2026-08-06T09:29:22,2026-08-31T06:03:44,-11,Expired
c7df5a79258c,Indian Army NCC Special Entry Women 125 Course April 2027 – Apply Online for 06 Women Officer Posts | Last Date 21-08-2026,,,Indian Army NCC Special Entry Women 125 Course April 2027 – ,,,,,,All India,All India,Job,,2026-08-21,,,,,https://www.indgovtjobs.in/2026/07/Indian-Army-NCC-Special-Entry-Women.html,,,Not Applied,Application Closed,aggregator:indgovtjobs.in,2026-08-27T22:36:41,0.7,Low,Found via aggregator - needs official confirmation,"aggregator,indgovtjobs.in,indian army",2026-08-06T09:29:22,2026-08-31T06:03:44,-10,Expired
c6a58a9f46d5,Visakhapatnam DCCB Bank Recruitment 2026: Apply Online for 47 Staff Assistant Posts | Last Date 15-08-2026,,,Visakhapatnam DCCB Bank,,,,,,Andhra Pradesh,Andhra Pradesh,Job,,2026-08-15,,,,,https://www.indgovtjobs.in/2026/08/visakhapatnam-dccb-bank-recruitment.html,,,Not Applied,Application Closed,aggregator:indgovtjobs.in,2026-08-20T13:35:19,0.7,Low,Found via aggregator - needs official confirmation,"aggregator,indgovtjobs.in,andhra pradesh,assistants,bank jobs",2026-08-06T09:29:22,2026-08-31T06:03:44,-16,Expired
bb8aa63a665d,Indian Army JAG Entry 2026: Apply Online for 10 Law Graduate Posts | Last Date 17-08-2026,,,Indian Army JAG Entry 2026: Apply Online for 10 Law Graduate,,,,,,All India,All India,Job,,2026-08-17,,,,,https://www.indgovtjobs.in/2026/08/Indian-Army-JAG-Entry.html,,,Not Applied,Application Closed,aggregator:indgovtjobs.in,2026-08-23T17:00:42,0.7,Low,Found via aggregator - needs official confirmation,"aggregator,indgovtjobs.in,indian army,law",2026-08-06T09:29:22,2026-08-31T06:03:44,-14,Expired
ab4f23e78b1e,DRDO ADA 111 Project Assistant-I Online Form 2026,,,DRDO ADA 111 Project Assistant-I Online Form 2026,,,,,111,Karnataka,Karnataka,Job,,,,,,,https://www.freejobalert.com/articles/drdo-ada-project-assistant-recruitment-2026-3061844,,,Not Applied,Unverified,aggregator:freejobalert.com,2026-08-14T03:15:13,0.3,Low,Found via aggregator - needs official confirmation,"aggregator,freejobalert,karnataka",2026-08-06T15:01:12,2026-08-31T06:03:44,,New
7eaf8b2ccbf9,UCSL Vacancy 2026 - 4 Office Assistant PostsUCSL Office Assistant Vacancy 2026,,,UCSL,,,,,,Karnataka,Karnataka,Job,,,,,,,https://www.freejobalert.com/articles/ucsl-office-assistant-recruitment-2026-apply-online-3061869,,,Not Applied,Unverified,aggregator:freejobalert.com,2026-08-27T10:15:43,0.3,Low,Found via aggregator - needs official confirmation,"aggregator,freejobalert,karnataka",2026-08-06T15:01:12,2026-08-31T06:03:44,,New
a42ef2bb7ec2,UCSL Vacancy 2026 - 3 Assistant Manager PostsUCSL Assistant Manager Vacancy 2026,,,UCSL,,,,,,Karnataka,Karnataka,Job,,,,,,,https://www.freejobalert.com/articles/ucsl-assistant-manager-recruitment-2026-apply-online-3061854,,,Not Applied,Unverified,aggregator:freejobalert.com,2026-08-27T10:15:43,0.3,Low,Found via aggregator - needs official confirmation,"aggregator,freejobalert,karnataka",2026-08-06T15:01:12,2026-08-31T06:03:44,,New
1ea37681d105,DRDO ADA Vacancy 2026 - 111 Project Assistant I PostsDRDO ADA Project Assistant I Vacancy 2026,,,DRDO ADA,,,,,111,Karnataka,Karnataka,Job,,,,,,,https://www.freejobalert.com/articles/drdo-ada-project-assistant-recruitment-2026-3061844,,,Not Applied,Unverified,aggregator:freejobalert.com,2026-08-13T17:36:25,0.3,Low,Found via aggregator - needs official confirmation,"aggregator,freejobalert,karnataka",2026-08-06T15:01:12,2026-08-31T06:03:44,,New
e305bc0f9096,"DHFWO Koppal Vacancy 2026 - 26 Junior Laboratory Technical Officer, Pharmacist Officer, Nursing Officer PostsDHFWO Koppal Vacancy 2026",,,DHFWO Koppal,,,,,26,Karnataka,Karnataka,Job,,,,,,,https://www.freejobalert.com/articles/dhfwo-koppal-recruitment-2026-walkin-for-26-pharmacist-officer-nursing-officer-and-more-3061803,,,Not Applied,Unverified,aggregator:freejobalert.com,2026-08-07T17:31:41,0.3,Low,Found via aggregator - needs official confirmation,"aggregator,freejobalert,karnataka",2026-08-06T15:01:12,2026-08-31T06:03:44,,New
380a03fdf598,Bengaluru South Municipal Corporation Vacancy 2026 - 102 Civil Servant PostsBengaluru South Municipal Corporation Civil Servant Vacancy 2026,,,Bengaluru South Municipal Corporation,,,,,102,Karnataka,Karnataka,Job,,,,,,,https://www.freejobalert.com/articles/bengaluru-south-municipal-corporation-civil-servant-recruitment-2026-apply-offline-for-102-pourakarmika-posts-3061785,,,Not Applied,Unverified,aggregator:freejobalert.com,2026-08-31T06:03:42,0.3,Low,Found via aggregator - needs official confirmation,"aggregator,freejobalert,karnataka",2026-08-06T15:01:12,2026-08-31T06:03:44,,New
af25708fd337,Mizoram PSC Assistant Sub-Inspector Online Form 2026,,,Mizoram PSC Assistant Sub-Inspector Online Form 2026,,,,,,Karnataka,Karnataka,Job,,,,,,,https://www.freejobalert.com/articles/mizoram-psc-assistant-sub-inspector-recruitment-2026-3061849,,,Not Applied,Unverified,aggregator:freejobalert.com,2026-08-14T03:15:13,0.3,Low,Found via aggregator - needs official confirmation,"aggregator,freejobalert",2026-08-06T15:01:12,2026-08-31T06:03:44,,New
f6e957d3dd9a,Bank of Baroda Professionals Recruitment 2026 Apply Online for 206 SO Posts | Last Date 26 August 2026,,,Bank of Baroda Professionals,,,,,,All India,All India,Job,,,,,,,https://www.indgovtjobs.in/2026/08/bank-of-baroda-professionals.html,,,Not Applied,Unverified,aggregator:indgovtjobs.in,2026-08-12T08:06:58,0.3,Low,Found via aggregator - needs official confirmation,"aggregator,indgovtjobs.in,bank jobs,manager jobs,new,officer jobs",2026-08-06T15:01:14,2026-08-31T06:03:44,,New
342133948a96,09 AUG Hartron 530 Junior Programmer Online Form 2026 Closing Soon,,,09 AUG Hartron 530 Junior Programmer Online Form 2026 Closin,,,,,09,Karnataka,Karnataka,Job,,,,,,,https://www.freejobalert.com/articles/hartron-junior-programmer-recruitment-2026-apply-online-for-530-posts-3060959,,,Not Applied,Unverified,aggregator:freejobalert.com,2026-08-09T17:12:58,0.3,Low,Found via aggregator - needs official confirmation,"aggregator,freejobalert,karnataka",2026-08-07T03:36:47,2026-08-31T06:03:44,,New
ab9a690bc0c1,10 AUG KEA KSRP 2314 Police Constable Online Form 2026 Apply Now,,,10 AUG KEA KSRP 2314 Police Constable Online Form 2026 Apply,,,,,10,Karnataka,Karnataka,Job,,,,,,,https://www.freejobalert.com/articles/kea-ksrp-police-constable-recruitment-2026-apply-online-for-2314-posts-3057919,,,Not Applied,Unverified,aggregator:freejobalert.com,2026-08-07T17:31:42,0.3,Low,Found via aggregator - needs official confirmation,"aggregator,freejobalert,karnataka",2026-08-07T03:36:47,2026-08-31T06:03:44,,New
97986c70fc48,SBI SCO Specialist Cadre Officer Online Form 2026,,,SBI SCO Specialist Cadre Officer Online Form 2026,,,,,,Karnataka,Karnataka,Job,,,,,,,https://www.freejobalert.com/articles/sbi-sco-specialist-cadre-officer-recruitment-2026-3061889,,,Not Applied,Unverified,aggregator:freejobalert.com,2026-08-25T07:37:34,0.3,Low,Found via aggregator - needs official confirmation,"aggregator,freejobalert",2026-08-07T07:59:17,2026-08-31T06:03:44,,New
b0b955b34175,Bank of Baroda 206 Professionals Online Form 2026,,,Bank of Baroda 206 Professionals Online Form 2026,,,,,206,Karnataka,Karnataka,Job,,,,,,,https://www.freejobalert.com/articles/bank-of-baroda-recruitment-2026-apply-online-for-206-manager-technical-manager-and-more-posts-3061669,,,Not Applied,Unverified,aggregator:freejobalert.com,2026-08-25T02:11:56,0.3,Low,Found via aggregator - needs official confirmation,"aggregator,freejobalert",2026-08-07T07:59:17,2026-08-31T06:03:44,,New
1371a9cd1e05,Army AOC 2615 Group C Recruitment 2026,,,Army AOC 2615 Group C,,,,,2615,Karnataka,Karnataka,Job,,,,,,,https://www.freejobalert.com/articles/army-aoc-group-c-recruitment-2026-apply-online-for-2615-mts-fireman-and-more-posts-3061871,,,Not Applied,Unverified,aggregator:freejobalert.com,2026-08-28T22:39:28,0.3,Low,Found via aggregator - needs official confirmation,"aggregator,freejobalert,karnataka",2026-08-07T07:59:17,2026-08-31T06:03:44,,New
1127236c7845,JSSC JILCCE Online Form 2026,,,JSSC JILCCE Online Form 2026,,,,,,Karnataka,Karnataka,Job,,,,,,,https://www.freejobalert.com/articles/jharkhand-jssc-jilcce-recruitment-2026-apply-online-for-326-health-supervisor-mpw-and-more-posts-3055454,,,Not Applied,Unverified,aggregator:freejobalert.com,2026-08-17T02:11:32,0.3,Low,Found via aggregator - needs official confirmation,"aggregator,freejobalert",2026-08-07T07:59:17,2026-08-31T06:03:44,,New
163acb20a3fd,HPPSC HP 734 Police Constable Online Form 2026,,,HPPSC HP 734 Police Constable Online Form 2026,,,,,734,Karnataka,Karnataka,Job,,,,,,,https://www.freejobalert.com/articles/hppsc-police-constable-recruitment-2026-apply-online-for-734-posts-3057549,,,Not Applied,Unverified,aggregator:freejobalert.com,2026-08-27T22:36:41,0.3,Low,Found via aggregator - needs official confirmation,"aggregator,freejobalert",2026-08-07T07:59:17,2026-08-31T06:03:44,,New
0b274845fd55,IOCL 433 Apprentice Online Form 2026,,,IOCL 433 Apprentice Online Form 2026,,,,,433,Karnataka,Karnataka,Apprenticeship,,,,,,,https://www.freejobalert.com/articles/iocl-apprentice-recruitment-2026-apply-online-for-433-technician-graduate-and-trade-apprentice-posts-3061929,,,Not Applied,Unverified,aggregator:freejobalert.com,2026-08-31T06:03:43,0.3,Low,Found via aggregator - needs official confirmation,"aggregator,freejobalert,karnataka",2026-08-07T07:59:17,2026-08-31T06:03:44,,New
6869e08549fd,HPPSC Police Constable Recruitment 2026: Apply Online for 734 Posts | Last Date 21-08-2026,,,HPPSC Police Constable,,,,,734,Himachal Pradesh,Himachal Pradesh,Job,,2026-08-21,,,,,https://www.indgovtjobs.in/2026/07/hppsc-police-constable-recruitment.html,,,Not Applied,Application Closed,aggregator:indgovtjobs.in,2026-08-14T08:05:07,0.3,Low,Found via aggregator - needs official confirmation,"aggregator,indgovtjobs.in,himachal pradesh jobs,police jobs",2026-08-07T07:59:19,2026-08-31T06:03:44,-10,Expired
92d106f624ac,Navodaya Vidyalaya Samiti Recruitment 2026 – Project Scientist-I & Accountant Posts,,,Navodaya Vidyalaya Samiti,,,,,,Uttar Pradesh,Uttar Pradesh,Job,,,,,,,https://www.indgovtjobs.in/2026/08/navodaya-vidyalaya-samiti-recruitment.html,,,Not Applied,Unverified,aggregator:indgovtjobs.in,2026-08-14T08:05:07,0.3,Low,Found via aggregator - needs official confirmation,"aggregator,indgovtjobs.in,accountant,scientist jobs,uttar pradesh jobs",2026-08-07T07:59:19,2026-08-31T06:03:44,,New
8172a926cdc7,AMTRON Recruitment 2026: Apply Online for 15 IT Professional Posts | Last Date 12-08-2026,,,AMTRON,,,,,,Assam,Assam,Job,,2026-08-12,,,,,https://www.indgovtjobs.in/2026/08/amtron-recruitment.html,,,Not Applied,Application Closed,aggregator:indgovtjobs.in,2026-08-18T13:31:39,0.7,Low,Found via aggregator - needs official confirmation,"aggregator,indgovtjobs.in,assam,engineer jobs,it jobs",2026-08-07T07:59:19,2026-08-31T06:03:44,-19,Expired
b6df827cf169,NALCO Medical Officer Recruitment 2026: Apply Online for 06 Posts | Last Date 16-08-2026,,,NALCO Medical Officer,,,,,06,All India,All India,Job,,2026-08-16,,,,,https://www.indgovtjobs.in/2026/08/nalco-medical-officer-recruitment.html,,,Not Applied,Application Closed,aggregator:indgovtjobs.in,2026-08-21T07:31:34,0.7,Low,Found via aggregator - needs official confirmation,"aggregator,indgovtjobs.in,medical jobs,nalco",2026-08-07T07:59:19,2026-08-31T06:03:44,-15,Expired
8463ebd38c44,Sainik School Kalikiri Teacher Recruitment 2026: Walk in Interview for TGT Posts,,,Sainik School Kalikiri Teacher,,,,,,Andhra Pradesh,Andhra Pradesh,Job,,,,,,,https://www.indgovtjobs.in/2026/08/sainik-school-kalikiri-teacher.html,,,Not Applied,Unverified,aggregator:indgovtjobs.in,2026-08-14T08:05:07,0.3,Low,Found via aggregator - needs official confirmation,"aggregator,indgovtjobs.in,andhra pradesh,sainik school,teacher jobs",2026-08-07T07:59:19,2026-08-31T06:03:44,,New
56d9b060032d,BSIP Scientist B Recruitment 2026: Notification for 19 Posts | Apply Online up to 04-09-2026,,,BSIP Scientist B,,,,,19,Uttar Pradesh,Uttar Pradesh,Job,,,,,,,https://www.indgovtjobs.in/2026/08/bsip-scientist-b-recruitment.html,,,Not Applied,Verified with Official Notification,aggregator:indgovtjobs.in,2026-08-21T02:15:37,0.7,Low,Found via aggregator - needs official confirmation,"aggregator,indgovtjobs.in,institute and university jobs,scientist jobs,uttar pradesh jobs",2026-08-07T07:59:19,2026-08-31T06:03:44,,New
a30830543584,ISRO HSFC:01:RMT:2026: Scientist/Engineer - SD,,Human Space Flight Centre (HSFC),ISRO,,,,,,All India,Human Space Flight Centre (HSFC),Job,2026-08-10,2026-08-30,,,https://www.isro.gov.in/ViewAllOpportunities.html,,https://www.isro.gov.in/ViewAllOpportunities.html,,,Not Applied,Application Closed,official:isro.gov.in,2026-08-31T06:03:42,0.85,Low,Advertisement HSFC:01:RMT:2026,"isro,space,central",2026-08-07T13:50:21,2026-08-31T06:03:44,-1,Expired
44978f55662b,IBPS: SBI Recruitment of Junior Associates (Customer Support & Sales) Registration From 07-Aug-2026,,Institute of Banking Personnel Selection,IBPS,,,,,,All India,All India,Exam,,,,,https://www.ibps.in/index.php/recruitment/,,https://ibpsreg.ibps.in/sbijasrdjl26/,,,Not Applied,Verified with Official Website,official:ibps.in,2026-08-27T10:15:43,0.85,Low,,"ibps,banking,central",2026-08-07T13:55:04,2026-08-31T06:03:44,,New
4792fde87c86,IBPS: SBI Recruitment of Junior Associates (Customer Support & Sales) 07-Aug-2026 27-Aug-2026,,Institute of Banking Personnel Selection,IBPS,,,,,,All India,All India,Exam,,,,,https://www.ibps.in/index.php/recruitment/,,https://ibpsreg.ibps.in/sbijasrdjl26/,,,Not Applied,Verified with Official Website,official:ibps.in,2026-08-27T10:15:43,0.85,Low,,"ibps,banking,central",2026-08-07T13:55:07,2026-08-31T06:03:44,,New
e3090447ed0b,IBPS: PNB Recruitment of Local Bank Officer in JMGS I 20-Jul-2026 16-Aug-2026,,Institute of Banking Personnel Selection,IBPS,,,,,,All India,All India,Exam,,,,,https://www.ibps.in/index.php/recruitment/,,https://ibpsreg.ibps.in/pnbjul26/,,,Not Applied,Verified with Official Website,official:ibps.in,2026-08-16T16:58:43,0.85,Low,,"ibps,banking,central",2026-08-07T13:55:07,2026-08-31T06:03:44,,New
4d880ced1b85,UPSC Various Vacancies Online Form 2026,,,UPSC,,,,,,Karnataka,Karnataka,Job,,,,,,,https://www.freejobalert.com/articles/upsc-recruitment-2026-apply-online-for-34-assistant-executive-engineer-research-officer-and-more-posts-3061953,,,Not Applied,Unverified,aggregator:freejobalert.com,2026-08-26T02:17:19,0.3,Low,Found via aggregator - needs official confirmation,"aggregator,freejobalert",2026-08-07T13:57:01,2026-08-31T06:03:44,,New
bea810dd777b,SBI 1538 Clerk (Junior Associate) Online Form 2026,,,SBI 1538 Clerk (Junior Associate) Online Form 2026,,,,,1538,Karnataka,Karnataka,Job,,,,,,,https://www.freejobalert.com/articles/sbi-clerk-recruitment-2026-apply-online-for-1538-junior-associate-posts-3061935,,,Not Applied,Unverified,aggregator:freejobalert.com,2026-08-25T07:37:34,0.3,Low,Found via aggregator - needs official confirmation,"aggregator,freejobalert",2026-08-07T13:57:01,2026-08-31T06:03:44,,New
ff8e277a9bb6,UKPSC Tax and Revenue Inspector Online Form 2026,,,UKPSC Tax and Revenue Inspector Online Form 2026,,,,,,Karnataka,Karnataka,Job,,,,,,,https://www.freejobalert.com/articles/ukpsc-tax-and-revenue-inspector-recruitment-2026-3058537,,,Not Applied,Unverified,aggregator:freejobalert.com,2026-08-17T07:40:01,0.3,Low,Found via aggregator - needs official confirmation,"aggregator,freejobalert",2026-08-07T13:57:01,2026-08-31T06:03:44,,New
5d76f992754c,HPRCA Clerk Online Form 2026,,,HPRCA Clerk Online Form 2026,,,,,,Karnataka,Karnataka,Job,,,,,,,https://www.freejobalert.com/articles/hprca-clerk-recruitment-2026-apply-online-for-40-posts-3061948,,,Not Applied,Unverified,aggregator:freejobalert.com,2026-08-17T02:11:32,0.3,Low,Found via aggregator - needs official confirmation,"aggregator,freejobalert",2026-08-07T13:57:01,2026-08-31T06:03:44,,New
37c3b1bb44cf,SBI Junior Associate Backlog Recruitment 2026: Apply Online for 1538 Posts | Last Date 27-08-2026,,,SBI Junior Associate Backlog,,,,,1538,All India,All India,Job,,2026-08-27,,,,,https://www.indgovtjobs.in/2026/08/sbi-junior-associate-backlog.html,,,Not Applied,Application Closed,aggregator:indgovtjobs.in,2026-08-07T13:57:34,0.3,Low,Found via aggregator - needs official confirmation,"aggregator,indgovtjobs.in,bank jobs,clerk jobs,new",2026-08-07T13:57:03,2026-08-31T06:03:44,-4,Expired
f8cb397f938d,"Army Ordnance Corps Recruitment 2026 Notification for 2615 MTS, Fireman and Other Posts | Apply Online up to 22-09-2026",,,Army Ordnance Corps,,,,,,All India,All India,Job,,,,,,,https://www.indgovtjobs.in/2026/08/army-ordnance-corps-recruitment.html,,,Not Applied,Unverified,aggregator:indgovtjobs.in,2026-08-15T02:04:31,0.3,Low,Found via aggregator - needs official confirmation,"aggregator,indgovtjobs.in,assistants,defence jobs,fireman,indian army",2026-08-07T13:57:03,2026-08-31T06:03:44,,New
f77578cd6760,"TSLPRB Police Constable Recruitment 2026: Apply Online for 7112 Constable, Fire Fighter, Warder Posts",,,TSLPRB Police Constable,,,,,,Telangana,Telangana,Job,,,,,,,https://www.indgovtjobs.in/2026/08/tslprb-police-constable-recruitment.html,,,Not Applied,Unverified,aggregator:indgovtjobs.in,2026-08-15T02:04:31,0.3,Low,Found via aggregator - needs official confirmation,"aggregator,indgovtjobs.in,fire and safety,police jobs,telangana jobs",2026-08-07T13:57:03,2026-08-31T06:03:44,,New
532c105ffcf8,"Apprentice Government Jobs 2026 (12585+ Vacancies for Fresher ITI, Diploma, Graduates)",,,Apprentice Government Jobs 2026 (12585+ Vacancies for Freshe,,,,,12585,All India,All India,Apprenticeship,,,,,,,https://www.indgovtjobs.in/2017/04/Apprentice-Jobs.html,,,Not Applied,Unverified,aggregator:indgovtjobs.in,2026-08-10T14:03:35,0.3,Low,Found via aggregator - needs official confirmation,"aggregator,indgovtjobs.in,apprenticeship training,top pages",2026-08-07T13:57:03,2026-08-31T06:03:44,,New
b945e478feb1,"Telangana Police Recruitment 2026 – Notification for 325 SI, Constable, ASI & Fire Officer Posts | Apply Online up to 09-09-2026",,,Telangana Police,,,,,,Telangana,Telangana,Job,,,,,,,https://www.indgovtjobs.in/2026/07/telangana-police-recruitment.html,,,Not Applied,Unverified,aggregator:indgovtjobs.in,2026-08-15T02:04:31,0.3,Low,Found via aggregator - needs official confirmation,"aggregator,indgovtjobs.in,police jobs,telangana jobs,upcoming",2026-08-07T13:57:03,2026-08-31T06:03:44,,New
5d51c634d72f,IOCL Marketing Division Apprentice Recruitment 2026 – Notification for 433 Posts | Apply Online up to 06-09-2026,,,IOCL Marketing Division Apprentice,,,,,433,Chandigarh,Chandigarh,Apprenticeship,,,,,,,https://www.indgovtjobs.in/2026/08/iocl-marketing-division-apprentice.html,,,Not Applied,Unverified,aggregator:indgovtjobs.in,2026-08-15T02:04:31,0.3,Low,Found via aggregator - needs official confirmation,"aggregator,indgovtjobs.in,apprenticeship training,chandigarh jobs,delhi jobs,diploma jobs",2026-08-07T13:57:03,2026-08-31T06:03:44,,New
1bb223ced4ef,SBI Junior Associates Backlog Recruitment 2026: Apply Online for 1538 Clerk Posts | Last Date 27-08-2026,,,SBI Junior Associates Backlog,,,,,,All India,All India,Job,,2026-08-27,,,,,https://www.indgovtjobs.in/2026/08/sbi-junior-associate-backlog.html,,,Not Applied,Application Closed,aggregator:indgovtjobs.in,2026-08-15T13:15:54,0.3,Low,Found via aggregator - needs official confirmation,"aggregator,indgovtjobs.in,bank jobs,clerk jobs,new",2026-08-07T17:31:08,2026-08-31T06:03:44,-4,Expired
c5024714804a,SBI Specialist Cadre Officer Recruitment 2026 – Apply Online for 38 Various Posts | Last Date 27-08-2026,,,SBI Specialist Cadre Officer,,,,,,All India,All India,Job,,2026-08-27,,,,,https://www.indgovtjobs.in/2026/08/sbi-specialist-cadre-officer.html,,,Not Applied,Application Closed,aggregator:indgovtjobs.in,2026-08-31T06:03:44,0.7,Low,Found via aggregator - needs official confirmation,"aggregator,indgovtjobs.in,bank jobs,engineer jobs,officer jobs,top level jobs",2026-08-07T17:31:08,2026-08-31T06:03:44,-4,Expired
17c490c7740f,10 AUG KEA KSRP 2314 Police Constable Online Form 2026 Closing Soon,,,10 AUG KEA KSRP 2314 Police Constable Online Form 2026 Closi,,,,,10,Karnataka,Karnataka,Job,,,,,,,https://www.freejobalert.com/articles/kea-ksrp-police-constable-recruitment-2026-apply-online-for-2314-posts-3057919,,,Not Applied,Unverified,aggregator:freejobalert.com,2026-08-10T17:33:23,0.3,Low,Found via aggregator - needs official confirmation,"aggregator,freejobalert,karnataka",2026-08-08T02:35:17,2026-08-31T06:03:44,,New
763b530ff22d,11 AUG NLC India 1235 Apprentice Online Form 2026 Apply Now,,,11 AUG NLC India 1235 Apprentice Online Form 2026 Apply Now,,,,,11,Karnataka,Karnataka,Apprenticeship,,,,,,,https://www.freejobalert.com/articles/nlc-india-apprentice-recruitment-2026-apply-online-for-1235-posts-3060734,,,Not Applied,Unverified,aggregator:freejobalert.com,2026-08-08T17:10:18,0.3,Low,Found via aggregator - needs official confirmation,"aggregator,freejobalert,karnataka",2026-08-08T02:35:17,2026-08-31T06:03:44,,New
892a3fd92f74,IOB 250 Local Bank Officer Online Form 2026,,,IOB 250 Local Bank Officer Online Form 2026,,,,,250,Karnataka,Karnataka,Job,,,,,,,https://www.freejobalert.com/articles/indian-overseas-bank-lbo-recruitment-2026-apply-online-for-250-local-bank-officer-posts-3061995,,,Not Applied,Unverified,aggregator:freejobalert.com,2026-08-24T17:13:24,0.3,Low,Found via aggregator - needs official confirmation,"aggregator,freejobalert",2026-08-08T07:36:36,2026-08-31T06:03:44,,New
a726907ab00d,ISRO HSFC Vacancy 2026 - 06 Scientist/ Engineer SD PostsISRO HSFC Scientist/ Engineer SD Vacancy 2026,,,ISRO HSFC,,,,,06,Karnataka,Karnataka,Job,,,,,,,https://www.freejobalert.com/articles/isro-hsfc-scientist-engineer-sd-recruitment-2026-apply-online-for-06-posts-3062025,,,Not Applied,Unverified,aggregator:freejobalert.com,2026-08-30T17:02:23,0.3,Low,Found via aggregator - needs official confirmation,"aggregator,freejobalert,karnataka",2026-08-08T07:36:36,2026-08-31T06:03:44,,New
b5ff8a99e219,IOB Vacancy 2026 - 250 Local Bank Officer PostsIOB Local Bank Officer Vacancy 2026,,,IOB,,,,,250,Karnataka,Karnataka,Job,,,,,,,https://www.freejobalert.com/articles/indian-overseas-bank-lbo-recruitment-2026-apply-online-for-250-local-bank-officer-posts-3061995,,,Not Applied,Unverified,aggregator:freejobalert.com,2026-08-24T17:13:24,0.3,Low,Found via aggregator - needs official confirmation,"aggregator,freejobalert,karnataka",2026-08-08T07:36:36,2026-08-31T06:03:44,,New
0cacf1b5a009,"HP High Court 388 Clerk, Peon & More Online Form 2026",,,"HP High Court 388 Clerk, Peon & More Online Form 2026",,,,,388,Karnataka,Karnataka,Job,,,,,,,https://www.freejobalert.com/articles/hp-high-court-recruitment-2026-notification-out-apply-online-for-388-clerk-peon-stenographer-and-more-posts-3062005,,,Not Applied,Unverified,aggregator:freejobalert.com,2026-08-18T02:05:45,0.3,Low,Found via aggregator - needs official confirmation,"aggregator,freejobalert",2026-08-08T07:36:36,2026-08-31T06:03:44,,New
b4abf97b108f,"KEA 233 Nursing Officer, Pharmacy Officer Online Form 2026",,,"KEA 233 Nursing Officer, Pharmacy Officer Online Form 2026",,,,,233,Karnataka,Karnataka,Job,,,,,,,https://www.freejobalert.com/articles/kea-recruitment-2026-apply-online-for-233-nursing-officer-pharmacy-officer-posts-3062113,,,Not Applied,Unverified,aggregator:freejobalert.com,2026-08-19T02:08:54,0.3,Low,Found via aggregator - needs official confirmation,"aggregator,freejobalert,karnataka",2026-08-08T13:34:13,2026-08-31T06:03:44,,New
5237df0e1914,"KEA Vacancy 2026 - 233 Nursing Officer, Pharmacy Officer PostsKEA Vacancy 2026",,,KEA,,,,,233,Karnataka,Karnataka,Job,,,,,,,https://www.freejobalert.com/articles/kea-recruitment-2026-apply-online-for-233-nursing-officer-pharmacy-officer-posts-3062113,,,Not Applied,Unverified,aggregator:freejobalert.com,2026-08-30T17:02:23,0.3,Low,Found via aggregator - needs official confirmation,"aggregator,freejobalert,karnataka",2026-08-08T13:34:13,2026-08-31T06:03:44,,New
c982f61d04d3,CG Vyapam 1654 Teacher Online Form 2026,,,CG Vyapam 1654 Teacher Online Form 2026,,,,,1654,Karnataka,Karnataka,Job,,,,,,,https://www.freejobalert.com/articles/cg-vyapam-teacher-recruitment-2026-apply-online-for-1654-posts-3062104,,,Not Applied,Unverified,aggregator:freejobalert.com,2026-08-18T02:05:45,0.3,Low,Found via aggregator - needs official confirmation,"aggregator,freejobalert",2026-08-08T13:34:13,2026-08-31T06:03:44,,New
8ccb0d78c9e0,NDSA Young Professional Recruitment 2026: Apply for 02 Posts | Last Date 22-08-2026,,,NDSA Young Professional,,,,,02,Delhi,Delhi,Job,,2026-08-22,,,,,https://www.indgovtjobs.in/2026/08/ndsa-young-professional-recruitment.html,,,Not Applied,Application Closed,aggregator:indgovtjobs.in,2026-08-28T22:39:28,0.7,Low,Found via aggregator - needs official confirmation,"aggregator,indgovtjobs.in,delhi jobs,young professionals",2026-08-08T13:34:14,2026-08-31T06:03:44,-9,Expired
92c2c556efc8,UPSC Advertisement No.10/2026: Notification for 34 Posts | Apply Online up to 04-09-2026,,,UPSC Advertisement No.10/2026: Notification for 34 Posts | A,,,,,34,All India,All India,Job,,,,,,,https://www.indgovtjobs.in/2026/08/upsc-advertisement-no-10-2026.html,,,Not Applied,Unverified,aggregator:indgovtjobs.in,2026-08-17T07:40:01,0.3,Low,Found via aggregator - needs official confirmation,"aggregator,indgovtjobs.in,assistants,engineer jobs,new,officer jobs",2026-08-08T13:34:14,2026-08-31T06:03:44,,New
ae28c744d8ce,11 AUG NLC India 1235 Apprentice Online Form 2026 Closing Soon,,,11 AUG NLC India 1235 Apprentice Online Form 2026 Closing So,,,,,11,Karnataka,Karnataka,Apprenticeship,,,,,,,https://www.freejobalert.com/articles/nlc-india-apprentice-recruitment-2026-apply-online-for-1235-posts-3060734,,,Not Applied,Unverified,aggregator:freejobalert.com,2026-08-11T17:35:52,0.3,Low,Found via aggregator - needs official confirmation,"aggregator,freejobalert,karnataka",2026-08-09T02:42:30,2026-08-31T06:03:44,,New
d8133ab4dbef,12 AUG IOCL Panipat Apprentice Online Form 2026 Apply Now,,,12 AUG IOCL Panipat Apprentice Online Form 2026 Apply Now,,,,,12,Karnataka,Karnataka,Apprenticeship,,,,,,,https://www.freejobalert.com/articles/iocl-panipat-refinery-apprentices-recruitment-2026-apply-online-for-1450-posts-3058245,,,Not Applied,Unverified,aggregator:freejobalert.com,2026-08-09T17:12:58,0.3,Low,Found via aggregator - needs official confirmation,"aggregator,freejobalert,karnataka",2026-08-09T02:42:30,2026-08-31T06:03:44,,New
344a860b52f0,BRIC Scientist Recruitment 2026 – Apply Online for 05 Posts | Last Date 09-08-2026,,,BRIC Scientist,,,,,05,Odisha,Odisha,Job,,2026-08-09,,,,,https://www.indgovtjobs.in/2026/07/bric-scientist-recruitment-2026.html,,,Not Applied,Application Closed,aggregator:indgovtjobs.in,2026-08-15T13:15:54,0.3,Low,Found via aggregator - needs official confirmation,"aggregator,indgovtjobs.in,odisha jobs,scientist jobs",2026-08-09T02:42:31,2026-08-31T06:03:44,-22,Expired
a37dcd1ac73e,IIT Mandi Registrar Recruitment 2026: Apply Online for 04 Posts | Last Date 28-08-2026,,,IIT Mandi Registrar,,,,,04,Himachal Pradesh,Himachal Pradesh,Job,,2026-08-28,,,,,https://www.indgovtjobs.in/2026/08/iit-mandi-registrar-recruitment.html,,,Not Applied,Application Closed,aggregator:indgovtjobs.in,2026-08-31T06:03:44,0.7,Low,Found via aggregator - needs official confirmation,"aggregator,indgovtjobs.in,himachal pradesh jobs,institute and university jobs",2026-08-09T07:40:11,2026-08-31T06:03:44,-3,Expired
f8cb23f0dc63,IIT Mandi Non Teaching Recruitment 2026: Apply Online for 11 Posts | Last Date 10-08-2026,,,IIT Mandi Non Teaching,,,,,11,Himachal Pradesh,Himachal Pradesh,Job,,2026-08-10,,,,,https://www.indgovtjobs.in/2026/08/iit-mandi-non-teaching-recruitment.html,,,Not Applied,Application Closed,aggregator:indgovtjobs.in,2026-08-17T02:11:32,0.3,Low,Found via aggregator - needs official confirmation,"aggregator,indgovtjobs.in,engineer jobs,himachal pradesh jobs,institute and university jobs,medical jobs",2026-08-09T07:40:11,2026-08-31T06:03:44,-21,Expired
e987fb6db4ad,Rajasthan High Court Stenographer Recruitment 2026: Apply Online for 163 Posts | Last Date 10-08-2026,,,Rajasthan High Court Stenographer,,,,,163,Rajasthan,Rajasthan,Job,,2026-08-10,,,,,https://www.indgovtjobs.in/2026/07/rajasthan-high-court-stenographer.html,,,Not Applied,Application Closed,aggregator:indgovtjobs.in,2026-08-17T02:11:32,0.3,Low,Found via aggregator - needs official confirmation,"aggregator,indgovtjobs.in,high court vacancies,rajasthan jobs,stenographer jobs",2026-08-09T13:37:41,2026-08-31T06:03:44,-21,Expired
5ebcefa6d3b5,12 AUG IOCL Panipat Apprentice Online Form 2026 Closing Soon,,,12 AUG IOCL Panipat Apprentice Online Form 2026 Closing Soon,,,,,12,Karnataka,Karnataka,Apprenticeship,,,,,,,https://www.freejobalert.com/articles/iocl-panipat-refinery-apprentices-recruitment-2026-apply-online-for-1450-posts-3058245,,,Not Applied,Unverified,aggregator:freejobalert.com,2026-08-12T17:37:18,0.3,Low,Found via aggregator - needs official confirmation,"aggregator,freejobalert,karnataka",2026-08-10T02:48:18,2026-08-31T06:03:44,,New
1956afb14956,IBPS: GPCB Recruitment of Clerk Registration From 10-Aug-2026,,Institute of Banking Personnel Selection,IBPS,,,,,,All India,All India,Exam,,,,,https://www.ibps.in/index.php/recruitment/,,https://ibpsreg.ibps.in/gpcbmay26/,,,Not Applied,Verified with Official Website,official:ibps.in,2026-08-31T06:03:42,0.85,Low,,"ibps,banking,central",2026-08-10T08:18:52,2026-08-31T06:03:44,,New
113e981fe356,IBPS: AAI Recruitment of Managers and Junior Executives Registration From 08-Aug-2026,,Institute of Banking Personnel Selection,IBPS,,,,,,All India,All India,Exam,,,,,https://www.ibps.in/index.php/recruitment/,,https://ibpsreg.ibps.in/aaioct25/,,,Not Applied,Verified with Official Website,official:ibps.in,2026-08-31T06:03:42,0.85,Low,,"ibps,banking,central",2026-08-10T08:18:52,2026-08-31T06:03:44,,New
a24b428c4036,IBPS: AIIMS Recruitment to Various Group-A Non-Faculty Posts Registration From 08-Aug-2026,,Institute of Banking Personnel Selection,IBPS,,,,,,All India,All India,Exam,,,,,https://www.ibps.in/index.php/recruitment/,,https://ibpsreg.ibps.in/aiimsjul26/,,,Not Applied,Verified with Official Website,official:ibps.in,2026-08-31T06:03:42,0.85,Low,,"ibps,banking,central",2026-08-10T08:18:52,2026-08-31T06:03:44,,New
18efc842e538,IBPS: IOB Recruitment of Local Bank Officer in JMGS - I Registration From 08-Aug-2026,,Institute of Banking Personnel Selection,IBPS,,,,,,All India,All India,Exam,,,,,https://www.ibps.in/index.php/recruitment/,,https://ibpsreg.ibps.in/iobjul26/,,,Not Applied,Verified with Official Website,official:ibps.in,2026-08-24T07:48:32,0.85,Low,,"ibps,banking,central",2026-08-10T08:18:52,2026-08-31T06:03:44,,New
ef810dbe6d19,IBPS: RCF Recruitment of Management Trainees Registration From 08-Aug-2025,,Institute of Banking Personnel Selection,IBPS,,,,,,All India,All India,Exam,,,,,https://www.ibps.in/index.php/recruitment/,,https://ibpsreg.ibps.in/rcfmtfeb26/,,,Not Applied,Verified with Official Website,official:ibps.in,2026-08-31T06:03:42,0.85,Low,,"ibps,banking,central",2026-08-10T08:18:52,2026-08-31T06:03:44,,New
6844612a685d,IBPS: GPCB Recruitment of Clerk 10-Aug-2026 31-Aug-2026,,Institute of Banking Personnel Selection,IBPS,,,,,,All India,All India,Exam,,,,,https://www.ibps.in/index.php/recruitment/,,https://ibpsreg.ibps.in/gpcbmay26/,,,Not Applied,Verified with Official Website,official:ibps.in,2026-08-31T06:03:42,0.85,Low,,"ibps,banking,central",2026-08-10T08:18:54,2026-08-31T06:03:44,,New
e6841bae2885,IBPS: AAI Recruitment of Managers and Junior Executives 08-Aug-2026 07-Sep-2026,,Institute of Banking Personnel Selection,IBPS,,,,,,All India,All India,Exam,,,,,https://www.ibps.in/index.php/recruitment/,,https://ibpsreg.ibps.in/aaioct25/,,,Not Applied,Verified with Official Website,official:ibps.in,2026-08-31T06:03:42,0.85,Low,,"ibps,banking,central",2026-08-10T08:18:54,2026-08-31T06:03:44,,New
81894cef797a,IBPS: AIIMS Recruitment to Various Group-A Non-Faculty Posts 08-Aug-2026 07-Sep-2026,,Institute of Banking Personnel Selection,IBPS,,,,,,All India,All India,Exam,,,,,https://www.ibps.in/index.php/recruitment/,,https://ibpsreg.ibps.in/aiimsjul26/,,,Not Applied,Verified with Official Website,official:ibps.in,2026-08-31T06:03:42,0.85,Low,,"ibps,banking,central",2026-08-10T08:18:54,2026-08-31T06:03:44,,New
8263893215f9,IBPS: IOB Recruitment of Local Bank Officer in JMGS - I 08-Aug-2026 24-Aug-2026,,Institute of Banking Personnel Selection,IBPS,,,,,,All India,All India,Exam,,,,,https://www.ibps.in/index.php/recruitment/,,https://ibpsreg.ibps.in/iobjul26/,,,Not Applied,Verified with Official Website,official:ibps.in,2026-08-24T07:48:32,0.85,Low,,"ibps,banking,central",2026-08-10T08:18:54,2026-08-31T06:03:44,,New
27c446b9454e,IBPS: RCF Recruitment of Management Trainees 08-Aug-2025 24-Aug-2026,,Institute of Banking Personnel Selection,IBPS,,,,,,All India,All India,Exam,,,,,https://www.ibps.in/index.php/recruitment/,,https://ibpsreg.ibps.in/rcfmtfeb26/,,,Not Applied,Verified with Official Website,official:ibps.in,2026-08-24T07:48:32,0.85,Low,,"ibps,banking,central",2026-08-10T08:18:54,2026-08-31T06:03:44,,New
1def8fff2918,RCF Kapurthala 734 Apprentice Online Form 2026,,,RCF Kapurthala 734 Apprentice Online Form 2026,,,,,734,Karnataka,Karnataka,Apprenticeship,,,,,,,https://www.freejobalert.com/articles/rcf-kapurthala-apprentice-recruitment-2026-apply-online-for-734-posts-3062145,,,Not Applied,Unverified,aggregator:freejobalert.com,2026-08-27T22:36:41,0.3,Low,Found via aggregator - needs official confirmation,"aggregator,freejobalert",2026-08-10T08:20:37,2026-08-31T06:03:44,,New
313d510df6b3,ICF 1010 Act Apprentice Online Form 2026,,,ICF 1010 Act Apprentice Online Form 2026,,,,,1010,Karnataka,Karnataka,Apprenticeship,,,,,,,https://www.freejobalert.com/articles/icf-act-apprentice-recruitment-2026-apply-online-for-1010-posts-3062144,,,Not Applied,Unverified,aggregator:freejobalert.com,2026-08-30T17:02:23,0.3,Low,Found via aggregator - needs official confirmation,"aggregator,freejobalert",2026-08-10T08:20:37,2026-08-31T06:03:44,,New
8334896a9a79,"VAMNICOM Officer Recruitment 2026 – Apply Online, Notification",,,VAMNICOM Officer,,,,,,Maharashtra,Maharashtra,Job,,,,,,,https://www.indgovtjobs.in/2026/08/vamnicom-officer-recruitment.html,,,Not Applied,Verified with Official Notification,aggregator:indgovtjobs.in,2026-08-18T02:05:46,0.7,Low,Found via aggregator - needs official confirmation,"aggregator,indgovtjobs.in,maharashtra jobs,officer jobs,pune jobs",2026-08-10T08:20:39,2026-08-31T06:03:44,,New
3ecdb83df7c5,Indian Institute of Packaging Recruitment 2026: Apply for 20 Technical & Non Technical Posts | Last Date 22-08-2026,,,Indian Institute of Packaging,,,,,,Delhi,Delhi,Job,,2026-08-22,,,,,https://www.indgovtjobs.in/2026/08/indian-institute-of-packaging.html,,,Not Applied,Application Closed,aggregator:indgovtjobs.in,2026-08-29T07:24:35,0.7,Low,Found via aggregator - needs official confirmation,"aggregator,indgovtjobs.in,assistants,delhi jobs,faculty jobs,institute and university jobs",2026-08-10T08:20:39,2026-08-31T06:03:44,-9,Expired
75f7fed37125,IBPS: Online Pre-Examination Training for SC/ST/OBC/Minority Communities Candidates who Opted for PET under CRP-PO/MTs-XVI,,Institute of Banking Personnel Selection,IBPS,,,,,,All India,All India,Exam,,,,,https://www.ibps.in/index.php/recruitment/,,https://ibpsonline.ibps.in/crppoxvipet/login.php?appid=66f2b7db8e6b1a9655c3c924093e384b,,,Not Applied,Verified with Official Website,official:ibps.in,2026-08-15T16:58:31,0.85,Low,,"ibps,banking,central",2026-08-10T14:01:15,2026-08-31T06:03:44,,New
052608c7f387,HAL Vacancy 2026 - 1 Visiting Consultant PostsHAL Visiting Consultant Vacancy 2026,,,HAL,,,,,,Karnataka,Karnataka,Job,,,,,,,https://www.freejobalert.com/articles/hal-visiting-consultant-recruitment-2026-apply-offline-3062204,,,Not Applied,Unverified,aggregator:freejobalert.com,2026-08-24T17:13:24,0.3,Low,Found via aggregator - needs official confirmation,"aggregator,freejobalert,karnataka",2026-08-10T14:03:05,2026-08-31T06:03:44,,New
8218a5b32681,"SSPL DRDO Apprentice Recruitment 2026: Apply for 41 ITI, Diploma & Graduate Posts | Last Date 21-08-2026",,,SSPL DRDO Apprentice,,,,,,All India,All India,Apprenticeship,,2026-08-21,,,,,https://www.indgovtjobs.in/2026/08/sspl-drdo-apprentice-recruitment.html,,,Not Applied,Application Closed,aggregator:indgovtjobs.in,2026-08-18T07:27:15,0.7,Low,Found via aggregator - needs official confirmation,"aggregator,indgovtjobs.in,apprenticeship training,defence jobs,diploma jobs,iti jobs",2026-08-10T14:03:06,2026-08-31T06:03:44,-10,Expired
4bd866b58798,DRDL Hyderabad Paid Internship Recruitment 2026: Apply for 168 Posts | Last Date 16-08-2026,,,DRDL Hyderabad Paid Internship,,,,,168,Telangana,Telangana,Job,,2026-08-16,,,,,https://www.indgovtjobs.in/2026/08/drdl-hyderabad-paid-internship.html,,,Not Applied,Application Closed,aggregator:indgovtjobs.in,2026-08-21T07:31:34,0.7,Low,Found via aggregator - needs official confirmation,"aggregator,indgovtjobs.in,defence jobs,engineer jobs,hyderabad jobs,internship",2026-08-10T14:03:06,2026-08-31T06:03:44,-15,Expired
a0ac3860ceec,HEMRL Pune Apprentice Recruitment 2026: Notification for 50 Posts | Last Date 28-08-2026,,,HEMRL Pune Apprentice,,,,,50,Maharashtra,Maharashtra,Apprenticeship,,2026-08-28,,,,,https://www.indgovtjobs.in/2026/08/hemrl-pune-apprentice-recruitment-2026.html,,,Not Applied,Application Closed,aggregator:indgovtjobs.in,2026-08-18T02:05:46,0.7,Low,Found via aggregator - needs official confirmation,"aggregator,indgovtjobs.in,apprenticeship training,defence jobs,pune jobs",2026-08-10T14:03:06,2026-08-31T06:03:44,-3,Expired
7859ca908699,"ISRO Assistant JPA UDC Steno Recruitment 2026 – Apply Online for 242 Posts, Notification | Last Date 16-08-2026",,,ISRO Assistant JPA UDC Steno,,,,,242,All India,All India,Job,,2026-08-16,,,,,https://www.indgovtjobs.in/2026/07/isro-assistant-jpa-udc-steno.html,,,Not Applied,Application Closed,aggregator:indgovtjobs.in,2026-08-13T08:08:46,0.3,Low,Found via aggregator - needs official confirmation,"aggregator,indgovtjobs.in,assistants,clerk jobs,isro jobs,new",2026-08-10T14:03:06,2026-08-31T06:03:44,-15,Expired
335ce83c585b,"Apprentice Govt Jobs 2026 – 11303+ ITI, Diploma, Graduate Vacancies",,,"Apprentice Govt Jobs 2026 – 11303+ ITI, Diploma, Graduate Va",,,,,,All India,All India,Apprenticeship,,,,,,,https://www.indgovtjobs.in/2017/04/Apprentice-Jobs.html,,,Not Applied,Unverified,aggregator:indgovtjobs.in,2026-08-14T08:05:07,0.3,Low,Found via aggregator - needs official confirmation,"aggregator,indgovtjobs.in,apprenticeship training,top pages",2026-08-10T17:32:53,2026-08-31T06:03:44,,New
bdc17f09ed52,13 AUG KEA KREIS 1087 Teacher Online Form 2026 Closing Soon,,,13 AUG KEA KREIS 1087 Teacher Online Form 2026 Closing Soon,,,,,13,Karnataka,Karnataka,Job,,,,,,,https://www.freejobalert.com/articles/kea-kreis-teacher-recruitment-2026-apply-online-for-1087-posts-3057838,,,Not Applied,Unverified,aggregator:freejobalert.com,2026-08-13T17:36:25,0.3,Low,Found via aggregator - needs official confirmation,"aggregator,freejobalert,karnataka",2026-08-11T02:41:57,2026-08-31T06:03:44,,New
e5a1c65a9f07,BHEL Vacancy 2026 - 16 Project Engineers PostsBHEL Project Engineers Vacancy 2026,,,BHEL,,,,,16,Karnataka,Karnataka,Job,,,,,,,https://www.freejobalert.com/articles/bhel-project-engineers-recruitment-2026-apply-online-for-16-posts-3062272,,,Not Applied,Unverified,aggregator:freejobalert.com,2026-08-22T16:58:33,0.3,Low,Found via aggregator - needs official confirmation,"aggregator,freejobalert,karnataka",2026-08-11T07:53:16,2026-08-31T06:03:44,,New
04b62c80d73b,UPSSSC 1251 Livestock Extension Officer Online Form 2026,,,UPSSSC 1251 Livestock Extension Officer Online Form 2026,,,,,1251,Karnataka,Karnataka,Job,,,,,,,https://www.freejobalert.com/articles/upsssc-livestock-extension-officer-recruitment-2026-apply-online-for-1251-posts-3062262,,,Not Applied,Unverified,aggregator:freejobalert.com,2026-08-18T07:27:15,0.3,Low,Found via aggregator - needs official confirmation,"aggregator,freejobalert",2026-08-11T07:53:16,2026-08-31T06:03:44,,New
3d81492594e8,"BRIC NIAB JRF Recruitment 2026: Apply Online, Notification | Last Date 17-08-2026",,,BRIC NIAB JRF,,,,,,All India,All India,Job,,2026-08-17,,,,,https://www.indgovtjobs.in/2026/08/bric-niab-jrf-recruitment.html,,,Not Applied,Application Closed,aggregator:indgovtjobs.in,2026-08-23T17:00:42,0.7,Low,Found via aggregator - needs official confirmation,"aggregator,indgovtjobs.in,hyderabad jobs,research jobs",2026-08-11T07:53:19,2026-08-31T06:03:44,-14,Expired
e026a6b6f17e,KEA Vacancy 2026 - Karnataka State Eligibility Test PostsKEA Karnataka State Eligibility Test Vacancy 2026,,,KEA,,,,,,Karnataka,Karnataka,Job,,,,,,,https://www.freejobalert.com/articles/kea-kset-2026-notification-karnataka-state-eligibility-test-for-assistant-professors-3062382,,,Not Applied,Unverified,aggregator:freejobalert.com,2026-08-31T06:03:42,0.3,Low,Found via aggregator - needs official confirmation,"aggregator,freejobalert,karnataka",2026-08-11T14:02:02,2026-08-31T06:03:44,,New
bd956f944645,SBI 9124 Clerk Online Form 2026,,,SBI 9124 Clerk Online Form 2026,,,,,9124,Karnataka,Karnataka,Job,,,,,,,https://www.freejobalert.com/articles/sbi-junior-associate-clerk-recruitment-2026-apply-online-for-9124-posts-3062434,,,Not Applied,Unverified,aggregator:freejobalert.com,2026-08-31T06:03:42,0.3,Low,Found via aggregator - needs official confirmation,"aggregator,freejobalert,karnataka",2026-08-11T14:02:02,2026-08-31T06:03:44,,New
082d951c9175,GPCB Bank Clerk Online Form 2026,,,GPCB Bank Clerk Online Form 2026,,,,,,Karnataka,Karnataka,Job,,,,,,,https://www.freejobalert.com/articles/gandevi-peoples-co-operative-bank-clerk-recruitment-2026-apply-online-for-13-posts-3062330,,,Not Applied,Unverified,aggregator:freejobalert.com,2026-08-20T02:07:21,0.3,Low,Found via aggregator - needs official confirmation,"aggregator,freejobalert",2026-08-11T14:02:02,2026-08-31T06:03:44,,New
2064b87be31e,Naval Ship Repair Yard Apprentice Online Form 2026,,,Naval Ship Repair Yard Apprentice Online Form 2026,,,,,,Karnataka,Karnataka,Apprenticeship,,,,,,,https://www.freejobalert.com/articles/naval-ship-repair-yard-apprentice-recruitment-2026-apply-online-for-50-electrician-machinist-and-more-posts-3062402,,,Not Applied,Unverified,aggregator:freejobalert.com,2026-08-26T02:17:19,0.3,Low,Found via aggregator - needs official confirmation,"aggregator,freejobalert",2026-08-11T14:02:02,2026-08-31T06:03:44,,New
1f59021c56be,KEA KSET Online Form 2026,,,KEA KSET Online Form 2026,,,,,,Karnataka,Karnataka,Job,,,,,,,https://www.freejobalert.com/articles/kea-kset-2026-notification-karnataka-state-eligibility-test-for-assistant-professors-3062382,,,Not Applied,Unverified,aggregator:freejobalert.com,2026-08-20T02:07:21,0.3,Low,Found via aggregator - needs official confirmation,"aggregator,freejobalert",2026-08-11T14:02:02,2026-08-31T06:03:44,,New
00fb8c18cd3b,Union Bank of India SO Recruitment 2026: Apply Online for 395 Posts | Last Date Extended 15-08-2026,,,Union Bank of India SO,,,,,395,All India,All India,Job,,,,,,,https://www.indgovtjobs.in/2026/07/union-bank-of-india-so-recruitment.html,,,Not Applied,Verified with Official Notification,aggregator:indgovtjobs.in,2026-08-20T13:35:19,0.7,Low,Found via aggregator - needs official confirmation,"aggregator,indgovtjobs.in,bank jobs,officer jobs",2026-08-11T14:02:04,2026-08-31T06:03:44,,New
09bf398d53d6,"ISRO 267 Assistant, JPA, UDC & Steno Online Form 2026",,,"ISRO 267 Assistant, JPA, UDC & Steno Online Form 2026",,,,,267,Karnataka,Karnataka,Job,,,,,,,https://www.freejobalert.com/articles/isro-recruitment-2026-assistant-udc-jpa-stenographer-3059587,,,Not Applied,Unverified,aggregator:freejobalert.com,2026-08-20T17:09:09,0.3,Low,Found via aggregator - needs official confirmation,"aggregator,freejobalert,karnataka",2026-08-12T08:06:27,2026-08-31T06:03:44,,New
440286c0da0d,Indbank Vacancy 2026 - 14 Relationship Manager and Dealer PostsIndbank Vacancy 2026,,,Indbank,,,,,14,Karnataka,Karnataka,Job,,,,,,,https://www.freejobalert.com/articles/indbank-recruitment-2026-apply-offline-for-14-relationship-manager-and-dealer-posts-3062563,,,Not Applied,Unverified,aggregator:freejobalert.com,2026-08-31T06:03:42,0.3,Low,Found via aggregator - needs official confirmation,"aggregator,freejobalert,karnataka",2026-08-12T08:06:27,2026-08-31T06:03:44,,New
65b5c2a331aa,Karnataka High Court Vacancy 2026 - 20 Second Division Assistant PostsKarnataka High Court Second Division Assistant Vacancy 2026,,,Karnataka High Court,,,,,20,Karnataka,Karnataka,Job,,,,,,,https://www.freejobalert.com/articles/karnataka-high-court-second-division-assistant-recruitment-2026-apply-online-for-20-posts-3062509,,,Not Applied,Unverified,aggregator:freejobalert.com,2026-08-31T06:03:42,0.3,Low,Found via aggregator - needs official confirmation,"aggregator,freejobalert,karnataka",2026-08-12T08:06:27,2026-08-31T06:03:44,,New
5b6d40d826c8,CSIR NAL Vacancy 2026 - 06 Multi Tasking Staff PostsCSIR NAL Multi Tasking Staff Vacancy 2026,,,CSIR NAL,,,,,06,Karnataka,Karnataka,Job,,,,,,,https://www.freejobalert.com/articles/csir-nal-multi-tasking-staff-recruitment-2026-apply-offline-3062549,,,Not Applied,Unverified,aggregator:freejobalert.com,2026-08-31T06:03:42,0.3,Low,Found via aggregator - needs official confirmation,"aggregator,freejobalert,karnataka",2026-08-12T08:06:27,2026-08-31T06:03:44,,New
c5f0237a07c6,"ISRO Vacancy 2026 - 267 UDC, Steno and More PostsISRO Vacancy 2026",,,ISRO,,,,,267,Karnataka,Karnataka,Job,,,,,,,https://www.freejobalert.com/articles/isro-recruitment-2026-assistant-udc-jpa-stenographer-3059587,,,Not Applied,Unverified,aggregator:freejobalert.com,2026-08-20T17:09:09,0.3,Low,Found via aggregator - needs official confirmation,"aggregator,freejobalert,karnataka",2026-08-12T08:06:27,2026-08-31T06:03:44,,New
9b46573bc6db,THDC Engineer Trainee Recruitment through GATE 2027 – Notification Out,,,THDC Engineer Trainee,,,,,,All India,All India,Exam,,,,,,,https://www.indgovtjobs.in/2026/08/thdc-engineer-trainee-recruitment.html,,,Not Applied,Verified with Official Notification,aggregator:indgovtjobs.in,2026-08-19T02:08:54,0.7,Low,Found via aggregator - needs official confirmation,"aggregator,indgovtjobs.in,engineer jobs,gate 2027 jobs,upcoming",2026-08-12T08:06:29,2026-08-31T06:03:44,,New
9e355130f9fd,IBPS: Important Notice dated 12.08.2026 for PwBD Category Candidates for CRP SPL-XVI,,Institute of Banking Personnel Selection,IBPS,,,,,,All India,All India,Exam,,,,,https://www.ibps.in/index.php/recruitment/,https://www.ibps.in/wp-content/uploads/Notice-clarification-for-PwD.pdf,https://www.ibps.in/wp-content/uploads/Notice-clarification-for-PwD.pdf,,,Not Applied,Verified with Official PDF,official:ibps.in,2026-08-14T08:05:06,0.95,Low,,"ibps,banking,central",2026-08-12T14:03:11,2026-08-31T06:03:44,,New
cd00fc824a00,IBPS: SBI Recruitment of Junior Associates Registration From 11-Aug-2026,,Institute of Banking Personnel Selection,IBPS,,,,,,All India,All India,Exam,,,,,https://www.ibps.in/index.php/recruitment/,,https://ibpsreg.ibps.in/sbijajul26/,,,Not Applied,Verified with Official Website,official:ibps.in,2026-08-31T06:03:42,0.85,Low,,"ibps,banking,central",2026-08-12T14:03:11,2026-08-31T06:03:44,,New
ef5511f11b8c,IBPS: SBI Recruitment of Junior Associates 11-Aug-2026 31-Aug-2026,,Institute of Banking Personnel Selection,IBPS,,,,,,All India,All India,Exam,,,,,https://www.ibps.in/index.php/recruitment/,,https://ibpsreg.ibps.in/sbijajul26/,,,Not Applied,Verified with Official Website,official:ibps.in,2026-08-31T06:03:42,0.85,Low,,"ibps,banking,central",2026-08-12T14:03:14,2026-08-31T06:03:44,,New
e7b2df5afc71,Karnataka 15000 Teacher Online Form 2026,,,Karnataka 15000 Teacher Online Form 2026,,,,,15000,Karnataka,Karnataka,Job,,,,,,,https://www.freejobalert.com/articles/karnataka-teacher-recruitment-2026-apply-online-for-15000-posts-3062634,,,Not Applied,Unverified,aggregator:freejobalert.com,2026-08-31T06:03:42,0.3,Low,Found via aggregator - needs official confirmation,"aggregator,freejobalert,karnataka",2026-08-12T14:04:57,2026-08-31T06:03:44,,New
d456e3fd5799,"UCSL Vacancy 2026 - 31 Assistant Manager, Supervisor and More Posts PostsUCSL Vacancy 2026",,,UCSL,,,,,31,Karnataka,Karnataka,Job,,,,,,,https://www.freejobalert.com/articles/ucsl-recruitment-2026-apply-online-for-31-assistant-manager-supervisor-and-more-posts-3062698,,,Not Applied,Unverified,aggregator:freejobalert.com,2026-08-31T06:03:42,0.3,Low,Found via aggregator - needs official confirmation,"aggregator,freejobalert,karnataka",2026-08-12T14:04:57,2026-08-31T06:03:44,,New
0b56fa5cba13,IIM Bangalore Vacancy 2026 - Senior Research Associate PostsIIM Bangalore Senior Research Associate Vacancy 2026,,,IIM Bangalore,,,,,,Karnataka,Karnataka,Job,,,,,,,https://www.freejobalert.com/articles/iim-bangalore-senior-research-associate-recruitment-2026-apply-online-3062652,,,Not Applied,Unverified,aggregator:freejobalert.com,2026-08-21T17:09:01,0.3,Low,Found via aggregator - needs official confirmation,"aggregator,freejobalert,karnataka",2026-08-12T14:04:57,2026-08-31T06:03:44,,New
9ba52ea05391,Karnataka Education Department Vacancy 2026 - 15000 Teacher PostsKarnataka Education Department Teacher Vacancy 2026,,,Karnataka Education Department,,,,,15000,Karnataka,Karnataka,Job,,,,,,,https://www.freejobalert.com/articles/karnataka-teacher-recruitment-2026-apply-online-for-15000-posts-3062634,,,Not Applied,Unverified,aggregator:freejobalert.com,2026-08-31T06:03:42,0.3,Low,Found via aggregator - needs official confirmation,"aggregator,freejobalert,karnataka",2026-08-12T14:04:57,2026-08-31T06:03:44,,New
a533694e0b94,WCD Yadgir Vacancy 2026 - 3 District Project Assistant and Block Co-ordinator PostsWCD Yadgir Vacancy 2026,,,WCD Yadgir,,,,,,Karnataka,Karnataka,Job,,,,,,,https://www.freejobalert.com/articles/wcd-yadgir-recruitment-2026-apply-offline-for-district-project-assistant-and-block-co-ordinator-posts-3062636,,,Not Applied,Unverified,aggregator:freejobalert.com,2026-08-25T17:15:24,0.3,Low,Found via aggregator - needs official confirmation,"aggregator,freejobalert,karnataka",2026-08-12T14:04:57,2026-08-31T06:03:44,,New
ca5504f2fe27,HAL Vacancy 2026 - 1 Trade Apprentice PostsHAL Trade Apprentice Vacancy 2026,,,HAL,,,,,,Karnataka,Karnataka,Apprenticeship,,,,,,,https://www.freejobalert.com/articles/hal-trade-apprentice-recruitment-2026-apply-offline-3062613,,,Not Applied,Unverified,aggregator:freejobalert.com,2026-08-31T06:03:42,0.3,Low,Found via aggregator - needs official confirmation,"aggregator,freejobalert,karnataka",2026-08-12T14:04:57,2026-08-31T06:03:44,,New
049ffe333a60,IIM Bangalore Vacancy 2026 - 1 Technical Assistant PostsIIM Bangalore Technical Assistant Vacancy 2026,,,IIM Bangalore,,,,,,Karnataka,Karnataka,Job,,,,,,,https://www.freejobalert.com/articles/iim-bangalore-technical-assistant-recruitment-2026-apply-online-3062605,,,Not Applied,Unverified,aggregator:freejobalert.com,2026-08-21T17:09:01,0.3,Low,Found via aggregator - needs official confirmation,"aggregator,freejobalert,karnataka",2026-08-12T14:04:57,2026-08-31T06:03:44,,New
9dabf4d496f6,"HLL Lifecare Vacancy 2026 - 4 Production Assistant, Senior Production Assistant PostsHLL Lifecare Vacancy 2026",,,HLL Lifecare,,,,,,Karnataka,Karnataka,Job,,,,,,,https://www.freejobalert.com/articles/hll-lifecare-recruitment-2026-apply-offline-for-senior-production-assistant-production-assistant-posts-3062580,,,Not Applied,Unverified,aggregator:freejobalert.com,2026-08-26T18:23:08,0.3,Low,Found via aggregator - needs official confirmation,"aggregator,freejobalert,karnataka",2026-08-12T14:04:57,2026-08-31T06:03:44,,New
51b703741264,SCCL 300 Apprentice Online Form 2026,,,SCCL 300 Apprentice Online Form 2026,,,,,300,Karnataka,Karnataka,Apprenticeship,,,,,,,https://www.freejobalert.com/articles/sccl-apprentice-recruitment-2026-apply-online-for-300-graduate-diploma-apprentice-posts-3062692,,,Not Applied,Unverified,aggregator:freejobalert.com,2026-08-16T16:58:43,0.3,Low,Found via aggregator - needs official confirmation,"aggregator,freejobalert",2026-08-12T14:04:57,2026-08-31T06:03:44,,New
82b7a5f4448c,CSL 139 Apprentice Online Form 2026,,,CSL 139 Apprentice Online Form 2026,,,,,139,Karnataka,Karnataka,Apprenticeship,,,,,,,https://www.freejobalert.com/articles/csl-apprentice-recruitment-2026-apply-online-for-139-graduate-and-technician-apprentice-posts-3062649,,,Not Applied,Unverified,aggregator:freejobalert.com,2026-08-24T02:14:56,0.3,Low,Found via aggregator - needs official confirmation,"aggregator,freejobalert",2026-08-12T14:04:57,2026-08-31T06:03:44,,New
320744be1bc2,MUCB Bank Recruitment 2026: Apply Online for AGM IT & Assistant Treasury Officer Posts | Last Date 24-08-2026,,,MUCB Bank,,,,,,Gujarat,Gujarat,Job,,2026-08-24,,,,,https://www.indgovtjobs.in/2026/08/mucb-bank-recruitment.html,,,Not Applied,Application Closed,aggregator:indgovtjobs.in,2026-08-20T02:07:21,0.7,Low,Found via aggregator - needs official confirmation,"aggregator,indgovtjobs.in,accountant,bank jobs,gujarat jobs,it jobs",2026-08-12T14:04:59,2026-08-31T06:03:44,-7,Expired
be420d3e2669,SCCL Apprentice Recruitment 2026 – Apply Online for 300 Posts | Last Date 16-08-2026,,,SCCL Apprentice,,,,,300,Telangana,Telangana,Apprenticeship,,2026-08-16,,,,,https://www.indgovtjobs.in/2026/08/sccl-apprentice-recruitment.html,,,Not Applied,Application Closed,aggregator:indgovtjobs.in,2026-08-21T07:31:34,0.7,Low,Found via aggregator - needs official confirmation,"aggregator,indgovtjobs.in,apprenticeship training,diploma jobs,engineer jobs,telangana jobs",2026-08-12T14:04:59,2026-08-31T06:03:44,-15,Expired
ad9165e4a1ff,DGQA Technician Recruitment 2026 – Notification for 15 Posts | Last Date 28-08-2026,,,DGQA Technician,,,,,15,All India,All India,Job,,2026-08-28,,,,,https://www.indgovtjobs.in/2026/07/dgqa-technician-recruitment.html,,,Not Applied,Application Closed,aggregator:indgovtjobs.in,2026-08-19T07:28:28,0.7,Low,Found via aggregator - needs official confirmation,"aggregator,indgovtjobs.in,chennai jobs,defence jobs,iti jobs,technician jobs",2026-08-12T14:04:59,2026-08-31T06:03:44,-3,Expired
1ca1cf3e5531,"IOCL Apprentice Recruitment 2026 – Apply Online for 1883 Posts, Notifications",,,IOCL Apprentice,,,,,1883,All India,All India,Apprenticeship,,,,,,,https://www.indgovtjobs.in/2026/06/iocl-apprentice-recruitment.html,,,Not Applied,Verified with Official Notification,aggregator:indgovtjobs.in,2026-08-19T07:28:28,0.7,Low,Found via aggregator - needs official confirmation,"aggregator,indgovtjobs.in,apprenticeship training,diploma jobs,iocl,iti jobs",2026-08-12T14:04:59,2026-08-31T06:03:44,,New
2547c636ceac,IOCL Panipat Refinery Apprentice Recruitment 2026: Apply Online for 1450 Posts | Last Date 12-08-2026,,,IOCL Panipat Refinery Apprentice,,,,,1450,Haryana,Haryana,Apprenticeship,,2026-08-12,,,,,https://www.indgovtjobs.in/2026/07/iocl-panipat-refinery-apprentice.html,,,Not Applied,Application Closed,aggregator:indgovtjobs.in,2026-08-19T07:28:28,0.7,Low,Found via aggregator - needs official confirmation,"aggregator,indgovtjobs.in,apprenticeship training,diploma jobs,haryana jobs,iocl",2026-08-12T14:04:59,2026-08-31T06:03:44,-19,Expired
4f24dac149a3,IBPS Clerk Notification 2026 – Apply Online for 11403+ CSA Posts | Last Date 21-08-2026,,,IBPS Clerk Notification 2026 – Apply Online for 11403+ CSA P,,,,,,All India,All India,Job,,2026-08-21,,,,,https://www.indgovtjobs.in/2026/07/IBPS-Clerk-Notification.html,,,Not Applied,Application Closed,aggregator:indgovtjobs.in,2026-08-20T02:07:21,0.7,Low,Found via aggregator - needs official confirmation,"aggregator,indgovtjobs.in,bank jobs,clerk jobs,ibps,new",2026-08-12T17:36:48,2026-08-31T06:03:44,-10,Expired
171a046c64a0,16 AUG OSSSC 5989 Nursing Officer Online Form 2026 Apply Now,,,16 AUG OSSSC 5989 Nursing Officer Online Form 2026 Apply Now,,,,,16,Karnataka,Karnataka,Job,,,,,,,https://www.freejobalert.com/articles/osssc-nursing-officer-recruitment-2026-apply-online-for-5989-posts-3053639,,,Not Applied,Unverified,aggregator:freejobalert.com,2026-08-13T17:36:25,0.3,Low,Found via aggregator - needs official confirmation,"aggregator,freejobalert,karnataka",2026-08-13T03:14:48,2026-08-31T06:03:44,,New
50414d9a4c28,NIMHANS Vacancy 2026 - 2 Junior Office Assistant PostsNIMHANS Junior Office Assistant Vacancy 2026,,,NIMHANS,,,,,,Karnataka,Karnataka,Job,,,,,,,https://www.freejobalert.com/articles/nimhans-junior-office-assistant-recruitment-2026-apply-online-3062804,,,Not Applied,Unverified,aggregator:freejobalert.com,2026-08-25T17:15:24,0.3,Low,Found via aggregator - needs official confirmation,"aggregator,freejobalert,karnataka",2026-08-13T08:08:14,2026-08-31T06:03:44,,New
9b89935962d4,Indian Overseas Bank LBO Recruitment 2026 – Apply Online for 250 Posts | Last Date 25-08-2026,,,Indian Overseas Bank LBO,,,,,250,All India,All India,Job,,2026-08-25,,,,,https://www.indgovtjobs.in/2026/08/indian-overseas-bank-lbo-recruitment.html,,,Not Applied,Application Closed,aggregator:indgovtjobs.in,2026-08-20T07:30:30,0.7,Low,Found via aggregator - needs official confirmation,"aggregator,indgovtjobs.in,bank jobs,new,officer jobs",2026-08-13T08:08:16,2026-08-31T06:03:44,-6,Expired
3a643f533a5f,NCSCM Project Staff Recruitment 2026 – Apply Online for 06 Posts | Last Date 28-08-2026,,,NCSCM Project Staff,,,,,06,Tamil Nadu,Tamil Nadu,Job,,2026-08-28,,,,,https://www.indgovtjobs.in/2026/08/ncscm-project-staff-recruitment.html,,,Not Applied,Application Closed,aggregator:indgovtjobs.in,2026-08-31T06:03:44,0.7,Low,Found via aggregator - needs official confirmation,"aggregator,indgovtjobs.in,chennai jobs,engineer jobs,scientist jobs,tamil nadu jobs",2026-08-13T08:08:16,2026-08-31T06:03:44,-3,Expired
2c6f6e3baeb8,IRCTC North Zone Tourism Monitor Recruitment 2026 – Walk in Interview for 09 Posts,,,IRCTC North Zone Tourism Monitor,,,,,09,All India,All India,Job,,,,,,,https://www.indgovtjobs.in/2026/08/irctc-north-zone-tourism-monitor.html,,,Not Applied,Verified with Official Notification,aggregator:indgovtjobs.in,2026-08-20T07:30:30,0.7,Low,Found via aggregator - needs official confirmation,"aggregator,indgovtjobs.in,railway jobs,tourism jobs",2026-08-13T08:08:16,2026-08-31T06:03:44,,New
2c6ad7aab432,Central Railway Sports Quota Recruitment 2026 – Apply Online for 59 Group C & D Posts | Last Date 14-08-2026,,,Central Railway Sports Quota,,,,,,Maharashtra,Maharashtra,Job,,2026-08-14,,,,,https://www.indgovtjobs.in/2026/07/central-railway-sports-quota.html,,,Not Applied,Application Closed,aggregator:indgovtjobs.in,2026-08-20T07:30:30,0.7,Low,Found via aggregator - needs official confirmation,"aggregator,indgovtjobs.in,maharashtra jobs,railway jobs,sports vacancies",2026-08-13T08:08:16,2026-08-31T06:03:44,-17,Expired
1e095a4cc6f8,RRB Section Controller Recruitment 2026 – Apply Online for 119 Posts | Last Date 14-08-2026,,,RRB Section Controller,,,,,119,All India,All India,Job,,2026-08-14,,,,,https://www.indgovtjobs.in/2026/06/RRB-Section-Controller-Recruitment.html,,,Not Applied,Application Closed,aggregator:indgovtjobs.in,2026-08-20T07:30:30,0.7,Low,Found via aggregator - needs official confirmation,"aggregator,indgovtjobs.in,railway jobs",2026-08-13T08:08:16,2026-08-31T06:03:44,-17,Expired
586e87da23e8,IBPS: Link for selecting the sub-category of the Autism Spectrum disorder (ASD) disability for CRP-SPL-XVI,,Institute of Banking Personnel Selection,IBPS,,,,,,All India,All India,Exam,,,,,https://www.ibps.in/index.php/recruitment/,,https://ibpsreg.ibps.in/crpspxvimy26/,,,Not Applied,Verified with Official Website,official:ibps.in,2026-08-14T08:05:06,0.85,Low,,"ibps,banking,central",2026-08-13T14:02:51,2026-08-31T06:03:44,,New
bfa0d9b5aa17,Bengaluru Rural District Court Vacancy 2026 - 21 Stenographer PostsBengaluru Rural District Court Stenographer Vacancy 2026,,,Bengaluru Rural District Court,,,,,21,Karnataka,Karnataka,Job,,,,,,,https://www.freejobalert.com/articles/bengaluru-rural-district-court-stenographer-recruitment-2026-apply-online-for-21-posts-3062899,,,Not Applied,Unverified,aggregator:freejobalert.com,2026-08-31T06:03:42,0.3,Low,Found via aggregator - needs official confirmation,"aggregator,freejobalert,karnataka",2026-08-13T14:04:37,2026-08-31T06:03:44,,New
8c2375ec2325,"ISRO Assistant JPA UDC Steno Recruitment 2026 – Apply Online for 242 Posts, Notification | Last Date 20-08-2026",,,ISRO Assistant JPA UDC Steno,,,,,242,All India,All India,Job,,2026-08-20,,,,,https://www.indgovtjobs.in/2026/07/isro-assistant-jpa-udc-steno.html,,,Not Applied,Application Closed,aggregator:indgovtjobs.in,2026-08-18T07:27:15,0.7,Low,Found via aggregator - needs official confirmation,"aggregator,indgovtjobs.in,assistants,clerk jobs,isro jobs,new",2026-08-13T14:04:38,2026-08-31T06:03:44,-11,Expired
34ac00efbfee,BPCL Diploma Recruitment 2026: Apply Online for 154 Technician & Operator Posts | Last Date 19-08-2026,,,BPCL Diploma,,,,,,Kerala,Kerala,Job,,2026-08-19,,,,,https://www.indgovtjobs.in/2026/08/bpcl-diploma-recruitment.html,,,Not Applied,Application Closed,aggregator:indgovtjobs.in,2026-08-18T02:05:46,0.7,Low,Found via aggregator - needs official confirmation,"aggregator,indgovtjobs.in,bpcl,diploma jobs,engineer jobs,kerala jobs",2026-08-13T14:04:38,2026-08-31T06:03:44,-12,Expired
ff7bfd8f748f,14 AUG UPSC 828 Principal and Vice-Principal Online Form 2026 Closing Soon,,,14 AUG UPSC 828 Principal and Vice-Principal Online Form 202,,,,,14,Karnataka,Karnataka,Job,,,,,,,https://www.freejobalert.com/articles/upsc-principal-vice-principal-recruitment-2026-3059573,,,Not Applied,Unverified,aggregator:freejobalert.com,2026-08-14T17:36:44,0.3,Low,Found via aggregator - needs official confirmation,"aggregator,freejobalert,karnataka",2026-08-14T03:14:13,2026-08-31T06:03:44,,New
fbb200c32eed,16 AUG OSSSC 5989 Nursing Officer Online Form 2026 Closing Soon,,,16 AUG OSSSC 5989 Nursing Officer Online Form 2026 Closing S,,,,,16,Karnataka,Karnataka,Job,,,,,,,https://www.freejobalert.com/articles/osssc-nursing-officer-recruitment-2026-apply-online-for-5989-posts-3053639,,,Not Applied,Unverified,aggregator:freejobalert.com,2026-08-16T16:58:43,0.3,Low,Found via aggregator - needs official confirmation,"aggregator,freejobalert,karnataka",2026-08-14T03:14:13,2026-08-31T06:03:44,,New
b955f67b3be9,RRB 3993 JE Online Form 2026,,,RRB 3993 JE Online Form 2026,,,,,3993,Karnataka,Karnataka,Job,,,,,,,https://www.freejobalert.com/articles/rrb-je-recruitment-2026-apply-online-for-4098-junior-engineer-posts-3059556,,,Not Applied,Unverified,aggregator:freejobalert.com,2026-08-19T02:08:54,0.3,Low,Found via aggregator - needs official confirmation,"aggregator,freejobalert,karnataka",2026-08-14T08:04:37,2026-08-31T06:03:44,,New
a51e94a42a36,RRB Vacancy 2026 - 3993 Junior Engineer PostsRRB Junior Engineer Vacancy 2026,,,RRB,,,,,3993,Karnataka,Karnataka,Job,,,,,,,https://www.freejobalert.com/articles/rrb-je-recruitment-2026-apply-online-for-4098-junior-engineer-posts-3059556,,,Not Applied,Unverified,aggregator:freejobalert.com,2026-08-19T02:08:54,0.3,Low,Found via aggregator - needs official confirmation,"aggregator,freejobalert,karnataka",2026-08-14T08:04:37,2026-08-31T06:03:44,,New
d45bc5686d8e,17 AUG KEA KREIS 1087 Teacher Online Form 2026 Apply Now,,,17 AUG KEA KREIS 1087 Teacher Online Form 2026 Apply Now,,,,,17,Karnataka,Karnataka,Job,,,,,,,https://www.freejobalert.com/articles/kea-kreis-teacher-recruitment-2026-apply-online-for-1087-posts-3057838,,,Not Applied,Unverified,aggregator:freejobalert.com,2026-08-14T17:36:44,0.3,Low,Found via aggregator - needs official confirmation,"aggregator,freejobalert,karnataka",2026-08-14T08:04:37,2026-08-31T06:03:44,,New
5bb57346e7a2,VMC Apprentice Online Form 2026,,,VMC Apprentice Online Form 2026,,,,,,Karnataka,Karnataka,Apprenticeship,,,,,,,https://www.freejobalert.com/articles/vmc-apprentice-recruitment-2026-apply-online-3063000,,,Not Applied,Unverified,aggregator:freejobalert.com,2026-08-24T07:48:32,0.3,Low,Found via aggregator - needs official confirmation,"aggregator,freejobalert",2026-08-14T08:04:37,2026-08-31T06:03:44,,New
649b2654d722,IBPS: Provisional Allotment under Reserve List for CRP-PO/MTs-XV,,Institute of Banking Personnel Selection,IBPS,,,,,,All India,All India,Exam,,,,,https://www.ibps.in/index.php/recruitment/,,https://www.ibps.in/index.php/management-trainees-xv/,,,Not Applied,Verified with Official Website,official:ibps.in,2026-08-14T14:01:40,0.85,Low,,"ibps,banking,central",2026-08-14T13:59:18,2026-08-31T06:03:44,,New
08191a1198ec,IBPS: Provisional Allotment under Reserve List for CRP-SPL-XV,,Institute of Banking Personnel Selection,IBPS,,,,,,All India,All India,Exam,,,,,https://www.ibps.in/index.php/recruitment/,,https://www.ibps.in/index.php/specialist-officers-xv/,,,Not Applied,Verified with Official Website,official:ibps.in,2026-08-14T14:01:40,0.85,Low,,"ibps,banking,central",2026-08-14T13:59:18,2026-08-31T06:03:44,,New
18831856ebce,JNCASR Vacancy 2026 - 1 Project Engineer PostsJNCASR Project Engineer Vacancy 2026,,,JNCASR,,,,,,Karnataka,Karnataka,Job,,,,,,,https://www.freejobalert.com/articles/jncasr-project-engineer-recruitment-2026-apply-online-3063073,,,Not Applied,Unverified,aggregator:freejobalert.com,2026-08-26T18:23:08,0.3,Low,Found via aggregator - needs official confirmation,"aggregator,freejobalert,karnataka",2026-08-14T14:01:08,2026-08-31T06:03:44,,New
12154b5517aa,AAI NR 205 Apprentice Online Form 2026,,,AAI NR 205 Apprentice Online Form 2026,,,,,205,Karnataka,Karnataka,Apprenticeship,,,,,,,https://www.freejobalert.com/articles/aai-nr-apprentice-recruitment-2026-apply-online-for-205-graduate-diploma-and-iti-trade-apprentices-posts-3063140,,,Not Applied,Unverified,aggregator:freejobalert.com,2026-08-31T06:03:43,0.3,Low,Found via aggregator - needs official confirmation,"aggregator,freejobalert",2026-08-14T14:01:08,2026-08-31T06:03:44,,New
15c8ef18cbaf,CPCL 60 Junior Engineering Assistant Online Form 2026,,,CPCL 60 Junior Engineering Assistant Online Form 2026,,,,,60,Karnataka,Karnataka,Job,,,,,,,https://www.freejobalert.com/articles/cpcl-junior-engineering-assistant-recruitment-2026-apply-online-for-60-posts-3063135,,,Not Applied,Unverified,aggregator:freejobalert.com,2026-08-25T07:37:34,0.3,Low,Found via aggregator - needs official confirmation,"aggregator,freejobalert",2026-08-14T14:01:08,2026-08-31T06:03:44,,New
9357dc110d06,UPSSSC 134 JE Online Form 2026,,,UPSSSC 134 JE Online Form 2026,,,,,134,Karnataka,Karnataka,Job,,,,,,,https://www.freejobalert.com/articles/upsssc-je-recruitment-2026-apply-online-for-134-junior-engineer-avar-abhiyanta-posts-3063119,,,Not Applied,Unverified,aggregator:freejobalert.com,2026-08-25T02:11:56,0.3,Low,Found via aggregator - needs official confirmation,"aggregator,freejobalert",2026-08-14T14:01:08,2026-08-31T06:03:44,,New
4e9a6b74a9cd,UPSSSC 1308 Veterinary Pharmacist Online Form 2026,,,UPSSSC 1308 Veterinary Pharmacist Online Form 2026,,,,,1308,Karnataka,Karnataka,Job,,,,,,,https://www.freejobalert.com/articles/upsssc-veterinary-pharmacist-recruitment-2026-notification-out-apply-online-for-1308-posts-3063100,,,Not Applied,Unverified,aggregator:freejobalert.com,2026-08-25T02:11:56,0.3,Low,Found via aggregator - needs official confirmation,"aggregator,freejobalert",2026-08-14T14:01:08,2026-08-31T06:03:44,,New
b829cd50003d,DRDO DIHAR JRF & RA Recruitment 2026: Apply for 18 Posts | Walk in Interview on 01-09-2026,,,DRDO DIHAR JRF & RA,,,,,18,Chandigarh,Chandigarh,Job,,,,,,,https://www.indgovtjobs.in/2026/08/drdo-dihar-jrf-ra-recruitment.html,,,Not Applied,Verified with Official Notification,aggregator:indgovtjobs.in,2026-08-20T13:35:19,0.7,Low,Found via aggregator - needs official confirmation,"aggregator,indgovtjobs.in,chandigarh jobs,defence jobs,research jobs",2026-08-14T14:01:11,2026-08-31T06:03:44,,New
bf500ab612bc,"Apprentice Govt Jobs 2026 – 12603+ ITI, Diploma, Graduate Vacancies",,,"Apprentice Govt Jobs 2026 – 12603+ ITI, Diploma, Graduate Va",,,,,,All India,All India,Apprenticeship,,,,,,,https://www.indgovtjobs.in/2017/04/Apprentice-Jobs.html,,,Not Applied,Unverified,aggregator:indgovtjobs.in,2026-08-17T07:40:01,0.3,Low,Found via aggregator - needs official confirmation,"aggregator,indgovtjobs.in,apprenticeship training,top pages",2026-08-14T14:01:11,2026-08-31T06:03:44,,New
1fe0af2c685b,IBPS: Online Preliminary Exam Call Letter for CRP PO/MT-XVI - Probationary Officers / Management Trainees,,Institute of Banking Personnel Selection,IBPS,,,,,,All India,All India,Exam,,,,,https://www.ibps.in/index.php/recruitment/,,https://www.ibps.in/index.php/management-trainees-xvi/,,,Not Applied,Verified with Official Website,official:ibps.in,2026-08-22T02:05:20,0.85,Low,,"ibps,banking,central",2026-08-14T17:34:20,2026-08-31T06:03:44,,New
e90e72bb3e6e,17 AUG KEA KREIS 1087 Teacher Online Form 2026 Closing Soon,,,17 AUG KEA KREIS 1087 Teacher Online Form 2026 Closing Soon,,,,,17,Karnataka,Karnataka,Job,,,,,,,https://www.freejobalert.com/articles/kea-kreis-teacher-recruitment-2026-apply-online-for-1087-posts-3057838,,,Not Applied,Unverified,aggregator:freejobalert.com,2026-08-17T17:03:35,0.3,Low,Found via aggregator - needs official confirmation,"aggregator,freejobalert,karnataka",2026-08-15T02:04:00,2026-08-31T06:03:44,,New
33413e5a04bd,ZHDCE Assistant Professor Recruitment 2026 – Apply Online for 06 Posts | Last Date 28-08-2026,,,ZHDCE Assistant Professor,,,,,06,Delhi,Delhi,Job,,2026-08-28,,,,,https://www.indgovtjobs.in/2026/08/zhdce-assistant-professor-recruitment.html,,,Not Applied,Application Closed,aggregator:indgovtjobs.in,2026-08-31T06:03:44,0.7,Low,Found via aggregator - needs official confirmation,"aggregator,indgovtjobs.in,delhi jobs,faculty jobs,institute and university jobs",2026-08-15T16:58:00,2026-08-31T06:03:44,-3,Expired
a15a9d161d22,20 AUG NFR 6777 Act Apprentice Online Form 2026 Apply Now,,,20 AUG NFR 6777 Act Apprentice Online Form 2026 Apply Now,,,,,20,Karnataka,Karnataka,Apprenticeship,,,,,,,https://www.freejobalert.com/articles/nfr-act-apprentice-recruitment-2026-apply-online-for-6777-posts-3058432,,,Not Applied,Unverified,aggregator:freejobalert.com,2026-08-17T17:03:35,0.3,Low,Found via aggregator - needs official confirmation,"aggregator,freejobalert,karnataka",2026-08-17T02:11:01,2026-08-31T06:03:44,,New
befd21170986,20 AUG KEA 750 Land Surveyor Online Form 2026 Apply Now,,,20 AUG KEA 750 Land Surveyor Online Form 2026 Apply Now,,,,,20,Karnataka,Karnataka,Job,,,,,,,https://www.freejobalert.com/articles/kea-land-surveyor-recruitment-2026-apply-online-for-750-posts-3057813,,,Not Applied,Unverified,aggregator:freejobalert.com,2026-08-17T17:03:35,0.3,Low,Found via aggregator - needs official confirmation,"aggregator,freejobalert,karnataka",2026-08-17T02:11:01,2026-08-31T06:03:44,,New
9877cb159f51,RSSB 874 Junior Engineer Online Form 2026,,,RSSB 874 Junior Engineer Online Form 2026,,,,,874,Karnataka,Karnataka,Job,,,,,,,https://www.freejobalert.com/articles/rssb-junior-engineer-recruitment-2026-apply-online-for-874-posts-3063198,,,Not Applied,Unverified,aggregator:freejobalert.com,2026-08-26T02:17:19,0.3,Low,Found via aggregator - needs official confirmation,"aggregator,freejobalert",2026-08-17T07:39:30,2026-08-31T06:03:44,,New
8a6c6f099739,HAL Nasik 627 Apprentice Recruitment 2026,,,HAL Nasik 627 Apprentice,,,,,627,Karnataka,Karnataka,Apprenticeship,,,,,,,https://www.freejobalert.com/articles/hal-nasik-apprentice-recruitment-2026-apply-online-for-627-posts-3063191,,,Not Applied,Unverified,aggregator:freejobalert.com,2026-08-26T02:17:19,0.3,Low,Found via aggregator - needs official confirmation,"aggregator,freejobalert",2026-08-17T07:39:30,2026-08-31T06:03:44,,New
2d2fd3516f5b,IOCL 470 Executive Online Form 2026,,,IOCL 470 Executive Online Form 2026,,,,,470,Karnataka,Karnataka,Job,,,,,,,https://www.freejobalert.com/articles/iocl-officers-recruitment-2026-apply-online-for-engineers-quality-control-officers-and-more-posts-3062287,,,Not Applied,Unverified,aggregator:freejobalert.com,2026-08-31T06:03:42,0.3,Low,Found via aggregator - needs official confirmation,"aggregator,freejobalert,karnataka",2026-08-17T07:39:30,2026-08-31T06:03:44,,New
20736ee57e90,BHEL Trichy 530 Apprentice Online Form 2026,,,BHEL Trichy 530 Apprentice Online Form 2026,,,,,530,Karnataka,Karnataka,Apprenticeship,,,,,,,https://www.freejobalert.com/articles/bhel-trichy-apprentice-recruitment-2026-apply-online-for-530-trade-technician-and-graduate-apprentice-posts-3063173,,,Not Applied,Unverified,aggregator:freejobalert.com,2026-08-25T07:37:34,0.3,Low,Found via aggregator - needs official confirmation,"aggregator,freejobalert",2026-08-17T07:39:30,2026-08-31T06:03:44,,New
754197739172,MP High Court 1174 Assistant Online Form 2026,,,MP High Court 1174 Assistant Online Form 2026,,,,,1174,Karnataka,Karnataka,Job,,,,,,,https://www.freejobalert.com/articles/mp-high-court-assistant-recruitment-2026-apply-online-for-1174-posts-3063205,,,Not Applied,Unverified,aggregator:freejobalert.com,2026-08-26T02:17:19,0.3,Low,Found via aggregator - needs official confirmation,"aggregator,freejobalert",2026-08-17T07:39:31,2026-08-31T06:03:44,,New
c9d0bf946ab2,IBPS: NBL Notification For The Posts Of Specialist Officers Registration From 15-Aug-2026,,Institute of Banking Personnel Selection,IBPS,,,,,,All India,All India,Exam,,,,,https://www.ibps.in/index.php/recruitment/,,https://ibpsreg.ibps.in/nbljul26/,,,Not Applied,Verified with Official Website,official:ibps.in,2026-08-31T06:03:42,0.85,Low,,"ibps,banking,central",2026-08-17T13:26:45,2026-08-31T06:03:44,,New
e4c034f88591,IBPS: IOCL Recruitment of Executives Registration From 14-Aug-2026,,Institute of Banking Personnel Selection,IBPS,,,,,,All India,All India,Exam,,,,,https://www.ibps.in/index.php/recruitment/,,https://ibpsreg.ibps.in/iocljun26/,,,Not Applied,Verified with Official Website,official:ibps.in,2026-08-31T06:03:42,0.85,Low,,"ibps,banking,central",2026-08-17T13:26:45,2026-08-31T06:03:44,,New
9ba1213df504,IBPS: NBL Notification For The Posts Of Specialist Officers 15-Aug-2026 07-Sep-2026,,Institute of Banking Personnel Selection,IBPS,,,,,,All India,All India,Exam,,,,,https://www.ibps.in/index.php/recruitment/,,https://ibpsreg.ibps.in/nbljul26/,,,Not Applied,Verified with Official Website,official:ibps.in,2026-08-31T06:03:42,0.85,Low,,"ibps,banking,central",2026-08-17T13:26:48,2026-08-31T06:03:44,,New
5da19f6bc56b,IBPS: IOCL Recruitment of Executives 14-Aug-2026 03-Sep-2026,,Institute of Banking Personnel Selection,IBPS,,,,,,All India,All India,Exam,,,,,https://www.ibps.in/index.php/recruitment/,,https://ibpsreg.ibps.in/iocljun26/,,,Not Applied,Verified with Official Website,official:ibps.in,2026-08-31T06:03:42,0.85,Low,,"ibps,banking,central",2026-08-17T13:26:48,2026-08-31T06:03:44,,New
1a466f940f5e,ISRO LPSC Various Posts Online Form 2026,,,ISRO LPSC,,,,,,Karnataka,Karnataka,Job,,,,,,,https://www.freejobalert.com/articles/isro-lpsc-recruitment-2026-apply-online-for-19-technical-assistant-technician-and-more-posts-3063219,,,Not Applied,Unverified,aggregator:freejobalert.com,2026-08-31T06:03:43,0.3,Low,Found via aggregator - needs official confirmation,"aggregator,freejobalert",2026-08-17T13:28:31,2026-08-31T06:03:44,,New
80532b72cb8a,"ISRO LPSC Vacancy 2026 - 19 Technical Assistant, Technician and More PostsISRO LPSC Vacancy 2026",,,ISRO LPSC,,,,,19,Karnataka,Karnataka,Job,,,,,,,https://www.freejobalert.com/articles/isro-lpsc-recruitment-2026-apply-online-for-19-technical-assistant-technician-and-more-posts-3063219,,,Not Applied,Unverified,aggregator:freejobalert.com,2026-08-31T06:03:42,0.3,Low,Found via aggregator - needs official confirmation,"aggregator,freejobalert,karnataka",2026-08-17T13:28:31,2026-08-31T06:03:44,,New
09016068d94d,Nainital Bank SO Online Form 2026,,,Nainital Bank SO Online Form 2026,,,,,,Karnataka,Karnataka,Job,,,,,,,https://www.freejobalert.com/articles/nainital-bank-so-recruitment-2026-apply-online-for-41-specialist-officer-posts-3063212,,,Not Applied,Unverified,aggregator:freejobalert.com,2026-08-31T06:03:43,0.3,Low,Found via aggregator - needs official confirmation,"aggregator,freejobalert",2026-08-17T13:28:31,2026-08-31T06:03:44,,New
367cd676bd96,"Apprentice Govt Jobs 2026 – 13493+ ITI, Diploma, Graduate Vacancies",,,"Apprentice Govt Jobs 2026 – 13493+ ITI, Diploma, Graduate Va",,,,,,All India,All India,Apprenticeship,,,,,,,https://www.indgovtjobs.in/2017/04/Apprentice-Jobs.html,,,Not Applied,Verified with Official Notification,aggregator:indgovtjobs.in,2026-08-21T02:15:37,0.7,Low,Found via aggregator - needs official confirmation,"aggregator,indgovtjobs.in,apprenticeship training,top pages",2026-08-17T13:28:32,2026-08-31T06:03:44,,New
af6d33e14168,BHEL Ranipet Apprentice Vacancy 2026 – Walk in Interview for 305 Posts,,,BHEL Ranipet Apprentice,,,,,305,Tamil Nadu,Tamil Nadu,Apprenticeship,,,,,,,https://www.indgovtjobs.in/2026/08/bhel-ranipet-apprentice-vacancy.html,,,Not Applied,Verified with Official Notification,aggregator:indgovtjobs.in,2026-08-25T07:37:34,0.7,Low,Found via aggregator - needs official confirmation,"aggregator,indgovtjobs.in,apprenticeship training,bhel jobs,iti jobs,tamil nadu jobs",2026-08-17T13:28:32,2026-08-31T06:03:44,,New
2e87b44d3af1,BHEL Trichy Trade Apprentice Recruitment 2026 – Apply Online for 380 Posts | Last Date 12th September 2026,,,BHEL Trichy Trade Apprentice,,,,,380,Tamil Nadu,Tamil Nadu,Apprenticeship,,,,,,,https://www.indgovtjobs.in/2026/08/bhel-trichy-trade-apprentice.html,,,Not Applied,Verified with Official Notification,aggregator:indgovtjobs.in,2026-08-25T07:37:34,0.7,Low,Found via aggregator - needs official confirmation,"aggregator,indgovtjobs.in,apprenticeship training,bhel jobs,diploma jobs,engineer jobs",2026-08-17T13:28:32,2026-08-31T06:03:44,,New
9f6b70f8cf75,20 AUG NFR 6777 Act Apprentice Online Form 2026 Closing Soon,,,20 AUG NFR 6777 Act Apprentice Online Form 2026 Closing Soon,,,,,20,Karnataka,Karnataka,Apprenticeship,,,,,,,https://www.freejobalert.com/articles/nfr-act-apprentice-recruitment-2026-apply-online-for-6777-posts-3058432,,,Not Applied,Unverified,aggregator:freejobalert.com,2026-08-20T17:09:09,0.3,Low,Found via aggregator - needs official confirmation,"aggregator,freejobalert,karnataka",2026-08-18T02:05:16,2026-08-31T06:03:44,,New
2e09180b31f7,20 AUG KEA 750 Land Surveyor Online Form 2026 Closing Soon,,,20 AUG KEA 750 Land Surveyor Online Form 2026 Closing Soon,,,,,20,Karnataka,Karnataka,Job,,,,,,,https://www.freejobalert.com/articles/kea-land-surveyor-recruitment-2026-apply-online-for-750-posts-3057813,,,Not Applied,Unverified,aggregator:freejobalert.com,2026-08-20T17:09:09,0.3,Low,Found via aggregator - needs official confirmation,"aggregator,freejobalert,karnataka",2026-08-18T02:05:16,2026-08-31T06:03:44,,New
f28862de2f39,21 AUG IBPS 11403 Clerk Online Form 2026 Apply Now,,,21 AUG IBPS 11403 Clerk Online Form 2026 Apply Now,,,,,21,Karnataka,Karnataka,Job,,,,,,,https://www.freejobalert.com/articles/ibps-clerk-recruitment-2026-apply-online-for-crp-csa-xvi-posts-3060464,,,Not Applied,Unverified,aggregator:freejobalert.com,2026-08-18T17:05:35,0.3,Low,Found via aggregator - needs official confirmation,"aggregator,freejobalert,karnataka",2026-08-18T02:05:16,2026-08-31T06:03:44,,New
3de75d090ad1,21 AUG CGSSB 2292 Assistant Teacher Online Form 2026 Apply Now,,,21 AUG CGSSB 2292 Assistant Teacher Online Form 2026 Apply N,,,,,21,Karnataka,Karnataka,Job,,,,,,,https://www.freejobalert.com/articles/cgssb-assistant-teacher-recruitment-2026-lsat26-exam-dates-application-fee-and-instructions-3060269,,,Not Applied,Unverified,aggregator:freejobalert.com,2026-08-18T17:05:35,0.3,Low,Found via aggregator - needs official confirmation,"aggregator,freejobalert,karnataka",2026-08-18T02:05:16,2026-08-31T06:03:44,,New
68284e1fa156,IBPS: BOB Recruitment of Local Bank Officer Registration From 18-Aug-2026,,Institute of Banking Personnel Selection,IBPS,,,,,,All India,All India,Exam,,,,,https://www.ibps.in/index.php/recruitment/,,https://ibpsreg.ibps.in/bobjul26/,,,Not Applied,Verified with Official Website,official:ibps.in,2026-08-31T06:03:42,0.85,Low,,"ibps,banking,central",2026-08-18T07:24:58,2026-08-31T06:03:44,,New
c2c00f647b50,IBPS: BOB Recruitment of Local Bank Officer 18-Aug-2026 07-Sep-2026,,Institute of Banking Personnel Selection,IBPS,,,,,,All India,All India,Exam,,,,,https://www.ibps.in/index.php/recruitment/,,https://ibpsreg.ibps.in/bobjul26/,,,Not Applied,Verified with Official Website,official:ibps.in,2026-08-31T06:03:42,0.85,Low,,"ibps,banking,central",2026-08-18T07:25:00,2026-08-31T06:03:44,,New
92d6dfd5b59c,Bank of Baroda 2482 LBO Online Form 2026,,,Bank of Baroda 2482 LBO Online Form 2026,,,,,2482,Karnataka,Karnataka,Job,,,,,,,https://www.freejobalert.com/articles/bank-of-baroda-lbo-recruitment-2026-apply-online-for-2482-local-bank-officer-posts-3063349,,,Not Applied,Unverified,aggregator:freejobalert.com,2026-08-31T06:03:42,0.3,Low,Found via aggregator - needs official confirmation,"aggregator,freejobalert,karnataka",2026-08-18T07:26:43,2026-08-31T06:03:44,,New
c5e9e84b9078,Bank of Baroda Vacancy 2026 - 2482 Local Bank Officer PostsBank of Baroda Local Bank Officer Vacancy 2026,,,Bank of Baroda,,,,,2482,Karnataka,Karnataka,Job,,,,,,,https://www.freejobalert.com/articles/bank-of-baroda-lbo-recruitment-2026-apply-online-for-2482-local-bank-officer-posts-3063349,,,Not Applied,Unverified,aggregator:freejobalert.com,2026-08-31T06:03:42,0.3,Low,Found via aggregator - needs official confirmation,"aggregator,freejobalert,karnataka",2026-08-18T07:26:43,2026-08-31T06:03:44,,New
14d9da216426,BEML Non-Executive Recruitment 2026 – Apply for 10 Posts for Diploma in Electronics,,,BEML Non-Executive,,,,,10,All India,All India,Job,,,,,,,https://www.indgovtjobs.in/2026/08/beml-non-executive-recruitment.html,,,Not Applied,Verified with Official Notification,aggregator:indgovtjobs.in,2026-08-26T02:17:19,0.7,Low,Found via aggregator - needs official confirmation,"aggregator,indgovtjobs.in,beml jobs,diploma jobs",2026-08-18T07:26:44,2026-08-31T06:03:44,,New
f0cf2fac1062,SBI Junior Associates Backlog Vacancy 2026 – Apply Online for 1538 Clerk Posts | Last Date 27-08-2026,,,SBI Junior Associates Backlog,,,,,,All India,All India,Job,,2026-08-27,,,,,https://www.indgovtjobs.in/2026/08/sbi-junior-associate-backlog.html,,,Not Applied,Application Closed,aggregator:indgovtjobs.in,2026-08-31T06:03:44,0.7,Low,Found via aggregator - needs official confirmation,"aggregator,indgovtjobs.in,bank jobs,clerk jobs",2026-08-18T07:26:44,2026-08-31T06:03:44,-4,Expired
646291911c51,BPCL Diploma Recruitment 2026 – Apply Online for 154 Technician & Operator Posts | Last Date 19-08-2026,,,BPCL Diploma,,,,,,Kerala,Kerala,Job,,2026-08-19,,,,,https://www.indgovtjobs.in/2026/08/bpcl-diploma-recruitment.html,,,Not Applied,Application Closed,aggregator:indgovtjobs.in,2026-08-25T13:40:19,0.7,Low,Found via aggregator - needs official confirmation,"aggregator,indgovtjobs.in,bpcl,diploma jobs,engineer jobs,kerala jobs",2026-08-18T07:26:44,2026-08-31T06:03:44,-12,Expired
8058127392b4,Northeast Frontier Railway Apprentice Recruitment 2026 – Apply Online for 6777 Posts | Last Date 19-08-2026,,,Northeast Frontier Railway Apprentice,,,,,6777,All India,All India,Apprenticeship,,2026-08-19,,,,,https://www.indgovtjobs.in/2026/07/northeast-frontier-railway-apprentice.html,,,Not Applied,Application Closed,aggregator:indgovtjobs.in,2026-08-25T07:37:34,0.7,Low,Found via aggregator - needs official confirmation,"aggregator,indgovtjobs.in,apprenticeship training,iti jobs,railway jobs",2026-08-18T07:26:44,2026-08-31T06:03:44,-12,Expired
db59fc5e844f,ISRO Assistant JPA UDC Steno Recruitment 2026 – Apply Online for 242 Posts | Last Date 20-08-2026,,,ISRO Assistant JPA UDC Steno,,,,,242,All India,All India,Job,,2026-08-20,,,,,https://www.indgovtjobs.in/2026/07/isro-assistant-jpa-udc-steno.html,,,Not Applied,Application Closed,aggregator:indgovtjobs.in,2026-08-26T02:17:19,0.7,Low,Found via aggregator - needs official confirmation,"aggregator,indgovtjobs.in,assistants,clerk jobs,isro jobs,stenographer jobs",2026-08-18T13:31:10,2026-08-31T06:03:44,-11,Expired
63dc29b6ca23,SRCC Assistant Professor Recruitment 2026 – Apply Online for 16 Faculty Posts | Last Date 29-08-2026,,,SRCC Assistant Professor,,,,,,Delhi,Delhi,Job,,2026-08-29,,,,,https://www.indgovtjobs.in/2026/08/srcc-assistant-professor-recruitment.html,,,Not Applied,Application Closed,aggregator:indgovtjobs.in,2026-08-26T02:17:19,0.7,Low,Found via aggregator - needs official confirmation,"aggregator,indgovtjobs.in,delhi jobs,faculty jobs,institute and university jobs",2026-08-18T13:31:10,2026-08-31T06:03:44,-2,Expired
52702513cd63,NTPC EET Recruitment through GATE 2027 – Short Notification Out,,,NTPC EET,,,,,,All India,All India,Exam,,,,,,,https://www.indgovtjobs.in/2026/08/ntpc-eet-recruitment-through-gate-2027.html,,,Not Applied,Verified with Official Notification,aggregator:indgovtjobs.in,2026-08-26T07:35:00,0.7,Low,Found via aggregator - needs official confirmation,"aggregator,indgovtjobs.in,engineer jobs,gate 2027 jobs,ntpc jobs",2026-08-18T17:05:06,2026-08-31T06:03:44,,New
b8f09b909bde,AIIMS Bilaspur Senior Resident Recruitment 2026 – Walk in Interview for 69 Posts,,,AIIMS Bilaspur Senior Resident,,,,,69,Himachal Pradesh,Himachal Pradesh,Job,,,,,,,https://www.indgovtjobs.in/2026/08/aiims-bilaspur-senior-resident.html,,,Not Applied,Verified with Official Notification,aggregator:indgovtjobs.in,2026-08-26T07:35:00,0.7,Low,Found via aggregator - needs official confirmation,"aggregator,indgovtjobs.in,aiims,himachal pradesh jobs,medical jobs",2026-08-18T17:05:06,2026-08-31T06:03:44,,New
9152512e4391,21 AUG IBPS 11403 Clerk Online Form 2026 Closing Soon,,,21 AUG IBPS 11403 Clerk Online Form 2026 Closing Soon,,,,,21,Karnataka,Karnataka,Job,,,,,,,https://www.freejobalert.com/articles/ibps-clerk-recruitment-2026-apply-online-for-crp-csa-xvi-posts-3060464,,,Not Applied,Unverified,aggregator:freejobalert.com,2026-08-21T17:09:01,0.3,Low,Found via aggregator - needs official confirmation,"aggregator,freejobalert,karnataka",2026-08-19T02:08:22,2026-08-31T06:03:44,,New
fbdc49339e8a,21 AUG CGSSB 2292 Assistant Teacher Online Form 2026 Closing Soon,,,21 AUG CGSSB 2292 Assistant Teacher Online Form 2026 Closing,,,,,21,Karnataka,Karnataka,Job,,,,,,,https://www.freejobalert.com/articles/cgssb-assistant-teacher-recruitment-2026-lsat26-exam-dates-application-fee-and-instructions-3060269,,,Not Applied,Unverified,aggregator:freejobalert.com,2026-08-21T17:09:01,0.3,Low,Found via aggregator - needs official confirmation,"aggregator,freejobalert,karnataka",2026-08-19T02:08:22,2026-08-31T06:03:44,,New
3fae37d2b3a6,BEML 1346 Apprentice Online Form 2026,,,BEML 1346 Apprentice Online Form 2026,,,,,1346,Karnataka,Karnataka,Apprenticeship,,,,,,,https://www.freejobalert.com/articles/beml-apprentices-recruitment-2026-apply-online-for-1346-posts-3063548,,,Not Applied,Unverified,aggregator:freejobalert.com,2026-08-31T06:03:42,0.3,Low,Found via aggregator - needs official confirmation,"aggregator,freejobalert,karnataka",2026-08-19T07:27:58,2026-08-31T06:03:44,,New
1189361b15c8,RRB 4029 JE Online Form 2026,,,RRB 4029 JE Online Form 2026,,,,,4029,Karnataka,Karnataka,Job,,,,,,,https://www.freejobalert.com/articles/rrb-je-recruitment-2026-apply-online-for-4098-junior-engineer-posts-3059556,,,Not Applied,Unverified,aggregator:freejobalert.com,2026-08-31T06:03:42,0.3,Low,Found via aggregator - needs official confirmation,"aggregator,freejobalert,karnataka",2026-08-19T07:27:58,2026-08-31T06:03:44,,New
b328ec53e136,BEML Vacancy 2026 - 1346 Apprentices PostsBEML Apprentices Vacancy 2026,,,BEML,,,,,1346,Karnataka,Karnataka,Apprenticeship,,,,,,,https://www.freejobalert.com/articles/beml-apprentices-recruitment-2026-apply-online-for-1346-posts-3063548,,,Not Applied,Unverified,aggregator:freejobalert.com,2026-08-31T06:03:42,0.3,Low,Found via aggregator - needs official confirmation,"aggregator,freejobalert,karnataka",2026-08-19T07:27:58,2026-08-31T06:03:44,,New
ce9debbb006d,RGIPT Vacancy 2026 - 1 IT System and Network Assistant PostsRGIPT Vacancy 2026,,,RGIPT,,,,,,Karnataka,Karnataka,Job,,,,,,,https://www.freejobalert.com/articles/rgipt-recruitment-2026-apply-online-for-it-system-and-network-assistant-posts-3063522,,,Not Applied,Unverified,aggregator:freejobalert.com,2026-08-24T17:13:24,0.3,Low,Found via aggregator - needs official confirmation,"aggregator,freejobalert,karnataka",2026-08-19T07:27:58,2026-08-31T06:03:44,,New
e1016fe1df85,RRB Vacancy 2026 - 4029 Junior Engineer PostsRRB Junior Engineer Vacancy 2026,,,RRB,,,,,4029,Karnataka,Karnataka,Job,,,,,,,https://www.freejobalert.com/articles/rrb-je-recruitment-2026-apply-online-for-4098-junior-engineer-posts-3059556,,,Not Applied,Unverified,aggregator:freejobalert.com,2026-08-31T06:03:42,0.3,Low,Found via aggregator - needs official confirmation,"aggregator,freejobalert,karnataka",2026-08-19T07:27:58,2026-08-31T06:03:44,,New
0289bbb6897d,UPSC EPFO APFC Online Form 2026,,,UPSC EPFO APFC Online Form 2026,,,,,,Karnataka,Karnataka,Job,,,,,,,https://www.freejobalert.com/articles/upsc-epfo-apfc-recruitment-2026-apply-online-for-80-posts-3063552,,,Not Applied,Unverified,aggregator:freejobalert.com,2026-08-31T06:03:43,0.3,Low,Found via aggregator - needs official confirmation,"aggregator,freejobalert",2026-08-19T07:27:58,2026-08-31T06:03:44,,New
17d42c69a5a6,RRC NCR 1853 Apprentice Online Form 2026,,,RRC NCR 1853 Apprentice Online Form 2026,,,,,1853,Karnataka,Karnataka,Apprenticeship,,,,,,,https://www.freejobalert.com/articles/rrc-ncr-apprentice-recruitment-2026-apply-online-for-1853-posts-3057253,,,Not Applied,Unverified,aggregator:freejobalert.com,2026-08-31T06:03:42,0.3,Low,Found via aggregator - needs official confirmation,"aggregator,freejobalert,karnataka",2026-08-19T07:27:58,2026-08-31T06:03:44,,New
823523e623c6,Bengaluru Rural District Court Vacancy 2026 - 21 Stenographer Grade-III PostsBengaluru Rural District Court Stenographer Grade-III Vacancy 2026,,,Bengaluru Rural District Court,,,,,21,Karnataka,Karnataka,Job,,,,,,,https://www.freejobalert.com/articles/bengaluru-rural-district-court-stenographer-grade-iii-recruitment-2026-apply-online-for-21-posts-3063647,,,Not Applied,Unverified,aggregator:freejobalert.com,2026-08-31T06:03:42,0.3,Low,Found via aggregator - needs official confirmation,"aggregator,freejobalert,karnataka",2026-08-19T13:32:24,2026-08-31T06:03:44,,New
896eb82ef048,JNCASR Vacancy 2026 - 1 ARF Instrument Scientist PostsJNCASR ARF Instrument Scientist Vacancy 2026,,,JNCASR,,,,,,Karnataka,Karnataka,Job,,,,,,,https://www.freejobalert.com/articles/jncasr-arf-instrument-scientist-recruitment-2026-apply-online-3064845,,,Not Applied,Unverified,aggregator:freejobalert.com,2026-08-31T06:03:42,0.3,Low,Found via aggregator - needs official confirmation,"aggregator,freejobalert,karnataka",2026-08-19T13:32:24,2026-08-31T06:03:44,,New
6b563dba386d,NPSC Stenographer Online Form 2026,,,NPSC Stenographer Online Form 2026,,,,,,Karnataka,Karnataka,Job,,,,,,,https://www.freejobalert.com/articles/npsc-stenographer-recruitment-2026-apply-online-for-27-posts-3063720,,,Not Applied,Unverified,aggregator:freejobalert.com,2026-08-27T10:15:43,0.3,Low,Found via aggregator - needs official confirmation,"aggregator,freejobalert",2026-08-19T13:32:24,2026-08-31T06:03:44,,New
34e9a4f4d18c,AIIM Gorakhpur Research Scientist Recruitment 2026 – Apply for 02 Posts | Last Date 30-08-2026,,,AIIM Gorakhpur Research Scientist,,,,,02,Uttar Pradesh,Uttar Pradesh,Job,,2026-08-30,,,,,https://www.indgovtjobs.in/2026/08/aiim-gorakhpur-research-scientist.html,,,Not Applied,Application Closed,aggregator:indgovtjobs.in,2026-08-19T13:32:58,0.7,Low,Found via aggregator - needs official confirmation,"aggregator,indgovtjobs.in,aiims,scientist jobs,uttar pradesh jobs",2026-08-19T13:32:26,2026-08-31T06:03:44,-1,Expired
e7e1b5540ae5,AIIMS Gorakhpur Research Scientist Recruitment 2026 – Apply for 02 Posts | Last Date 30-08-2026,,,AIIMS Gorakhpur Research Scientist,,,,,02,Uttar Pradesh,Uttar Pradesh,Job,,2026-08-30,,,,,https://www.indgovtjobs.in/2026/08/aiim-gorakhpur-research-scientist.html,,,Not Applied,Application Closed,aggregator:indgovtjobs.in,2026-08-27T10:15:43,0.7,Low,Found via aggregator - needs official confirmation,"aggregator,indgovtjobs.in,aiims,scientist jobs,uttar pradesh jobs",2026-08-19T17:03:29,2026-08-31T06:03:44,-1,Expired
64617a1602dc,UPPSC 1156 Medical Professor & Assistant Professor Online Form 2026,,,UPPSC 1156 Medical Professor & Assistant Professor Online Fo,,,,,1156,Karnataka,Karnataka,Job,,,,,,,https://www.freejobalert.com/articles/uppsc-recruitment-2026-notification-out-apply-online-for-1156-medical-professor-and-assistant-professor-posts-3063728,,,Not Applied,Unverified,aggregator:freejobalert.com,2026-08-27T10:15:43,0.3,Low,Found via aggregator - needs official confirmation,"aggregator,freejobalert",2026-08-20T07:29:55,2026-08-31T06:03:44,,New
d457f86b9766,South Indian Bank Junior Officer Online Form 2026,,,South Indian Bank Junior Officer Online Form 2026,,,,,,Karnataka,Karnataka,Job,,,,,,,https://www.freejobalert.com/articles/south-indian-bank-junior-officer-recruitment-2026-apply-online-for-business-promotion-officer-posts-3063822,,,Not Applied,Unverified,aggregator:freejobalert.com,2026-08-31T06:03:43,0.3,Low,Found via aggregator - needs official confirmation,"aggregator,freejobalert",2026-08-20T07:29:55,2026-08-31T06:03:44,,New
a88a1ad5de45,HPPSC Police Constable Recruitment 2026 – Apply Online for 734 Posts | Last Date 21-08-2026,,,HPPSC Police Constable,,,,,734,Himachal Pradesh,Himachal Pradesh,Job,,2026-08-21,,,,,https://www.indgovtjobs.in/2026/07/hppsc-police-constable-recruitment.html,,,Not Applied,Application Closed,aggregator:indgovtjobs.in,2026-08-27T22:36:41,0.7,Low,Found via aggregator - needs official confirmation,"aggregator,indgovtjobs.in,himachal pradesh jobs,police jobs",2026-08-20T07:29:57,2026-08-31T06:03:44,-10,Expired
15a1afe3d0dd,"SSPL DRDO Apprentice Recruitment 2026 – Apply for 41 ITI, Diploma & Graduate Posts | Last Date 21-08-2026",,,SSPL DRDO Apprentice,,,,,,All India,All India,Apprenticeship,,2026-08-21,,,,,https://www.indgovtjobs.in/2026/08/sspl-drdo-apprentice-recruitment.html,,,Not Applied,Application Closed,aggregator:indgovtjobs.in,2026-08-27T22:36:41,0.7,Low,Found via aggregator - needs official confirmation,"aggregator,indgovtjobs.in,apprenticeship training,defence jobs,diploma jobs,iti jobs",2026-08-20T07:29:57,2026-08-31T06:03:44,-10,Expired
dcfae32bf8c7,IBPS: Online Preliminary Exam Call Letter for CRP-SPL-XVI,,Institute of Banking Personnel Selection,IBPS,,,,,,All India,All India,Exam,,,,,https://www.ibps.in/index.php/recruitment/,,https://www.ibps.in/index.php/specialist-officers-xvi/,,,Not Applied,Verified with Official Website,official:ibps.in,2026-08-27T10:15:43,0.85,Low,,"ibps,banking,central",2026-08-20T13:32:34,2026-08-31T06:03:44,,New
af2109daea0a,IBPS: IIFCL Direct Recruitment for the Post AGM (Grade ‘C’ Officer) Registration From 19-Aug-2026,,Institute of Banking Personnel Selection,IBPS,,,,,,All India,All India,Exam,,,,,https://www.ibps.in/index.php/recruitment/,,https://ibpsreg.ibps.in/iifcljul26/,,,Not Applied,Verified with Official Website,official:ibps.in,2026-08-25T17:15:24,0.85,Low,,"ibps,banking,central",2026-08-20T13:32:34,2026-08-31T06:03:44,,New
89f7c392931e,IBPS: IIFCL Direct Recruitment for the Post AGM (Grade ‘C’ Officer) 19-Aug-2026 25-Aug-2026,,Institute of Banking Personnel Selection,IBPS,,,,,,All India,All India,Exam,,,,,https://www.ibps.in/index.php/recruitment/,,https://ibpsreg.ibps.in/iifcljul26/,,,Not Applied,Verified with Official Website,official:ibps.in,2026-08-25T17:15:24,0.85,Low,,"ibps,banking,central",2026-08-20T13:32:37,2026-08-31T06:03:44,,New
d5dd4e6e4a4d,BEL Vacancy 2026 - 2 Deputy Engineer PostsBEL Deputy Engineer Vacancy 2026,,,BEL,,,,,,Karnataka,Karnataka,Job,,,,,,,https://www.freejobalert.com/articles/bel-deputy-engineer-recruitment-2026-apply-online-3063860,,,Not Applied,Unverified,aggregator:freejobalert.com,2026-08-31T06:03:42,0.3,Low,Found via aggregator - needs official confirmation,"aggregator,freejobalert,karnataka",2026-08-20T13:34:20,2026-08-31T06:03:44,,New
0ac851051df8,RRC NCR Cultural Quota Online Form 2026,,,RRC NCR Cultural Quota Online Form 2026,,,,,,Karnataka,Karnataka,Job,,,,,,,https://www.freejobalert.com/articles/rrc-ncr-cultural-quota-recruitment-2026-apply-online-3063950,,,Not Applied,Unverified,aggregator:freejobalert.com,2026-08-27T22:36:41,0.3,Low,Found via aggregator - needs official confirmation,"aggregator,freejobalert",2026-08-20T13:34:20,2026-08-31T06:03:44,,New
865a19d34cc6,Konkan Railway Various Posts Offline Form 2026,,,Konkan Railway,,,,,,Karnataka,Karnataka,Job,,,,,,,https://www.freejobalert.com/articles/konkan-railway-recruitment-2026-apply-offline-for-assistant-engineer-assistant-mechanical-engineer-and-more-posts-3063940,,,Not Applied,Unverified,aggregator:freejobalert.com,2026-08-27T22:36:41,0.3,Low,Found via aggregator - needs official confirmation,"aggregator,freejobalert",2026-08-20T13:34:20,2026-08-31T06:03:44,,New
5b45cd7dd543,IBPS Clerk Notification 2026 – Apply Online for 11403+ Posts | Last Date 21-08-2026,,,IBPS Clerk Notification 2026 – Apply Online for 11403+ Posts,,,,,11403,All India,All India,Job,,2026-08-21,,,,,https://www.indgovtjobs.in/2026/07/IBPS-Clerk-Notification.html,,,Not Applied,Application Closed,aggregator:indgovtjobs.in,2026-08-22T13:17:10,0.7,Low,Found via aggregator - needs official confirmation,"aggregator,indgovtjobs.in,bank jobs,clerk jobs,ibps",2026-08-20T17:08:37,2026-08-31T06:03:44,-10,Expired
da5aa90ba690,21 AUG HPPSC HP 734 Police Constable Online Form 2026 Closing Soon,,,21 AUG HPPSC HP 734 Police Constable Online Form 2026 Closin,,,,,21,Karnataka,Karnataka,Job,,,,,,,https://www.freejobalert.com/articles/hppsc-police-constable-recruitment-2026-apply-online-for-734-posts-3057549,,,Not Applied,Unverified,aggregator:freejobalert.com,2026-08-21T07:31:34,0.3,Low,Found via aggregator - needs official confirmation,"aggregator,freejobalert,karnataka",2026-08-21T02:15:04,2026-08-31T06:03:44,,New
9044c0d20d12,ISRO NSIL Vacancy 2026 - 1 Chairman cum Managing Director PostsISRO NSIL Chairman cum Managing Director Vacancy 2026,,,ISRO NSIL,,,,,,Karnataka,Karnataka,Job,,,,,,,https://www.freejobalert.com/articles/isro-nsil-chairman-cum-managing-director-recruitment-2026-apply-offline-3064009,,,Not Applied,Unverified,aggregator:freejobalert.com,2026-08-31T06:03:42,0.3,Low,Found via aggregator - needs official confirmation,"aggregator,freejobalert,karnataka",2026-08-21T07:31:02,2026-08-31T06:03:44,,New
ebb40043866e,"CPCB DEO, Field Assistant and More Posts Online Form 2026",,,"CPCB DEO, Field Assistant and More Posts Online Form 2026",,,,,,Karnataka,Karnataka,Job,,,,,,,https://www.freejobalert.com/articles/cpcb-recruitment-2026-apply-online-for-51-deo-field-assistant-and-more-posts-3063970,,,Not Applied,Unverified,aggregator:freejobalert.com,2026-08-31T06:03:43,0.3,Low,Found via aggregator - needs official confirmation,"aggregator,freejobalert",2026-08-21T07:31:02,2026-08-31T06:03:44,,New
5001412b4bae,Sindhudurg Bank Peon Recruitment 2026 – Apply Online for 32 Posts | Last Date 30-08-2026,,,Sindhudurg Bank Peon,,,,,32,Maharashtra,Maharashtra,Job,,2026-08-30,,,,,https://www.indgovtjobs.in/2026/08/sindhudurg-bank-peon-recruitment.html,,,Not Applied,Application Closed,aggregator:indgovtjobs.in,2026-08-31T06:03:43,0.7,Low,Found via aggregator - needs official confirmation,"aggregator,indgovtjobs.in,bank jobs,maharashtra jobs,peon jobs",2026-08-21T07:31:04,2026-08-31T06:03:44,-1,Expired
19e95a6dd386,"Apprentice Govt Jobs 2026 (7019 ITI, Diploma, Graduate Vacancies)",,,"Apprentice Govt Jobs 2026 (7019 ITI, Diploma, Graduate Vacan",,,,,,All India,All India,Apprenticeship,,,,,,,https://www.indgovtjobs.in/2017/04/Apprentice-Jobs.html,,,Not Applied,Verified with Official Notification,aggregator:indgovtjobs.in,2026-08-24T07:48:32,0.7,Low,Found via aggregator - needs official confirmation,"aggregator,indgovtjobs.in,apprenticeship training,top pages",2026-08-21T07:31:04,2026-08-31T06:03:44,,New
daab9072c1c7,MRPL Assistant Engineer Online Form 2026,,,MRPL Assistant Engineer Online Form 2026,,,,,,Karnataka,Karnataka,Job,,,,,,,https://www.freejobalert.com/articles/mrpl-assistant-engineer-recruitment-2026-apply-online-for-26-posts-3064064,,,Not Applied,Unverified,aggregator:freejobalert.com,2026-08-27T22:36:41,0.3,Low,Found via aggregator - needs official confirmation,"aggregator,freejobalert,karnataka",2026-08-21T13:33:22,2026-08-31T06:03:44,,New
1855fe8d3939,MRPL Vacancy 2026 - 26 Assistant Engineer PostsMRPL Assistant Engineer Vacancy 2026,,,MRPL,,,,,26,Karnataka,Karnataka,Job,,,,,,,https://www.freejobalert.com/articles/mrpl-assistant-engineer-recruitment-2026-apply-online-for-26-posts-3064064,,,Not Applied,Unverified,aggregator:freejobalert.com,2026-08-31T06:03:42,0.3,Low,Found via aggregator - needs official confirmation,"aggregator,freejobalert,karnataka",2026-08-21T13:33:22,2026-08-31T06:03:44,,New
c1b3ca6cb2bc,DRDO DIBT Vacancy 2026 - 6 Graduate Apprentice PostsDRDO DIBT Graduate Apprentice Vacancy 2026,,,DRDO DIBT,,,,,,Karnataka,Karnataka,Apprenticeship,,,,,,,https://www.freejobalert.com/articles/drdo-dibt-graduate-apprentice-recruitment-2026-apply-offline-3064061,,,Not Applied,Unverified,aggregator:freejobalert.com,2026-08-31T06:03:42,0.3,Low,Found via aggregator - needs official confirmation,"aggregator,freejobalert,karnataka",2026-08-21T13:33:22,2026-08-31T06:03:44,,New
a5d95032a35b,AVNL MTPF Apprentices Online Form 2026,,,AVNL MTPF Apprentices Online Form 2026,,,,,,Karnataka,Karnataka,Apprenticeship,,,,,,,https://www.freejobalert.com/articles/mtpf-apprentices-recruitment-2026-apply-online-for-162-posts-3064107,,,Not Applied,Unverified,aggregator:freejobalert.com,2026-08-27T10:15:43,0.3,Low,Found via aggregator - needs official confirmation,"aggregator,freejobalert",2026-08-21T13:33:22,2026-08-31T06:03:44,,New
1a1db61fb606,24 AUG OPSC Veterinary Assistant Surgeon Online Form 2026 Apply Now,,,24 AUG OPSC Veterinary Assistant Surgeon Online Form 2026 Ap,,,,,24,Karnataka,Karnataka,Job,,,,,,,https://www.freejobalert.com/articles/opsc-veterinary-assistant-surgeon-recruitment-2026-3059256,,,Not Applied,Unverified,aggregator:freejobalert.com,2026-08-21T17:09:01,0.3,Low,Found via aggregator - needs official confirmation,"aggregator,freejobalert,karnataka",2026-08-21T13:33:22,2026-08-31T06:03:44,,New
175e24227062,Delhi Transco Assistant Manager Trainee Online Form 2026,,,Delhi Transco Assistant Manager Trainee Online Form 2026,,,,,,Karnataka,Karnataka,Job,,,,,,,https://www.freejobalert.com/articles/delhi-transco-assistant-manager-trainee-recruitment-2026-apply-online-for-65-posts-3064104,,,Not Applied,Unverified,aggregator:freejobalert.com,2026-08-27T22:36:41,0.3,Low,Found via aggregator - needs official confirmation,"aggregator,freejobalert",2026-08-21T13:33:22,2026-08-31T06:03:44,,New
455ed3b45258,KRCL Apprentice Recruitment 2026 – Apply Online for 134 Graduate & Diploma Posts,,,KRCL Apprentice,,,,,,All India,All India,Apprenticeship,,,,,,,https://www.indgovtjobs.in/2026/08/krcl-apprentice-recruitment.html,,,Not Applied,Verified with Official Notification,aggregator:indgovtjobs.in,2026-08-29T07:24:35,0.7,Low,Found via aggregator - needs official confirmation,"aggregator,indgovtjobs.in,apprenticeship training,diploma jobs,engineer jobs,konkan railway",2026-08-21T13:33:23,2026-08-31T06:03:44,,New
155c1ae7c17e,"South Indian Bank Business Promotion Officer Recruitment 2026 – Online Form, Notification",,,South Indian Bank Business Promotion Officer,,,,,,All India,All India,Job,,,,,,,https://www.indgovtjobs.in/2026/08/south-indian-bank-business-promotion-officer.html,,,Not Applied,Verified with Official Notification,aggregator:indgovtjobs.in,2026-08-31T06:03:44,0.7,Low,Found via aggregator - needs official confirmation,"aggregator,indgovtjobs.in,bank jobs,officer jobs",2026-08-21T17:08:31,2026-08-31T06:03:44,,New
e8dac3df10a2,24 AUG OPSC Veterinary Assistant Surgeon Online Form 2026 Closing Soon,,,24 AUG OPSC Veterinary Assistant Surgeon Online Form 2026 Cl,,,,,24,Karnataka,Karnataka,Job,,,,,,,https://www.freejobalert.com/articles/opsc-veterinary-assistant-surgeon-recruitment-2026-3059256,,,Not Applied,Unverified,aggregator:freejobalert.com,2026-08-23T17:00:42,0.3,Low,Found via aggregator - needs official confirmation,"aggregator,freejobalert,karnataka",2026-08-22T02:04:49,2026-08-31T06:03:44,,New
39b035f61488,24 AUG IOB 250 Local Bank Officer Online Form 2026 Closing Soon,,,24 AUG IOB 250 Local Bank Officer Online Form 2026 Closing S,,,,,24,Karnataka,Karnataka,Job,,,,,,,https://www.freejobalert.com/articles/indian-overseas-bank-lbo-recruitment-2026-apply-online-for-250-local-bank-officer-posts-3061995,,,Not Applied,Unverified,aggregator:freejobalert.com,2026-08-23T17:00:42,0.3,Low,Found via aggregator - needs official confirmation,"aggregator,freejobalert,karnataka",2026-08-22T02:04:49,2026-08-31T06:03:44,,New
39eceb8234be,PSSSB 531 Clerk Online Form 2026,,,PSSSB 531 Clerk Online Form 2026,,,,,531,Karnataka,Karnataka,Job,,,,,,,https://www.freejobalert.com/articles/psssb-clerk-recruitment-2026-apply-online-3037372,,,Not Applied,Unverified,aggregator:freejobalert.com,2026-08-28T22:39:28,0.3,Low,Found via aggregator - needs official confirmation,"aggregator,freejobalert",2026-08-22T07:16:44,2026-08-31T06:03:44,,New
dc1ab2e7cb8f,DDMA Yadgir Vacancy 2026 - 1 District Disaster Management Professional PostsDDMA Yadgir District Disaster Management Professional Vacancy 2026,,,DDMA Yadgir,,,,,,Karnataka,Karnataka,Job,,,,,,,https://www.freejobalert.com/articles/ddma-yadgir-district-disaster-management-professional-recruitment-2026-apply-offline-3064179,,,Not Applied,Unverified,aggregator:freejobalert.com,2026-08-31T06:03:42,0.3,Low,Found via aggregator - needs official confirmation,"aggregator,freejobalert,karnataka",2026-08-22T13:16:40,2026-08-31T06:03:44,,New
9ff2cbb5345a,POWERGRID 270 Apprentices Online Form 2026,,,POWERGRID 270 Apprentices Online Form 2026,,,,,270,Karnataka,Karnataka,Apprenticeship,,,,,,,https://www.freejobalert.com/articles/powergrid-apprentices-recruitment-2026-apply-online-3064109,,,Not Applied,Unverified,aggregator:freejobalert.com,2026-08-31T06:03:43,0.3,Low,Found via aggregator - needs official confirmation,"aggregator,freejobalert",2026-08-22T13:16:40,2026-08-31T06:03:44,,New
26dedffc2306,Northeast Frontier Railway Sports Quota Recruitment 2026 – Apply Online for 56 Posts | Last Date 24-08-2026,,,Northeast Frontier Railway Sports Quota,,,,,56,All India,All India,Job,,2026-08-24,,,,,https://www.indgovtjobs.in/2026/07/northeast-frontier-railway-sports-quota.html,,,Not Applied,Application Closed,aggregator:indgovtjobs.in,2026-08-29T16:57:24,0.7,Low,Found via aggregator - needs official confirmation,"aggregator,indgovtjobs.in,railway jobs,sports vacancies",2026-08-22T13:16:42,2026-08-31T06:03:44,-7,Expired
5197761f9c36,IBPS Clerk Notification 2026 – Apply Online for 11403+ Posts | Last Date extended up to 28-08-2026,,,IBPS Clerk Notification 2026 – Apply Online for 11403+ Posts,,,,,11403,All India,All India,Job,,,,,,,https://www.indgovtjobs.in/2026/07/IBPS-Clerk-Notification.html,,,Not Applied,Verified with Official Notification,aggregator:indgovtjobs.in,2026-08-24T02:14:56,0.7,Low,Found via aggregator - needs official confirmation,"aggregator,indgovtjobs.in,bank jobs,clerk jobs,ibps,new",2026-08-22T16:58:03,2026-08-31T06:03:44,,New
166b89702239,26 AUG SAIL RSP 1110 Apprentice Online Form 2026 Apply Now,,,26 AUG SAIL RSP 1110 Apprentice Online Form 2026 Apply Now,,,,,26,Karnataka,Karnataka,Apprenticeship,,,,,,,https://www.freejobalert.com/articles/sail-rsp-apprentice-recruitment-2026-apply-online-for-1110-posts-3059166,,,Not Applied,Unverified,aggregator:freejobalert.com,2026-08-23T17:00:42,0.3,Low,Found via aggregator - needs official confirmation,"aggregator,freejobalert,karnataka",2026-08-23T02:16:04,2026-08-31T06:03:44,,New
7005638bdcc2,26 AUG SAIL RSP 1110 Apprentice Online Form 2026 Closing Soon,,,26 AUG SAIL RSP 1110 Apprentice Online Form 2026 Closing Soo,,,,,26,Karnataka,Karnataka,Apprenticeship,,,,,,,https://www.freejobalert.com/articles/sail-rsp-apprentice-recruitment-2026-apply-online-for-1110-posts-3059166,,,Not Applied,Unverified,aggregator:freejobalert.com,2026-08-26T18:23:08,0.3,Low,Found via aggregator - needs official confirmation,"aggregator,freejobalert,karnataka",2026-08-24T02:14:24,2026-08-31T06:03:44,,New
c2d891fabc59,27 AUG SBI 1538 Clerk (Junior Associate) Online Form 2026 Apply Now,,,27 AUG SBI 1538 Clerk (Junior Associate) Online Form 2026 Ap,,,,,27,Karnataka,Karnataka,Job,,,,,,,https://www.freejobalert.com/articles/sbi-clerk-recruitment-2026-apply-online-for-1538-junior-associate-posts-3061935,,,Not Applied,Unverified,aggregator:freejobalert.com,2026-08-24T17:13:24,0.3,Low,Found via aggregator - needs official confirmation,"aggregator,freejobalert,karnataka",2026-08-24T02:14:24,2026-08-31T06:03:44,,New
c94671eb8650,"East Coast Railway 1,599 Act Apprentice Online Form 2026",,,"East Coast Railway 1,599 Act Apprentice Online Form 2026",,,,,599,Karnataka,Karnataka,Apprenticeship,,,,,,,https://www.freejobalert.com/articles/east-coast-railway-act-apprentice-recruitment-2026-apply-online-for-1599-posts-3064234,,,Not Applied,Unverified,aggregator:freejobalert.com,2026-08-31T06:03:43,0.3,Low,Found via aggregator - needs official confirmation,"aggregator,freejobalert",2026-08-24T07:46:34,2026-08-31T06:03:44,,New
19ac515ed3c3,IBPS Clerk Notification 2026 – Apply Online for 11403+ Posts | Last Date 28-08-2026,,,IBPS Clerk Notification 2026 – Apply Online for 11403+ Posts,,,,,11403,All India,All India,Job,,2026-08-28,,,,,https://www.indgovtjobs.in/2026/07/IBPS-Clerk-Notification.html,,,Not Applied,Application Closed,aggregator:indgovtjobs.in,2026-08-31T06:03:44,0.7,Low,Found via aggregator - needs official confirmation,"aggregator,indgovtjobs.in,bank jobs,clerk jobs,ibps",2026-08-24T07:46:36,2026-08-31T06:03:44,-3,Expired
bcfb0c8efe3b,Federal Bank Sales Officer Online Form 2026,,,Federal Bank Sales Officer Online Form 2026,,,,,,Karnataka,Karnataka,Job,,,,,,,https://www.freejobalert.com/articles/federal-bank-sales-officer-recruitment-2026-apply-online-3064357,,,Not Applied,Unverified,aggregator:freejobalert.com,2026-08-31T06:03:43,0.3,Low,Found via aggregator - needs official confirmation,"aggregator,freejobalert",2026-08-24T13:38:33,2026-08-31T06:03:44,,New
03a5d707eb50,Federal Bank Vacancy 2026 - Sales Officer PostsFederal Bank Sales Officer Vacancy 2026,,,Federal Bank,,,,,,Karnataka,Karnataka,Job,,,,,,,https://www.freejobalert.com/articles/federal-bank-sales-officer-recruitment-2026-apply-online-3064357,,,Not Applied,Unverified,aggregator:freejobalert.com,2026-08-31T06:03:42,0.3,Low,Found via aggregator - needs official confirmation,"aggregator,freejobalert,karnataka",2026-08-24T13:38:33,2026-08-31T06:03:44,,New
33817810bb85,"BRIC INSTEM Vacancy 2026 - 14 Management Assistant, Technical Assistant and More PostsBRIC INSTEM Vacancy 2026",,,BRIC INSTEM,,,,,14,Karnataka,Karnataka,Job,,,,,,,https://www.freejobalert.com/articles/bric-instem-recruitment-2026-apply-online-for-14-management-assistant-technical-assistant-and-more-posts-3064349,,,Not Applied,Unverified,aggregator:freejobalert.com,2026-08-25T17:15:24,0.3,Low,Found via aggregator - needs official confirmation,"aggregator,freejobalert,karnataka",2026-08-24T13:38:33,2026-08-31T06:03:44,,New
531f941e3a51,SGTPS MPPGCL ITI Apprentice Online Form 2026,,,SGTPS MPPGCL ITI Apprentice Online Form 2026,,,,,,Karnataka,Karnataka,Apprenticeship,,,,,,,https://www.freejobalert.com/articles/sgtps-mppgcl-iti-apprentice-recruitment-2026-apply-online-for-95-posts-3064346,,,Not Applied,Unverified,aggregator:freejobalert.com,2026-08-30T17:02:23,0.3,Low,Found via aggregator - needs official confirmation,"aggregator,freejobalert",2026-08-24T13:38:33,2026-08-31T06:03:44,,New
43bed7a6ea00,Visakhapatnam Port Authority Trade Apprentice Online Form 2026,,,Visakhapatnam Port Authority Trade Apprentice Online Form 20,,,,,,Karnataka,Karnataka,Apprenticeship,,,,,,,https://www.freejobalert.com/articles/visakhapatnam-port-authority-trade-apprentice-recruitment-2026-apply-online-for-20-posts-3064324,,,Not Applied,Unverified,aggregator:freejobalert.com,2026-08-29T07:24:35,0.3,Low,Found via aggregator - needs official confirmation,"aggregator,freejobalert",2026-08-24T13:38:33,2026-08-31T06:03:44,,New
6d373eca2d87,MAHATRANSCO Apprentice Online Form 2026,,,MAHATRANSCO Apprentice Online Form 2026,,,,,,Karnataka,Karnataka,Apprenticeship,,,,,,,https://www.freejobalert.com/articles/mahatransco-apprentice-recruitment-2026-apply-online-for-68-posts-3064316,,,Not Applied,Unverified,aggregator:freejobalert.com,2026-08-29T07:24:35,0.3,Low,Found via aggregator - needs official confirmation,"aggregator,freejobalert",2026-08-24T13:38:33,2026-08-31T06:03:44,,New
f3acc9abd529,GPRB Technical Operator and More Posts OMR Sheet 2026,,,GPRB Technical Operator and More Posts OMR Sheet 2026,,,,,,Karnataka,Karnataka,Job,,,,,,,https://www.freejobalert.com/articles/gprb-technical-operator-and-more-posts-omr-sheet-2026-3064392,,,Not Applied,Unverified,aggregator:freejobalert.com,2026-08-31T06:03:43,0.3,Low,Found via aggregator - needs official confirmation,"aggregator,freejobalert,karnataka",2026-08-24T13:38:33,2026-08-31T06:03:44,,New
4c36b6279da8,Indian Railway Jobs 2026 | New Vacancy Updates,,,Indian Railway Jobs 2026 | New,,,,,,All India,All India,Job,,,,,,,https://www.indgovtjobs.in/2013/09/railway-jobs-recruitment.html,,,Not Applied,Verified with Official Notification,aggregator:indgovtjobs.in,2026-08-31T06:03:44,0.7,Low,Found via aggregator - needs official confirmation,"aggregator,indgovtjobs.in,railway jobs",2026-08-24T13:38:35,2026-08-31T06:03:44,,New
1e31d73544ee,Latest PSU Jobs 2026 – Public Sector Company Vacancy Updates,,,Latest PSU Jobs 2026 – Public Sector Company,,,,,,All India,All India,Job,,,,,,,https://www.indgovtjobs.in/2019/07/PSU-Govt-Jobs.html,,,Not Applied,Verified with Official Notification,aggregator:indgovtjobs.in,2026-08-31T06:03:43,0.7,Low,Found via aggregator - needs official confirmation,"aggregator,indgovtjobs.in,top pages",2026-08-24T13:38:35,2026-08-31T06:03:44,,New
275b302c4c32,"Apprentice Govt Jobs 2026 (8936 ITI, Diploma, Graduate Vacancies)",,,"Apprentice Govt Jobs 2026 (8936 ITI, Diploma, Graduate Vacan",,,,,,All India,All India,Apprenticeship,,,,,,,https://www.indgovtjobs.in/2017/04/Apprentice-Jobs.html,,,Not Applied,Verified with Official Notification,aggregator:indgovtjobs.in,2026-08-31T06:03:44,0.7,Low,Found via aggregator - needs official confirmation,"aggregator,indgovtjobs.in,apprenticeship training,top pages",2026-08-24T13:38:35,2026-08-31T06:03:44,,New
4ee4e9959ae0,Indian Overseas Bank LBO Recruitment 2026 – Apply Online for 250 Posts | Last Date 24-08-2026,,,Indian Overseas Bank LBO,,,,,250,All India,All India,Job,,2026-08-24,,,,,https://www.indgovtjobs.in/2026/08/indian-overseas-bank-lbo-recruitment.html,,,Not Applied,Application Closed,aggregator:indgovtjobs.in,2026-08-31T06:03:44,0.7,Low,Found via aggregator - needs official confirmation,"aggregator,indgovtjobs.in,bank jobs,new,officer jobs",2026-08-24T17:12:55,2026-08-31T06:03:44,-7,Expired
0dab8d827043,27 AUG SBI 1538 Clerk (Junior Associate) Online Form 2026 Closing Soon,,,27 AUG SBI 1538 Clerk (Junior Associate) Online Form 2026 Cl,,,,,27,Karnataka,Karnataka,Job,,,,,,,https://www.freejobalert.com/articles/sbi-clerk-recruitment-2026-apply-online-for-1538-junior-associate-posts-3061935,,,Not Applied,Unverified,aggregator:freejobalert.com,2026-08-27T10:15:43,0.3,Low,Found via aggregator - needs official confirmation,"aggregator,freejobalert,karnataka",2026-08-25T02:10:54,2026-08-31T06:03:44,,New
78434af6e85e,28 AUG IBPS 11403 Clerk Online Form 2026 Apply Now,,,28 AUG IBPS 11403 Clerk Online Form 2026 Apply Now,,,,,28,Karnataka,Karnataka,Job,,,,,,,https://www.freejobalert.com/articles/ibps-clerk-recruitment-2026-apply-online-for-crp-csa-xvi-posts-3060464,,,Not Applied,Unverified,aggregator:freejobalert.com,2026-08-25T17:15:24,0.3,Low,Found via aggregator - needs official confirmation,"aggregator,freejobalert,karnataka",2026-08-25T02:10:54,2026-08-31T06:03:44,,New
2c65332f4c72,28 AUG TNSTC 1518 Apprentice Online Form 2026 Apply Now,,,28 AUG TNSTC 1518 Apprentice Online Form 2026 Apply Now,,,,,28,Karnataka,Karnataka,Apprenticeship,,,,,,,https://www.freejobalert.com/articles/tnstc-apprentice-recruitment-2026-apply-online-for-1518-graduate-and-diploma-apprentice-posts-3060678,,,Not Applied,Unverified,aggregator:freejobalert.com,2026-08-25T17:15:24,0.3,Low,Found via aggregator - needs official confirmation,"aggregator,freejobalert,karnataka",2026-08-25T02:10:54,2026-08-31T06:03:44,,New
28423ce6f7e8,Karnataka 140 SWRT Teacher Online Form 2026,,,Karnataka 140 SWRT Teacher Online Form 2026,,,,,140,Karnataka,Karnataka,Job,,,,,,,https://www.freejobalert.com/articles/karnataka-swrt-teacher-recruitment-2026-apply-online-for-140-social-welfare-residential-school-teacher-posts-3064469,,,Not Applied,Unverified,aggregator:freejobalert.com,2026-08-31T06:03:42,0.3,Low,Found via aggregator - needs official confirmation,"aggregator,freejobalert,karnataka",2026-08-25T07:35:31,2026-08-31T06:03:44,,New
9fba648c0416,KEA Vacancy 2026 - 140 Social Welfare Residential School Teacher PostsKEA Social Welfare Residential School Teacher Vacancy 2026,,,KEA,,,,,140,Karnataka,Karnataka,Job,,,,,,,https://www.freejobalert.com/articles/karnataka-swrt-teacher-recruitment-2026-apply-online-for-140-social-welfare-residential-school-teacher-posts-3064469,,,Not Applied,Unverified,aggregator:freejobalert.com,2026-08-31T06:03:42,0.3,Low,Found via aggregator - needs official confirmation,"aggregator,freejobalert,karnataka",2026-08-25T07:35:31,2026-08-31T06:03:44,,New
d537fe435462,"Sahitya Akademi Vacancy 2026 - 30 Clerk, MTS and More PostsSahitya Akademi Vacancy 2026",,,Sahitya Akademi,,,,,30,Karnataka,Karnataka,Job,,,,,,,https://www.freejobalert.com/articles/sahitya-akademi-recruitment-2026-apply-online-for-30-clerk-mts-and-more-posts-3063652,,,Not Applied,Unverified,aggregator:freejobalert.com,2026-08-31T06:03:42,0.3,Low,Found via aggregator - needs official confirmation,"aggregator,freejobalert,karnataka",2026-08-25T07:35:31,2026-08-31T06:03:44,,New
c94897bd8a02,"CONCOR MT, Assistant Officer Online Form 2026",,,"CONCOR MT, Assistant Officer Online Form 2026",,,,,,Karnataka,Karnataka,Job,,,,,,,https://www.freejobalert.com/articles/concor-recruitment-2026-apply-online-for-77-management-trainee-and-assistant-officer-posts-3064451,,,Not Applied,Unverified,aggregator:freejobalert.com,2026-08-31T06:03:43,0.3,Low,Found via aggregator - needs official confirmation,"aggregator,freejobalert",2026-08-25T07:35:31,2026-08-31T06:03:44,,New
c3190761fcc2,Bhavnagar Municipal Corporation Various Posts Online Form 2026,,,Bhavnagar Municipal Corporation,,,,,,Karnataka,Karnataka,Job,,,,,,,https://www.freejobalert.com/articles/bhavnagar-municipal-corporation-recruitment-2026-apply-online-for-80-mphw-executive-engineer-and-more-posts-3064502,,,Not Applied,Unverified,aggregator:freejobalert.com,2026-08-31T06:03:43,0.3,Low,Found via aggregator - needs official confirmation,"aggregator,freejobalert",2026-08-25T07:35:31,2026-08-31T06:03:44,,New
5a01ca9f061a,IOCL Production Manager Recruitment 2026 – Notification Out,,,IOCL Production Manager,,,,,,All India,All India,Job,,,,,,,https://www.indgovtjobs.in/2026/08/iocl-production-manager-recruitment.html,,,Not Applied,Verified with Official Notification,aggregator:indgovtjobs.in,2026-08-31T06:03:44,0.7,Low,Found via aggregator - needs official confirmation,"aggregator,indgovtjobs.in,iocl,manager jobs",2026-08-25T07:35:33,2026-08-31T06:03:44,,New
4c1b6a8aa6e1,IBPS: NMDFC Recruitment of Company Secretary cum Chief Manager Registration From 25-Aug-2026,,Institute of Banking Personnel Selection,IBPS,,,,,,All India,All India,Exam,,,,,https://www.ibps.in/index.php/recruitment/,,https://ibpsreg.ibps.in/nmdfcjul26/,,,Not Applied,Verified with Official Website,official:ibps.in,2026-08-31T06:03:42,0.85,Low,,"ibps,banking,central",2026-08-25T13:35:26,2026-08-31T06:03:44,,New
8838e703763f,IBPS: IOB Recruitment of Security Guards Registration From 25-Aug-2026,,Institute of Banking Personnel Selection,IBPS,,,,,,All India,All India,Exam,,,,,https://www.ibps.in/index.php/recruitment/,,https://ibpsreg.ibps.in/iobsgaug26/,,,Not Applied,Verified with Official Website,official:ibps.in,2026-08-31T06:03:42,0.85,Low,,"ibps,banking,central",2026-08-25T13:35:26,2026-08-31T06:03:44,,New
90532fbac429,IBPS: NMDFC Recruitment of Company Secretary cum Chief Manager 25-Aug-2026 23-Sep-2026,,Institute of Banking Personnel Selection,IBPS,,,,,,All India,All India,Exam,,,,,https://www.ibps.in/index.php/recruitment/,,https://ibpsreg.ibps.in/nmdfcjul26/,,,Not Applied,Verified with Official Website,official:ibps.in,2026-08-31T06:03:42,0.85,Low,,"ibps,banking,central",2026-08-25T13:35:28,2026-08-31T06:03:44,,New
62a393ea73c1,IBPS: IOB Recruitment of Security Guards 25-Aug-2026 14-Sep-2026,,Institute of Banking Personnel Selection,IBPS,,,,,,All India,All India,Exam,,,,,https://www.ibps.in/index.php/recruitment/,,https://ibpsreg.ibps.in/iobsgaug26/,,,Not Applied,Verified with Official Website,official:ibps.in,2026-08-31T06:03:42,0.85,Low,,"ibps,banking,central",2026-08-25T13:35:28,2026-08-31T06:03:44,,New
072fe4866d8c,IBPS: RCF Recruitment of Management Trainees 08-Aug-2025 10-Sep-2026,,Institute of Banking Personnel Selection,IBPS,,,,,,All India,All India,Exam,,,,,https://www.ibps.in/index.php/recruitment/,,https://ibpsreg.ibps.in/rcfmtfeb26/,,,Not Applied,Verified with Official Website,official:ibps.in,2026-08-31T06:03:42,0.85,Low,,"ibps,banking,central",2026-08-25T13:35:28,2026-08-31T06:03:44,,New
5203afbd26be,DRDO DIBT Vacancy 2026 - 5 Research Associate & Junior Research Fellow PostsDRDO DIBT Research Associate & Junior Research Fellow Vacancy 2026,,,DRDO DIBT,,,,,,Karnataka,Karnataka,Job,,,,,,,https://www.freejobalert.com/articles/drdo-dibt-recruitment-2026-apply-offline-for-research-associate-junior-research-fellow-posts-3064544,,,Not Applied,Unverified,aggregator:freejobalert.com,2026-08-31T06:03:42,0.3,Low,Found via aggregator - needs official confirmation,"aggregator,freejobalert,karnataka",2026-08-25T13:38:13,2026-08-31T06:03:44,,New
25d70203224a,HPRCA 780 Assistant Staff Nurse Online Form 2026,,,HPRCA 780 Assistant Staff Nurse Online Form 2026,,,,,780,Karnataka,Karnataka,Job,,,,,,,https://www.freejobalert.com/articles/hprca-assistant-staff-nurse-recruitment-2026-3060019,,,Not Applied,Unverified,aggregator:freejobalert.com,2026-08-29T16:57:24,0.3,Low,Found via aggregator - needs official confirmation,"aggregator,freejobalert",2026-08-25T13:38:13,2026-08-31T06:03:44,,New
297da7dad08c,IOCL Various Posts Online Form 2026,,,IOCL,,,,,,Karnataka,Karnataka,Job,,,,,,,https://www.freejobalert.com/articles/iocl-recruitment-2026-apply-online-for-production-manager-senior-production-manager-and-senior-manager-posts-3064614,,,Not Applied,Unverified,aggregator:freejobalert.com,2026-08-31T06:03:43,0.3,Low,Found via aggregator - needs official confirmation,"aggregator,freejobalert",2026-08-25T13:38:13,2026-08-31T06:03:44,,New
283c6c77b303,UKPSC Veterinary Officer Online Form 2026,,,UKPSC Veterinary Officer Online Form 2026,,,,,,Karnataka,Karnataka,Job,,,,,,,https://www.freejobalert.com/articles/ukpsc-veterinary-officer-recruitment-2026-apply-online-for-25-posts-3064558,,,Not Applied,Unverified,aggregator:freejobalert.com,2026-08-31T06:03:43,0.3,Low,Found via aggregator - needs official confirmation,"aggregator,freejobalert",2026-08-25T13:38:13,2026-08-31T06:03:44,,New
c542da926c52,HPCL Biofuels Limited Recruitment 2026: Apply Offline for 58 Management & Non-Management Posts | Last Date 27-08-2026,,,HPCL Biofuels Limited,,,,,,All India,All India,Job,,2026-08-27,,,,,https://www.indgovtjobs.in/2026/07/hpcl-biofuels-limited-recruitment.html,,,Not Applied,Application Closed,aggregator:indgovtjobs.in,2026-08-31T06:03:44,0.7,Low,Found via aggregator - needs official confirmation,"aggregator,indgovtjobs.in,diploma jobs,engineer jobs,hpcl,iti jobs",2026-08-25T17:14:55,2026-08-31T06:03:44,-4,Expired
85e3bb1ff487,High Court of Patna Assistant Recruitment 2026 - Apply Online for 68 Posts | Last Date 27-08-2026,,,High Court of Patna Assistant,,,,,68,All India,All India,Job,,2026-08-27,,,,,https://www.indgovtjobs.in/2026/07/high-court-of-patna-assistant.html,,,Not Applied,Application Closed,aggregator:indgovtjobs.in,2026-08-31T06:03:44,0.7,Low,Found via aggregator - needs official confirmation,"aggregator,indgovtjobs.in,assistants,court jobs,patna jobs",2026-08-25T17:14:55,2026-08-31T06:03:44,-4,Expired
df61f1e479e1,28 AUG IBPS 11403 Clerk Online Form 2026 Closing Soon,,,28 AUG IBPS 11403 Clerk Online Form 2026 Closing Soon,,,,,28,Karnataka,Karnataka,Job,,,,,,,https://www.freejobalert.com/articles/ibps-clerk-recruitment-2026-apply-online-for-crp-csa-xvi-posts-3060464,,,Not Applied,Unverified,aggregator:freejobalert.com,2026-08-28T11:47:13,0.3,Low,Found via aggregator - needs official confirmation,"aggregator,freejobalert,karnataka",2026-08-26T02:16:48,2026-08-31T06:03:44,,New
c4595299a660,28 AUG TNSTC 1518 Apprentice Online Form 2026 Closing Soon,,,28 AUG TNSTC 1518 Apprentice Online Form 2026 Closing Soon,,,,,28,Karnataka,Karnataka,Apprenticeship,,,,,,,https://www.freejobalert.com/articles/tnstc-apprentice-recruitment-2026-apply-online-for-1518-graduate-and-diploma-apprentice-posts-3060678,,,Not Applied,Unverified,aggregator:freejobalert.com,2026-08-27T10:15:43,0.3,Low,Found via aggregator - needs official confirmation,"aggregator,freejobalert,karnataka",2026-08-26T02:16:48,2026-08-31T06:03:44,,New
9f5741132e03,"CBSL Vacancy 2026 - 10 Assistant Manager / Officer/ Junior Officer, Assistant Vice President PostsCBSL Vacancy 2026",,,CBSL,,,,,10,Karnataka,Karnataka,Job,,,,,,,https://www.freejobalert.com/articles/cbsl-recruitment-2026-apply-online-for-10-assistant-manager-officer-junior-officer-assistant-vice-president-posts-3064690,,,Not Applied,Unverified,aggregator:freejobalert.com,2026-08-31T06:03:42,0.3,Low,Found via aggregator - needs official confirmation,"aggregator,freejobalert,karnataka",2026-08-26T07:34:30,2026-08-31T06:03:44,,New
306035632fe7,BITS Pilani Vacancy 2026 - 6 Visiting Faculty / Sr. Instructor / Instructor PostsBITS Pilani Visiting Faculty / Sr. Instructor / Instructor Vacancy 2026,,,BITS Pilani,,,,,,Karnataka,Karnataka,Job,,,,,,,https://www.freejobalert.com/articles/bits-pilani-visiting-faculty-sr-instructor-instructor-recruitment-2026-apply-online-3064673,,,Not Applied,Unverified,aggregator:freejobalert.com,2026-08-31T06:03:42,0.3,Low,Found via aggregator - needs official confirmation,"aggregator,freejobalert,karnataka",2026-08-26T07:34:30,2026-08-31T06:03:44,,New
eac5e3984b81,NIC Scientific/Technical Assistant-A Online Form 2026,,,NIC Scientific/Technical Assistant-A Online Form 2026,,,,,,Karnataka,Karnataka,Job,,,,,,,https://www.freejobalert.com/articles/nic-scientific-technical-assistant-recruitment-2026-apply-online-for-376-posts-3064655,,,Not Applied,Unverified,aggregator:freejobalert.com,2026-08-31T06:03:43,0.3,Low,Found via aggregator - needs official confirmation,"aggregator,freejobalert,karnataka",2026-08-26T07:34:30,2026-08-31T06:03:44,,New
cce3a89aed47,NIC Scientific/Technical AssistantA Online Form 2026,,,NIC Scientific/Technical AssistantA Online Form 2026,,,,,,,,Job,,,,,,,https://www.freejobalert.com/articles/nic-scientific-technical-assistant-recruitment-2026-apply-online-for-376-posts-3064655,,,Not Applied,Unverified,aggregator:freejobalert.com,2026-08-31T06:03:43,0.3,Low,Found via aggregator - needs official confirmation,"aggregator,freejobalert",2026-08-26T07:34:30,2026-08-31T06:03:44,,New
7312dd1ce413,Telangana Anganwadi Teacher and Helper Online Form 2026,,,Telangana Anganwadi Teacher and Helper Online Form 2026,,,,,,Karnataka,Karnataka,Job,,,,,,,https://www.freejobalert.com/articles/telangana-anganwadi-recruitment-2026-apply-online-for-231-anganwadi-teacher-and-helper-posts-3064862,,,Not Applied,Unverified,aggregator:freejobalert.com,2026-08-31T06:03:43,0.3,Low,Found via aggregator - needs official confirmation,"aggregator,freejobalert",2026-08-26T13:43:01,2026-08-31T06:03:44,,New
82ac1921e3b7,DRDO DEBEL Vacancy 2026 - 2 Junior Research Fellow PostsDRDO DEBEL Junior Research Fellow Vacancy 2026,,,DRDO DEBEL,,,,,,Karnataka,Karnataka,Job,,,,,,,https://www.freejobalert.com/articles/drdo-debel-junior-research-fellow-recruitment-2026-apply-online-3064962,,,Not Applied,Unverified,aggregator:freejobalert.com,2026-08-31T06:03:42,0.3,Low,Found via aggregator - needs official confirmation,"aggregator,freejobalert,karnataka",2026-08-27T10:15:11,2026-08-31T06:03:44,,New
d1e363065b15,Zilla Panchayat Raichur Vacancy 2026 - 65 Clerk-cum-DEO and Tax Collector PostsZilla Panchayat Raichur Vacancy 2026,,,Zilla Panchayat Raichur,,,,,65,Karnataka,Karnataka,Job,,,,,,,https://www.freejobalert.com/articles/zilla-panchayat-raichur-recruitment-2026-apply-online-for-65-clerk-cum-deo-and-tax-collector-posts-3064881,,,Not Applied,Unverified,aggregator:freejobalert.com,2026-08-31T06:03:42,0.3,Low,Found via aggregator - needs official confirmation,"aggregator,freejobalert,karnataka",2026-08-27T10:15:11,2026-08-31T06:03:44,,New
c05d36faf125,GACL Apprentice Online Form 2026,,,GACL Apprentice Online Form 2026,,,,,,Karnataka,Karnataka,Apprenticeship,,,,,,,https://www.freejobalert.com/articles/gacl-apprentice-recruitment-2026-apply-online-for-iti-diploma-and-graduate-engineer-apprentice-posts-3064954,,,Not Applied,Unverified,aggregator:freejobalert.com,2026-08-31T06:03:43,0.3,Low,Found via aggregator - needs official confirmation,"aggregator,freejobalert",2026-08-27T10:15:11,2026-08-31T06:03:44,,New
0d11467ce2d7,30 AUG JSSC JTAACCE 7299 Para Teacher Online Form 2026 Apply Now,,,30 AUG JSSC JTAACCE 7299 Para Teacher Online Form 2026 Apply,,,,,30,Karnataka,Karnataka,Job,,,,,,,https://www.freejobalert.com/articles/jssc-jtaacce-para-teacher-recruitment-2026-3059915,,,Not Applied,Unverified,aggregator:freejobalert.com,2026-08-27T10:15:43,0.3,Low,Found via aggregator - needs official confirmation,"aggregator,freejobalert,karnataka",2026-08-27T10:15:11,2026-08-31T06:03:44,,New
ab5a005edf56,RRC WR Sports Quota Online Form 2026,,,RRC WR Sports Quota Online Form 2026,,,,,,Karnataka,Karnataka,Job,,,,,,,https://www.freejobalert.com/articles/rrc-wr-sports-quota-recruitment-2026-apply-online-for-64-posts-3064914,,,Not Applied,Unverified,aggregator:freejobalert.com,2026-08-31T06:03:43,0.3,Low,Found via aggregator - needs official confirmation,"aggregator,freejobalert",2026-08-27T10:15:11,2026-08-31T06:03:44,,New
c972616abad2,NFC 431 ITI Trade Apprentice Online Form 2026,,,NFC 431 ITI Trade Apprentice Online Form 2026,,,,,431,Karnataka,Karnataka,Apprenticeship,,,,,,,https://www.freejobalert.com/articles/nfc-iti-trade-apprentice-recruitment-2026-apply-online-for-431posts-3064870,,,Not Applied,Unverified,aggregator:freejobalert.com,2026-08-31T06:03:43,0.3,Low,Found via aggregator - needs official confirmation,"aggregator,freejobalert",2026-08-27T10:15:11,2026-08-31T06:03:44,,New
c7aff53fcb87,"DGQA Technician Recruitment 2026 – Application Form, Notification, 15 Posts | Last Date 28-08-2026",,,DGQA Technician,,,,,15,All India,All India,Job,,2026-08-28,,,,,https://www.indgovtjobs.in/2026/07/dgqa-technician-recruitment.html,,,Not Applied,Application Closed,aggregator:indgovtjobs.in,2026-08-31T06:03:44,0.7,Low,Found via aggregator - needs official confirmation,"aggregator,indgovtjobs.in,chennai jobs,defence jobs,iti jobs,technician jobs",2026-08-27T10:15:12,2026-08-31T06:03:44,-3,Expired
aa06dd537a56,HEMRL Pune Apprentice Recruitment 2026 - Apply for 50 Posts | Last Date 28-08-2026,,,HEMRL Pune Apprentice,,,,,50,Maharashtra,Maharashtra,Apprenticeship,,2026-08-28,,,,,https://www.indgovtjobs.in/2026/08/hemrl-pune-apprentice-recruitment-2026.html,,,Not Applied,Application Closed,aggregator:indgovtjobs.in,2026-08-31T06:03:44,0.7,Low,Found via aggregator - needs official confirmation,"aggregator,indgovtjobs.in,apprenticeship training,defence jobs,pune jobs",2026-08-27T10:15:12,2026-08-31T06:03:44,-3,Expired
6c753603f164,ISRO ICRB 175 Scientist/Engineer Online Form 2026,,,ISRO ICRB 175 Scientist/Engineer Online Form 2026,,,,,175,Karnataka,Karnataka,Job,,,,,,,https://www.freejobalert.com/articles/isro-icrb-scientist-engineer-recruitment-2026-apply-online-for-175-posts-3065062,,,Not Applied,Unverified,aggregator:freejobalert.com,2026-08-31T06:03:42,0.3,Low,Found via aggregator - needs official confirmation,"aggregator,freejobalert,karnataka",2026-08-27T22:36:10,2026-08-31T06:03:44,,New
09a96785746c,ISRO ICRB Vacancy 2026 - 175 Scientist/Engineer PostsISRO ICRB Scientist/Engineer Vacancy 2026,,,ISRO ICRB,,,,,175,Karnataka,Karnataka,Job,,,,,,,https://www.freejobalert.com/articles/isro-icrb-scientist-engineer-recruitment-2026-apply-online-for-175-posts-3065062,,,Not Applied,Unverified,aggregator:freejobalert.com,2026-08-31T06:03:42,0.3,Low,Found via aggregator - needs official confirmation,"aggregator,freejobalert,karnataka",2026-08-27T22:36:10,2026-08-31T06:03:44,,New
639e13dca33a,KPSC Vacancy 2026 - 15 Audit Officer PostsKPSC Audit Officer Vacancy 2026,,,KPSC,,,,,15,Karnataka,Karnataka,Job,,,,,,,https://www.freejobalert.com/articles/kpsc-audit-officer-recruitment-2026-apply-online-for-15-posts-3065054,,,Not Applied,Unverified,aggregator:freejobalert.com,2026-08-31T06:03:42,0.3,Low,Found via aggregator - needs official confirmation,"aggregator,freejobalert,karnataka",2026-08-27T22:36:10,2026-08-31T06:03:44,,New
5d46bcaf3a2c,"RNU DDK Bengaluru Vacancy 2026 - 4 Broadcast Assistant, CG Operator and More PostsRNU DDK Bengaluru Vacancy 2026",,,RNU DDK Bengaluru,,,,,,Karnataka,Karnataka,Job,,,,,,,https://www.freejobalert.com/articles/rnu-ddk-bengaluru-recruitment-2026-apply-online-for-broadcast-assistant-cg-operator-and-more-posts-3064999,,,Not Applied,Unverified,aggregator:freejobalert.com,2026-08-31T06:03:42,0.3,Low,Found via aggregator - needs official confirmation,"aggregator,freejobalert,karnataka",2026-08-27T22:36:10,2026-08-31T06:03:44,,New
1f4574caae7d,30 AUG JSSC JTAACCE 7299 Para Teacher Online Form 2026 Closing Soon,,,30 AUG JSSC JTAACCE 7299 Para Teacher Online Form 2026 Closi,,,,,30,Karnataka,Karnataka,Job,,,,,,,https://www.freejobalert.com/articles/jssc-jtaacce-para-teacher-recruitment-2026-3059915,,,Not Applied,Unverified,aggregator:freejobalert.com,2026-08-30T17:02:23,0.3,Low,Found via aggregator - needs official confirmation,"aggregator,freejobalert,karnataka",2026-08-27T22:36:10,2026-08-31T06:03:44,,New
665d2cc2d83d,31 AUG SBI 9124 Clerk Online Form 2026 Apply Now,,,31 AUG SBI 9124 Clerk Online Form 2026 Apply Now,,,,,31,Karnataka,Karnataka,Job,,,,,,,https://www.freejobalert.com/articles/sbi-junior-associate-clerk-recruitment-2026-apply-online-for-9124-posts-3062434,,,Not Applied,Unverified,aggregator:freejobalert.com,2026-08-28T11:47:13,0.3,Low,Found via aggregator - needs official confirmation,"aggregator,freejobalert,karnataka",2026-08-27T22:36:10,2026-08-31T06:03:44,,New
7030c1f74058,KPSC Audit Officer Online Form 2026,,,KPSC Audit Officer Online Form 2026,,,,,,Karnataka,Karnataka,Job,,,,,,,https://www.freejobalert.com/articles/kpsc-audit-officer-recruitment-2026-apply-online-for-15-posts-3065054,,,Not Applied,Unverified,aggregator:freejobalert.com,2026-08-31T06:03:43,0.3,Low,Found via aggregator - needs official confirmation,"aggregator,freejobalert",2026-08-27T22:36:10,2026-08-31T06:03:44,,New
560cb3d4e598,NFC Hyderabad Apprentice Online Form 2026,,,NFC Hyderabad Apprentice Online Form 2026,,,,,,Karnataka,Karnataka,Apprenticeship,,,,,,,https://www.freejobalert.com/articles/nfc-hyderabad-apprentice-recruitment-2026-apply-online-for-106-posts-3065020,,,Not Applied,Unverified,aggregator:freejobalert.com,2026-08-31T06:03:43,0.3,Low,Found via aggregator - needs official confirmation,"aggregator,freejobalert",2026-08-27T22:36:10,2026-08-31T06:03:44,,New
3ed081ed20e0,KPSC Assistant Controller & Audit Officer Online Form 2026,,,KPSC Assistant Controller & Audit Officer Online Form 2026,,,,,,Karnataka,Karnataka,Job,,,,,,,https://www.freejobalert.com/articles/kpsc-recruitment-2026-apply-online-for-68-assistant-controller-audit-officer-posts-3065091,,,Not Applied,Unverified,aggregator:freejobalert.com,2026-08-31T06:03:42,0.3,Low,Found via aggregator - needs official confirmation,"aggregator,freejobalert,karnataka",2026-08-28T11:46:42,2026-08-31T06:03:44,,New
c9f2d78e51f3,"Zilla Panchayat Shivamogga Vacancy 2026 - 52 Bill Collector, Data Entry Operator PostsZilla Panchayat Shivamogga Vacancy 2026",,,Zilla Panchayat Shivamogga,,,,,52,Karnataka,Karnataka,Job,,,,,,,https://www.freejobalert.com/articles/zilla-panchayat-shivamogga-recruitment-2026-apply-offline-for-52-bill-collector-data-entry-operator-posts-3065192,,,Not Applied,Unverified,aggregator:freejobalert.com,2026-08-31T06:03:42,0.3,Low,Found via aggregator - needs official confirmation,"aggregator,freejobalert,karnataka",2026-08-28T11:46:42,2026-08-31T06:03:44,,New
6e18194b50d1,"KPSC Vacancy 2026 - 68 Assistant Controller, Audit Officer PostsKPSC Vacancy 2026",,,KPSC,,,,,68,Karnataka,Karnataka,Job,,,,,,,https://www.freejobalert.com/articles/kpsc-recruitment-2026-apply-online-for-68-assistant-controller-audit-officer-posts-3065091,,,Not Applied,Unverified,aggregator:freejobalert.com,2026-08-31T06:03:42,0.3,Low,Found via aggregator - needs official confirmation,"aggregator,freejobalert,karnataka",2026-08-28T11:46:42,2026-08-31T06:03:44,,New
2af8557cdcf7,OSSSC Radiographer Online Form 2026,,,OSSSC Radiographer Online Form 2026,,,,,,Karnataka,Karnataka,Job,,,,,,,https://www.freejobalert.com/articles/osssc-group-c-recruitment-2026-apply-online-for-240-radiographer-posts-3065195,,,Not Applied,Unverified,aggregator:freejobalert.com,2026-08-28T22:39:28,0.3,Low,Found via aggregator - needs official confirmation,"aggregator,freejobalert,karnataka",2026-08-28T11:46:42,2026-08-31T06:03:44,,New
b39a5c8a1074,CCS HAU Apprentice Online Form 2026,,,CCS HAU Apprentice Online Form 2026,,,,,,Karnataka,Karnataka,Apprenticeship,,,,,,,https://www.freejobalert.com/articles/ccs-hau-apprentice-recruitment-2026-apply-online-for-377-posts-3065126,,,Not Applied,Unverified,aggregator:freejobalert.com,2026-08-31T06:03:43,0.3,Low,Found via aggregator - needs official confirmation,"aggregator,freejobalert,karnataka",2026-08-28T11:46:42,2026-08-31T06:03:44,,New
06a75d4f76b4,DRRMLIMS Non Teaching Recruitment 2026 – Apply Online for 74 Posts,,,DRRMLIMS Non Teaching,,,,,74,Uttar Pradesh,Uttar Pradesh,Job,,,,,,,https://www.indgovtjobs.in/2026/08/drrmlims-non-teaching-recruitment-2026.html,,,Not Applied,Verified with Official Notification,aggregator:indgovtjobs.in,2026-08-31T06:03:43,0.7,Low,Found via aggregator - needs official confirmation,"aggregator,indgovtjobs.in,assistants,it jobs,officer jobs,stenographer jobs",2026-08-28T11:46:44,2026-08-31T06:03:44,,New
afc6955c3b71,31 AUG SBI 9124 Clerk Online Form 2026 Closing Soon,,,31 AUG SBI 9124 Clerk Online Form 2026 Closing Soon,,,,,31,Karnataka,Karnataka,Job,,,,,,,https://www.freejobalert.com/articles/sbi-junior-associate-clerk-recruitment-2026-apply-online-for-9124-posts-3062434,,,Not Applied,Unverified,aggregator:freejobalert.com,2026-08-31T06:03:42,0.3,Low,Found via aggregator - needs official confirmation,"aggregator,freejobalert,karnataka",2026-08-28T22:38:57,2026-08-31T06:03:44,,New
99e9c146d882,31 AUG RRC NCR 1853 Apprentice Online Form 2026 Closing Soon,,,31 AUG RRC NCR 1853 Apprentice Online Form 2026 Closing Soon,,,,,31,Karnataka,Karnataka,Apprenticeship,,,,,,,https://www.freejobalert.com/articles/rrc-ncr-apprentice-recruitment-2026-apply-online-for-1853-posts-3057253,,,Not Applied,Unverified,aggregator:freejobalert.com,2026-08-31T06:03:42,0.3,Low,Found via aggregator - needs official confirmation,"aggregator,freejobalert,karnataka",2026-08-28T22:38:57,2026-08-31T06:03:44,,New
df008702f6fd,BEL Vacancy 2026 - Industrial Trainee PostsBEL Industrial Trainee Vacancy 2026,,,BEL,,,,,,Karnataka,Karnataka,Job,,,,,,,https://www.freejobalert.com/articles/bel-industrial-trainee-recruitment-2026-walk-in-3065281,,,Not Applied,Unverified,aggregator:freejobalert.com,2026-08-31T06:03:42,0.3,Low,Found via aggregator - needs official confirmation,"aggregator,freejobalert,karnataka",2026-08-29T07:24:02,2026-08-31T06:03:44,,New
ad6414f44f5d,"STPI Vacancy 2026 - 10 Assistant, Administrative Officer and More Posts PostsSTPI Vacancy 2026",,,STPI,,,,,10,Karnataka,Karnataka,Job,,,,,,,https://www.freejobalert.com/articles/stpi-recruitment-2026-apply-online-for-10-assistant-administrative-officer-and-more-posts-3065261,,,Not Applied,Unverified,aggregator:freejobalert.com,2026-08-31T06:03:42,0.3,Low,Found via aggregator - needs official confirmation,"aggregator,freejobalert,karnataka",2026-08-29T07:24:02,2026-08-31T06:03:44,,New
7456c1533d89,"IOB Vacancy 2026 - 291 Manager, Assistant Manager and More PostsIOB Vacancy 2026",,,IOB,,,,,291,Karnataka,Karnataka,Job,,,,,,,https://www.freejobalert.com/articles/iob-generalist-so-recruitment-2026-apply-online-for-291-manager-assistant-manager-and-senior-manager-posts-3065221,,,Not Applied,Unverified,aggregator:freejobalert.com,2026-08-31T06:03:42,0.3,Low,Found via aggregator - needs official confirmation,"aggregator,freejobalert,karnataka",2026-08-29T07:24:02,2026-08-31T06:03:44,,New
2eaf58c92a87,OSSSC 240 Radiographer Online Form 2026,,,OSSSC 240 Radiographer Online Form 2026,,,,,240,Karnataka,Karnataka,Job,,,,,,,https://www.freejobalert.com/articles/osssc-group-c-recruitment-2026-apply-online-for-240-radiographer-posts-3065195,,,Not Applied,Unverified,aggregator:freejobalert.com,2026-08-31T06:03:43,0.3,Low,Found via aggregator - needs official confirmation,"aggregator,freejobalert,karnataka",2026-08-29T07:24:02,2026-08-31T06:03:44,,New
2de3b6b51b91,UCO Bank Manager Online Form 2026,,,UCO Bank Manager Online Form 2026,,,,,,Karnataka,Karnataka,Job,,,,,,,https://www.freejobalert.com/articles/uco-bank-manager-recruitment-2026-apply-online-for-20-posts-3065315,,,Not Applied,Unverified,aggregator:freejobalert.com,2026-08-31T06:03:42,0.3,Low,Found via aggregator - needs official confirmation,"aggregator,freejobalert,karnataka",2026-08-29T16:56:52,2026-08-31T06:03:44,,New
50b84e58d0ff,Gujarat Police 3000 Lokrakshak Cadre Online Form 2026,,,Gujarat Police 3000 Lokrakshak Cadre Online Form 2026,,,,,3000,Karnataka,Karnataka,Job,,,,,,,https://www.freejobalert.com/articles/gujarat-police-lokrakshak-cadre-recruitment-2026-apply-online-for-3000-posts-3065349,,,Not Applied,Unverified,aggregator:freejobalert.com,2026-08-31T06:03:43,0.3,Low,Found via aggregator - needs official confirmation,"aggregator,freejobalert,karnataka",2026-08-29T16:56:52,2026-08-31T06:03:44,,New
c427a609cd83,"IIM Indore Engineers, Technical Experts and More Posts Offline Form 2026",,,"IIM Indore Engineers, Technical Experts and More Posts Offli",,,,,,Karnataka,Karnataka,Job,,,,,,,https://www.freejobalert.com/articles/iim-indore-recruitment-2026-apply-offline-for-107-engineers-technical-experts-and-more-posts-3065295,,,Not Applied,Unverified,aggregator:freejobalert.com,2026-08-31T06:03:43,0.3,Low,Found via aggregator - needs official confirmation,"aggregator,freejobalert,karnataka",2026-08-29T16:56:52,2026-08-31T06:03:44,,New
088a9ec81b0f,"Sainik School Ambikapur Recruitment 2026 - Apply for Ward Boy, Band Master, PEM PTI & Lab Assistant Posts",,,Sainik School Ambikapur,,,,,,Chhattisgarh,Chhattisgarh,Job,,,,,,,https://www.indgovtjobs.in/2026/08/sainik-school-ambikapur-recruitment.html,,,Not Applied,Verified with Official Notification,aggregator:indgovtjobs.in,2026-08-31T06:03:43,0.7,Low,Found via aggregator - needs official confirmation,"aggregator,indgovtjobs.in,assistants,chhattisgarh jobs,pti jobs,sainik school",2026-08-29T16:56:54,2026-08-31T06:03:44,,New
176c7312be76,Bank of India 205 SO Online Form 2026,,,Bank of India 205 SO Online Form 2026,,,,,205,Karnataka,Karnataka,Job,,,,,,,https://www.freejobalert.com/articles/bank-of-india-so-recruitment-2026-apply-online-for-205-civil-engineer-officer-and-more-posts-3065400,,,Not Applied,Unverified,aggregator:freejobalert.com,2026-08-31T06:03:42,0.3,Low,Found via aggregator - needs official confirmation,"aggregator,freejobalert,karnataka",2026-08-31T06:03:10,2026-08-31T06:03:44,,New
8c8ea9f3ed6d,IBPS RRB CRP-XV Online Form 2026,,,IBPS RRB CRP-XV Online Form 2026,,,,,,Karnataka,Karnataka,Job,,,,,,,https://www.freejobalert.com/articles/ibps-rrb-crp-xv-recruitment-2026-apply-online-for-officer-office-assistant-posts-3065386,,,Not Applied,Unverified,aggregator:freejobalert.com,2026-08-31T06:03:42,0.3,Low,Found via aggregator - needs official confirmation,"aggregator,freejobalert,karnataka",2026-08-31T06:03:10,2026-08-31T06:03:44,,New
1818bf630467,02 SEP CG Vyapam 1654 Teacher Online Form 2026 Closing Soon,,,02 SEP CG Vyapam 1654 Teacher Online Form 2026 Closing Soon,,,,,02,Karnataka,Karnataka,Job,,,,,,,https://www.freejobalert.com/articles/cg-vyapam-teacher-recruitment-2026-apply-online-for-1654-posts-3062104,,,Not Applied,Unverified,aggregator:freejobalert.com,2026-08-31T06:03:42,0.3,Low,Found via aggregator - needs official confirmation,"aggregator,freejobalert,karnataka",2026-08-31T06:03:10,2026-08-31T06:03:44,,New
7ad9d100a1c1,IBPS RRB CRPXV Online Form 2026,,,IBPS RRB CRPXV Online Form 2026,,,,,,,,Job,,,,,,,https://www.freejobalert.com/articles/ibps-rrb-crp-xv-recruitment-2026-apply-online-for-officer-office-assistant-posts-3065386,,,Not Applied,Unverified,aggregator:freejobalert.com,2026-08-31T06:03:43,0.3,Low,Found via aggregator - needs official confirmation,"aggregator,freejobalert",2026-08-31T06:03:12,2026-08-31T06:03:44,,New
3fbada5d48ea,Bank Jobs 2026: Latest Banking Recruitment 12648 Vacancies,,,Bank Jobs 2026: Latest Banking,,,,,12648,All India,All India,Job,,,,,,,https://www.indgovtjobs.in/2026/08/bank-jobs.html,,,Not Applied,Verified with Official Notification,aggregator:indgovtjobs.in,2026-08-31T06:03:43,0.7,Low,Found via aggregator - needs official confirmation,"aggregator,indgovtjobs.in,top pages",2026-08-31T06:03:13,2026-08-31T06:03:44,,New
